{
  "type": "FeatureCollection",
  "features": [
    {
      "type": "Feature",
      "geometry": {
        "coordinates": [
          [
            -57.621818,
            -38.111183
          ],
          [
            -57.621865,
            -38.111169
          ],
          [
            -57.621916,
            -38.111163
          ],
          [
            -57.621997,
            -38.111167
          ],
          [
            -57.622074,
            -38.111187
          ],
          [
            -57.622143,
            -38.111221
          ],
          [
            -57.622197,
            -38.111268
          ],
          [
            -57.622235,
            -38.111325
          ],
          [
            -57.622254,
            -38.111387
          ],
          [
            -57.622256,
            -38.111419
          ],
          [
            -57.62224,
            -38.111491
          ],
          [
            -57.622198,
            -38.111556
          ],
          [
            -57.622135,
            -38.111608
          ],
          [
            -57.622055,
            -38.111645
          ],
          [
            -57.621965,
            -38.111661
          ],
          [
            -57.62153,
            -38.111791
          ],
          [
            -57.621228,
            -38.111904
          ],
          [
            -57.616173,
            -38.115701
          ],
          [
            -57.615143,
            -38.116486
          ],
          [
            -57.613586,
            -38.117687
          ],
          [
            -57.61236,
            -38.11861
          ],
          [
            -57.61139,
            -38.119361
          ],
          [
            -57.610925,
            -38.119715
          ],
          [
            -57.609517,
            -38.120795
          ],
          [
            -57.608825,
            -38.121325
          ],
          [
            -57.607456,
            -38.122331
          ],
          [
            -57.60679,
            -38.122837
          ],
          [
            -57.606118,
            -38.123347
          ],
          [
            -57.605447,
            -38.123856
          ],
          [
            -57.604764,
            -38.124376
          ],
          [
            -57.603385,
            -38.125424
          ],
          [
            -57.603279,
            -38.125504
          ],
          [
            -57.602644,
            -38.125988
          ],
          [
            -57.602329,
            -38.126227
          ],
          [
            -57.602269,
            -38.126273
          ],
          [
            -57.602153,
            -38.12636
          ],
          [
            -57.601662,
            -38.125864
          ],
          [
            -57.599019,
            -38.123193
          ],
          [
            -57.598401,
            -38.12263
          ],
          [
            -57.598219,
            -38.122456
          ],
          [
            -57.598058,
            -38.1223
          ],
          [
            -57.597088,
            -38.121389
          ],
          [
            -57.595721,
            -38.120069
          ],
          [
            -57.594587,
            -38.118974
          ],
          [
            -57.593958,
            -38.118386
          ],
          [
            -57.593372,
            -38.11784
          ],
          [
            -57.592721,
            -38.117291
          ],
          [
            -57.592396,
            -38.117045
          ],
          [
            -57.59222,
            -38.116912
          ],
          [
            -57.591598,
            -38.116424
          ],
          [
            -57.591376,
            -38.11625
          ],
          [
            -57.590866,
            -38.115851
          ],
          [
            -57.590675,
            -38.115711
          ],
          [
            -57.589772,
            -38.11505
          ],
          [
            -57.58867,
            -38.114244
          ],
          [
            -57.588623,
            -38.114212
          ],
          [
            -57.588485,
            -38.114119
          ],
          [
            -57.588458,
            -38.114099
          ],
          [
            -57.586802,
            -38.112887
          ],
          [
            -57.585955,
            -38.112336
          ],
          [
            -57.585279,
            -38.111966
          ],
          [
            -57.584609,
            -38.11163
          ],
          [
            -57.584369,
            -38.111526
          ],
          [
            -57.584113,
            -38.111407
          ],
          [
            -57.584015,
            -38.111362
          ]
        ],
        "type": "LineString"
      },
      "properties": {
        "linea": "511",
        "ramal": "ACANTILADOS",
        "nombre": "Línea 511 - ACANTILADOS"
      }
    },
    {
      "type": "Feature",
      "geometry": {
        "type": "Point",
        "coordinates": [
          -57.6218542,
          -38.111258
        ]
      },
      "properties": {
        "linea": "511",
        "ramal": "ACANTILADOS",
        "numero_camara": "394",
        "direccion": "Avenida Jorge Newbery & Calle 515, Mar del Plata, Provincia de Buenos Aires, Argentina",
        "orden": 591
      }
    },
    {
      "type": "Feature",
      "geometry": {
        "type": "Point",
        "coordinates": [
          -57.5839977,
          -38.111384
        ]
      },
      "properties": {
        "linea": "511",
        "ramal": "ACANTILADOS",
        "numero_camara": "492",
        "direccion": "Ruta Provincial 11 & Calle 461, Mar del Plata, Provincia de Buenos Aires, Argentina",
        "orden": 592
      }
    },
    {
      "type": "Feature",
      "geometry": {
        "coordinates": [
          [
            -57.565184,
            -38.090565
          ],
          [
            -57.565203,
            -38.090581
          ],
          [
            -57.565043,
            -38.090606
          ],
          [
            -57.564047,
            -38.090758
          ],
          [
            -57.562919,
            -38.09093
          ],
          [
            -57.561804,
            -38.0911
          ],
          [
            -57.561654,
            -38.091123
          ],
          [
            -57.56071,
            -38.091267
          ],
          [
            -57.560376,
            -38.091318
          ],
          [
            -57.560192,
            -38.091344
          ],
          [
            -57.560083,
            -38.091359
          ],
          [
            -57.559935,
            -38.091382
          ],
          [
            -57.559596,
            -38.091434
          ],
          [
            -57.558432,
            -38.091614
          ],
          [
            -57.558248,
            -38.091642
          ],
          [
            -57.557314,
            -38.091786
          ],
          [
            -57.556414,
            -38.091925
          ],
          [
            -57.555139,
            -38.092122
          ],
          [
            -57.553813,
            -38.092326
          ],
          [
            -57.552576,
            -38.092517
          ],
          [
            -57.552371,
            -38.092549
          ],
          [
            -57.551289,
            -38.092716
          ],
          [
            -57.550063,
            -38.092905
          ],
          [
            -57.548704,
            -38.093115
          ],
          [
            -57.5488,
            -38.093176
          ],
          [
            -57.548888,
            -38.093232
          ],
          [
            -57.549005,
            -38.093301
          ],
          [
            -57.549122,
            -38.093367
          ],
          [
            -57.549229,
            -38.093502
          ],
          [
            -57.549252,
            -38.093555
          ],
          [
            -57.54926,
            -38.093614
          ],
          [
            -57.549251,
            -38.093673
          ],
          [
            -57.549234,
            -38.093723
          ],
          [
            -57.549199,
            -38.093771
          ],
          [
            -57.549149,
            -38.09381
          ],
          [
            -57.549088,
            -38.093832
          ],
          [
            -57.549011,
            -38.093845
          ],
          [
            -57.548947,
            -38.093845
          ],
          [
            -57.548872,
            -38.093833
          ],
          [
            -57.548741,
            -38.093794
          ],
          [
            -57.548507,
            -38.093652
          ],
          [
            -57.548444,
            -38.093614
          ],
          [
            -57.54816,
            -38.093442
          ],
          [
            -57.547825,
            -38.093241
          ],
          [
            -57.547748,
            -38.093321
          ],
          [
            -57.547745,
            -38.093359
          ],
          [
            -57.547576,
            -38.093541
          ],
          [
            -57.547531,
            -38.093588
          ],
          [
            -57.547479,
            -38.093641
          ],
          [
            -57.5474,
            -38.093706
          ],
          [
            -57.547439,
            -38.093623
          ],
          [
            -57.54752,
            -38.0935
          ],
          [
            -57.547689,
            -38.093329
          ],
          [
            -57.547748,
            -38.093321
          ],
          [
            -57.547825,
            -38.093241
          ],
          [
            -57.547526,
            -38.093057
          ],
          [
            -57.547456,
            -38.093009
          ],
          [
            -57.547224,
            -38.092856
          ],
          [
            -57.547013,
            -38.092693
          ],
          [
            -57.54687,
            -38.09258
          ],
          [
            -57.546741,
            -38.092473
          ],
          [
            -57.546523,
            -38.092264
          ],
          [
            -57.546292,
            -38.092
          ],
          [
            -57.546116,
            -38.091773
          ],
          [
            -57.546035,
            -38.091657
          ],
          [
            -57.545944,
            -38.091502
          ],
          [
            -57.545872,
            -38.091352
          ],
          [
            -57.545804,
            -38.091177
          ],
          [
            -57.545701,
            -38.090925
          ],
          [
            -57.545619,
            -38.090731
          ],
          [
            -57.545519,
            -38.090481
          ],
          [
            -57.545339,
            -38.090071
          ],
          [
            -57.545234,
            -38.089855
          ],
          [
            -57.545173,
            -38.089758
          ],
          [
            -57.545106,
            -38.089674
          ],
          [
            -57.545032,
            -38.0896
          ],
          [
            -57.54492,
            -38.089505
          ],
          [
            -57.544739,
            -38.089353
          ],
          [
            -57.54452,
            -38.089164
          ],
          [
            -57.544367,
            -38.089036
          ],
          [
            -57.544287,
            -38.088968
          ],
          [
            -57.544272,
            -38.088956
          ],
          [
            -57.544196,
            -38.08889
          ],
          [
            -57.544033,
            -38.088749
          ],
          [
            -57.543822,
            -38.08857
          ],
          [
            -57.543746,
            -38.088506
          ],
          [
            -57.54349,
            -38.088285
          ],
          [
            -57.54342,
            -38.088219
          ],
          [
            -57.543381,
            -38.088177
          ],
          [
            -57.543216,
            -38.087998
          ],
          [
            -57.5431,
            -38.087864
          ],
          [
            -57.542998,
            -38.087726
          ],
          [
            -57.542916,
            -38.087605
          ],
          [
            -57.542819,
            -38.087432
          ],
          [
            -57.542702,
            -38.087187
          ],
          [
            -57.54263,
            -38.087038
          ],
          [
            -57.542565,
            -38.086906
          ],
          [
            -57.542437,
            -38.086642
          ],
          [
            -57.542214,
            -38.086142
          ],
          [
            -57.542074,
            -38.085844
          ],
          [
            -57.542029,
            -38.085747
          ],
          [
            -57.54198,
            -38.085642
          ],
          [
            -57.541905,
            -38.08553
          ],
          [
            -57.541825,
            -38.08543
          ],
          [
            -57.541766,
            -38.085367
          ],
          [
            -57.541704,
            -38.085306
          ],
          [
            -57.541544,
            -38.085164
          ],
          [
            -57.541418,
            -38.085051
          ],
          [
            -57.541278,
            -38.084939
          ],
          [
            -57.541163,
            -38.084851
          ],
          [
            -57.54106,
            -38.084766
          ],
          [
            -57.540938,
            -38.084679
          ],
          [
            -57.54055,
            -38.084396
          ],
          [
            -57.539807,
            -38.083838
          ],
          [
            -57.539771,
            -38.083781
          ],
          [
            -57.53975,
            -38.083733
          ],
          [
            -57.53975,
            -38.083699
          ],
          [
            -57.539759,
            -38.083664
          ],
          [
            -57.539774,
            -38.083636
          ],
          [
            -57.53979,
            -38.083613
          ],
          [
            -57.539819,
            -38.083592
          ],
          [
            -57.539847,
            -38.083579
          ],
          [
            -57.539893,
            -38.083574
          ],
          [
            -57.539958,
            -38.083581
          ],
          [
            -57.540038,
            -38.083599
          ],
          [
            -57.54021,
            -38.083651
          ],
          [
            -57.540325,
            -38.083723
          ],
          [
            -57.540462,
            -38.08382
          ],
          [
            -57.540742,
            -38.084022
          ],
          [
            -57.541292,
            -38.083607
          ],
          [
            -57.541798,
            -38.083225
          ],
          [
            -57.542149,
            -38.08296
          ],
          [
            -57.543013,
            -38.082308
          ],
          [
            -57.542263,
            -38.081691
          ],
          [
            -57.541715,
            -38.081244
          ],
          [
            -57.541155,
            -38.080785
          ],
          [
            -57.540453,
            -38.080202
          ],
          [
            -57.540365,
            -38.080129
          ],
          [
            -57.540305,
            -38.080186
          ],
          [
            -57.53961,
            -38.08084
          ],
          [
            -57.539478,
            -38.08096
          ],
          [
            -57.539152,
            -38.08125
          ],
          [
            -57.538944,
            -38.081451
          ],
          [
            -57.538848,
            -38.081568
          ],
          [
            -57.538842,
            -38.081575
          ],
          [
            -57.538778,
            -38.081687
          ],
          [
            -57.538743,
            -38.081763
          ],
          [
            -57.538717,
            -38.081841
          ],
          [
            -57.538696,
            -38.081918
          ],
          [
            -57.538682,
            -38.081992
          ],
          [
            -57.538678,
            -38.08207
          ],
          [
            -57.538684,
            -38.082179
          ],
          [
            -57.538709,
            -38.082282
          ],
          [
            -57.538738,
            -38.082373
          ],
          [
            -57.538775,
            -38.082451
          ],
          [
            -57.538829,
            -38.082536
          ],
          [
            -57.538887,
            -38.082613
          ],
          [
            -57.53898,
            -38.082704
          ],
          [
            -57.539107,
            -38.082825
          ],
          [
            -57.539351,
            -38.083046
          ],
          [
            -57.539579,
            -38.08324
          ],
          [
            -57.539738,
            -38.083358
          ],
          [
            -57.539916,
            -38.083479
          ],
          [
            -57.54021,
            -38.083651
          ],
          [
            -57.540325,
            -38.083723
          ],
          [
            -57.540462,
            -38.08382
          ],
          [
            -57.540742,
            -38.084022
          ],
          [
            -57.541292,
            -38.083607
          ],
          [
            -57.541798,
            -38.083225
          ],
          [
            -57.542149,
            -38.08296
          ],
          [
            -57.543013,
            -38.082308
          ],
          [
            -57.543471,
            -38.081962
          ],
          [
            -57.543871,
            -38.08166
          ],
          [
            -57.544642,
            -38.081077
          ],
          [
            -57.544718,
            -38.08102
          ],
          [
            -57.544726,
            -38.081014
          ],
          [
            -57.545474,
            -38.080449
          ],
          [
            -57.545551,
            -38.080391
          ],
          [
            -57.545568,
            -38.080378
          ],
          [
            -57.546436,
            -38.079723
          ],
          [
            -57.547269,
            -38.079094
          ],
          [
            -57.547297,
            -38.079073
          ],
          [
            -57.548123,
            -38.078449
          ],
          [
            -57.548156,
            -38.078424
          ],
          [
            -57.549019,
            -38.077772
          ],
          [
            -57.54939,
            -38.077487
          ],
          [
            -57.549468,
            -38.077413
          ],
          [
            -57.549526,
            -38.077344
          ],
          [
            -57.549589,
            -38.077255
          ],
          [
            -57.549735,
            -38.077044
          ],
          [
            -57.549819,
            -38.076924
          ],
          [
            -57.549932,
            -38.076764
          ],
          [
            -57.550078,
            -38.076571
          ],
          [
            -57.55017,
            -38.076461
          ],
          [
            -57.550273,
            -38.076351
          ],
          [
            -57.550415,
            -38.076211
          ],
          [
            -57.550524,
            -38.076102
          ],
          [
            -57.550658,
            -38.075969
          ],
          [
            -57.550767,
            -38.075868
          ],
          [
            -57.550848,
            -38.075798
          ],
          [
            -57.55112,
            -38.075586
          ],
          [
            -57.551195,
            -38.07553
          ],
          [
            -57.550541,
            -38.07499
          ],
          [
            -57.549732,
            -38.074304
          ],
          [
            -57.548908,
            -38.073643
          ],
          [
            -57.548088,
            -38.072955
          ],
          [
            -57.54737,
            -38.072358
          ],
          [
            -57.547262,
            -38.072561
          ],
          [
            -57.546877,
            -38.073295
          ],
          [
            -57.546863,
            -38.073322
          ],
          [
            -57.54654,
            -38.073953
          ],
          [
            -57.546467,
            -38.07408
          ],
          [
            -57.54637,
            -38.074245
          ],
          [
            -57.546353,
            -38.074273
          ],
          [
            -57.54623,
            -38.074454
          ],
          [
            -57.546145,
            -38.074566
          ],
          [
            -57.545936,
            -38.074826
          ],
          [
            -57.545717,
            -38.075095
          ],
          [
            -57.545371,
            -38.075519
          ],
          [
            -57.545085,
            -38.075871
          ],
          [
            -57.544921,
            -38.076101
          ],
          [
            -57.544763,
            -38.076323
          ],
          [
            -57.544461,
            -38.076744
          ],
          [
            -57.544038,
            -38.077368
          ],
          [
            -57.543875,
            -38.077621
          ],
          [
            -57.543705,
            -38.077831
          ],
          [
            -57.543614,
            -38.077902
          ],
          [
            -57.543547,
            -38.077948
          ],
          [
            -57.543478,
            -38.077986
          ],
          [
            -57.543403,
            -38.078023
          ],
          [
            -57.543141,
            -38.078145
          ],
          [
            -57.543007,
            -38.078206
          ],
          [
            -57.542971,
            -38.078221
          ],
          [
            -57.542928,
            -38.078232
          ],
          [
            -57.542885,
            -38.078237
          ],
          [
            -57.542848,
            -38.078235
          ],
          [
            -57.542816,
            -38.078227
          ],
          [
            -57.542786,
            -38.078213
          ],
          [
            -57.542766,
            -38.078191
          ],
          [
            -57.542759,
            -38.078174
          ],
          [
            -57.542759,
            -38.078151
          ],
          [
            -57.542764,
            -38.078121
          ],
          [
            -57.542771,
            -38.078079
          ],
          [
            -57.542785,
            -38.078032
          ],
          [
            -57.542812,
            -38.07796
          ],
          [
            -57.542856,
            -38.077844
          ],
          [
            -57.542903,
            -38.077659
          ],
          [
            -57.542979,
            -38.077513
          ],
          [
            -57.543228,
            -38.077059
          ],
          [
            -57.543268,
            -38.076987
          ],
          [
            -57.54335,
            -38.076846
          ],
          [
            -57.543431,
            -38.07674
          ],
          [
            -57.543512,
            -38.076643
          ],
          [
            -57.543584,
            -38.076562
          ],
          [
            -57.543761,
            -38.076385
          ],
          [
            -57.543994,
            -38.076177
          ],
          [
            -57.544215,
            -38.076003
          ],
          [
            -57.54441,
            -38.075847
          ],
          [
            -57.544777,
            -38.075548
          ],
          [
            -57.545062,
            -38.075321
          ],
          [
            -57.545172,
            -38.075224
          ],
          [
            -57.545445,
            -38.074954
          ],
          [
            -57.545494,
            -38.074905
          ],
          [
            -57.545723,
            -38.074639
          ],
          [
            -57.545976,
            -38.074325
          ],
          [
            -57.546004,
            -38.074287
          ],
          [
            -57.546122,
            -38.074108
          ],
          [
            -57.546242,
            -38.073916
          ],
          [
            -57.546271,
            -38.073868
          ],
          [
            -57.546354,
            -38.073721
          ],
          [
            -57.546435,
            -38.073565
          ],
          [
            -57.546629,
            -38.073154
          ],
          [
            -57.546759,
            -38.072842
          ],
          [
            -57.546883,
            -38.072443
          ],
          [
            -57.546899,
            -38.072375
          ],
          [
            -57.546964,
            -38.071951
          ],
          [
            -57.546992,
            -38.071685
          ],
          [
            -57.547014,
            -38.071288
          ],
          [
            -57.547021,
            -38.070853
          ],
          [
            -57.547004,
            -38.070364
          ],
          [
            -57.546982,
            -38.070051
          ],
          [
            -57.546953,
            -38.069535
          ],
          [
            -57.546938,
            -38.068991
          ],
          [
            -57.546932,
            -38.068853
          ],
          [
            -57.546932,
            -38.068823
          ],
          [
            -57.546915,
            -38.068163
          ],
          [
            -57.546897,
            -38.067524
          ],
          [
            -57.546888,
            -38.067319
          ],
          [
            -57.546852,
            -38.066858
          ],
          [
            -57.546806,
            -38.066249
          ],
          [
            -57.546689,
            -38.06597
          ],
          [
            -57.54665,
            -38.065895
          ],
          [
            -57.546601,
            -38.065822
          ],
          [
            -57.546493,
            -38.065682
          ],
          [
            -57.546406,
            -38.065596
          ],
          [
            -57.546325,
            -38.065524
          ],
          [
            -57.546228,
            -38.06545
          ],
          [
            -57.546094,
            -38.065358
          ],
          [
            -57.545931,
            -38.065256
          ],
          [
            -57.545883,
            -38.065221
          ],
          [
            -57.54584,
            -38.065187
          ],
          [
            -57.545765,
            -38.06512
          ],
          [
            -57.545724,
            -38.06508
          ],
          [
            -57.54568,
            -38.065028
          ],
          [
            -57.545651,
            -38.064982
          ],
          [
            -57.545631,
            -38.064946
          ],
          [
            -57.545609,
            -38.064904
          ],
          [
            -57.545593,
            -38.06486
          ],
          [
            -57.545577,
            -38.06481
          ],
          [
            -57.545563,
            -38.064749
          ],
          [
            -57.545558,
            -38.064683
          ],
          [
            -57.54556,
            -38.064615
          ],
          [
            -57.545564,
            -38.06456
          ],
          [
            -57.545576,
            -38.064502
          ],
          [
            -57.545595,
            -38.064443
          ],
          [
            -57.545619,
            -38.064382
          ],
          [
            -57.545649,
            -38.064324
          ],
          [
            -57.545686,
            -38.064265
          ],
          [
            -57.545732,
            -38.064217
          ],
          [
            -57.545808,
            -38.064155
          ],
          [
            -57.545913,
            -38.064076
          ],
          [
            -57.546594,
            -38.063547
          ],
          [
            -57.546689,
            -38.063474
          ],
          [
            -57.546701,
            -38.063465
          ],
          [
            -57.547424,
            -38.062922
          ],
          [
            -57.548283,
            -38.062276
          ],
          [
            -57.549151,
            -38.061624
          ],
          [
            -57.549918,
            -38.061048
          ],
          [
            -57.550035,
            -38.061035
          ],
          [
            -57.549131,
            -38.060289
          ],
          [
            -57.548326,
            -38.059624
          ],
          [
            -57.5475,
            -38.058942
          ],
          [
            -57.546671,
            -38.058257
          ],
          [
            -57.545857,
            -38.057585
          ],
          [
            -57.54537,
            -38.058104
          ],
          [
            -57.545153,
            -38.058346
          ],
          [
            -57.545153,
            -38.058346
          ],
          [
            -57.544895,
            -38.058611
          ],
          [
            -57.54479,
            -38.058728
          ],
          [
            -57.54471,
            -38.058823
          ],
          [
            -57.544663,
            -38.058896
          ],
          [
            -57.54463,
            -38.058969
          ],
          [
            -57.544614,
            -38.059045
          ],
          [
            -57.544615,
            -38.059106
          ],
          [
            -57.544625,
            -38.059176
          ],
          [
            -57.544651,
            -38.059251
          ],
          [
            -57.544683,
            -38.059316
          ],
          [
            -57.544723,
            -38.059382
          ],
          [
            -57.544904,
            -38.059627
          ],
          [
            -57.545409,
            -38.060312
          ],
          [
            -57.545515,
            -38.060491
          ],
          [
            -57.545616,
            -38.060665
          ],
          [
            -57.545703,
            -38.060859
          ],
          [
            -57.545765,
            -38.061015
          ],
          [
            -57.545898,
            -38.061423
          ],
          [
            -57.545878,
            -38.061638
          ],
          [
            -57.545794,
            -38.061857
          ],
          [
            -57.545778,
            -38.061913
          ],
          [
            -57.545762,
            -38.06195
          ],
          [
            -57.545741,
            -38.061977
          ],
          [
            -57.545716,
            -38.062001
          ],
          [
            -57.545683,
            -38.062021
          ],
          [
            -57.545635,
            -38.062038
          ],
          [
            -57.545585,
            -38.062046
          ],
          [
            -57.545531,
            -38.062047
          ],
          [
            -57.545489,
            -38.062042
          ],
          [
            -57.545453,
            -38.06203
          ],
          [
            -57.545417,
            -38.062008
          ],
          [
            -57.545362,
            -38.061958
          ],
          [
            -57.545177,
            -38.061773
          ],
          [
            -57.545065,
            -38.061515
          ],
          [
            -57.544865,
            -38.061083
          ],
          [
            -57.54482,
            -38.060977
          ],
          [
            -57.544577,
            -38.060449
          ],
          [
            -57.544427,
            -38.060103
          ],
          [
            -57.544364,
            -38.059932
          ],
          [
            -57.544314,
            -38.059767
          ],
          [
            -57.544298,
            -38.059694
          ],
          [
            -57.544288,
            -38.059508
          ],
          [
            -57.544304,
            -38.059329
          ],
          [
            -57.54433,
            -38.059193
          ],
          [
            -57.544362,
            -38.059084
          ],
          [
            -57.544419,
            -38.05897
          ],
          [
            -57.544482,
            -38.058874
          ],
          [
            -57.544595,
            -38.058731
          ],
          [
            -57.545032,
            -38.058259
          ],
          [
            -57.545378,
            -38.057882
          ],
          [
            -57.545735,
            -38.057495
          ],
          [
            -57.546009,
            -38.057198
          ],
          [
            -57.546129,
            -38.057059
          ],
          [
            -57.546232,
            -38.056919
          ],
          [
            -57.546336,
            -38.056776
          ],
          [
            -57.54642,
            -38.056638
          ],
          [
            -57.546558,
            -38.056419
          ],
          [
            -57.546691,
            -38.056191
          ],
          [
            -57.546813,
            -38.055973
          ],
          [
            -57.546936,
            -38.055759
          ],
          [
            -57.547022,
            -38.055606
          ],
          [
            -57.547086,
            -38.055472
          ],
          [
            -57.547133,
            -38.055351
          ],
          [
            -57.547176,
            -38.055213
          ],
          [
            -57.547209,
            -38.055063
          ],
          [
            -57.547222,
            -38.054932
          ],
          [
            -57.547226,
            -38.054788
          ],
          [
            -57.547216,
            -38.054641
          ],
          [
            -57.547192,
            -38.054506
          ],
          [
            -57.54715,
            -38.054348
          ],
          [
            -57.547077,
            -38.054146
          ],
          [
            -57.546913,
            -38.053898
          ],
          [
            -57.546783,
            -38.053709
          ],
          [
            -57.546574,
            -38.053426
          ],
          [
            -57.546367,
            -38.053169
          ],
          [
            -57.546135,
            -38.052912
          ],
          [
            -57.545895,
            -38.052646
          ],
          [
            -57.545767,
            -38.052498
          ],
          [
            -57.545639,
            -38.052336
          ],
          [
            -57.545541,
            -38.052192
          ],
          [
            -57.545478,
            -38.052092
          ],
          [
            -57.545418,
            -38.051979
          ],
          [
            -57.545387,
            -38.051907
          ],
          [
            -57.545355,
            -38.051824
          ],
          [
            -57.545317,
            -38.051692
          ],
          [
            -57.545304,
            -38.051531
          ],
          [
            -57.545494,
            -38.051503
          ],
          [
            -57.545514,
            -38.051634
          ],
          [
            -57.545555,
            -38.05177
          ],
          [
            -57.545602,
            -38.051897
          ],
          [
            -57.545661,
            -38.052016
          ],
          [
            -57.545724,
            -38.052124
          ],
          [
            -57.545812,
            -38.05226
          ],
          [
            -57.545925,
            -38.052414
          ],
          [
            -57.546055,
            -38.052571
          ],
          [
            -57.546148,
            -38.052676
          ],
          [
            -57.546355,
            -38.0529
          ],
          [
            -57.546512,
            -38.053074
          ],
          [
            -57.546612,
            -38.053192
          ],
          [
            -57.546771,
            -38.053402
          ],
          [
            -57.546992,
            -38.053701
          ],
          [
            -57.547075,
            -38.05382
          ],
          [
            -57.547097,
            -38.053856
          ],
          [
            -57.547149,
            -38.053942
          ],
          [
            -57.547242,
            -38.054096
          ],
          [
            -57.547077,
            -38.054146
          ],
          [
            -57.546913,
            -38.053898
          ],
          [
            -57.546783,
            -38.053709
          ],
          [
            -57.546574,
            -38.053426
          ],
          [
            -57.546367,
            -38.053169
          ],
          [
            -57.546135,
            -38.052912
          ],
          [
            -57.545895,
            -38.052646
          ],
          [
            -57.545767,
            -38.052498
          ],
          [
            -57.545639,
            -38.052336
          ],
          [
            -57.545541,
            -38.052192
          ],
          [
            -57.545478,
            -38.052092
          ],
          [
            -57.54516,
            -38.051702
          ],
          [
            -57.54511,
            -38.05164
          ],
          [
            -57.545001,
            -38.051477
          ],
          [
            -57.544882,
            -38.051277
          ],
          [
            -57.544798,
            -38.051105
          ],
          [
            -57.544517,
            -38.050662
          ],
          [
            -57.544459,
            -38.05057
          ],
          [
            -57.54425,
            -38.050241
          ],
          [
            -57.544494,
            -38.049907
          ],
          [
            -57.544761,
            -38.049542
          ],
          [
            -57.54478,
            -38.049516
          ],
          [
            -57.544856,
            -38.049404
          ],
          [
            -57.544865,
            -38.049391
          ],
          [
            -57.544805,
            -38.049104
          ],
          [
            -57.544771,
            -38.048938
          ],
          [
            -57.544348,
            -38.047063
          ],
          [
            -57.544316,
            -38.046922
          ],
          [
            -57.544299,
            -38.046845
          ],
          [
            -57.544285,
            -38.046775
          ],
          [
            -57.544252,
            -38.046584
          ],
          [
            -57.544113,
            -38.045791
          ],
          [
            -57.543887,
            -38.045676
          ],
          [
            -57.54382,
            -38.045642
          ],
          [
            -57.543538,
            -38.045501
          ],
          [
            -57.543455,
            -38.045424
          ],
          [
            -57.543426,
            -38.045385
          ],
          [
            -57.54341,
            -38.04534
          ],
          [
            -57.543402,
            -38.045298
          ],
          [
            -57.543405,
            -38.045233
          ],
          [
            -57.543415,
            -38.045129
          ],
          [
            -57.543795,
            -38.044849
          ],
          [
            -57.543901,
            -38.044771
          ],
          [
            -57.54408,
            -38.044678
          ],
          [
            -57.544753,
            -38.044174
          ],
          [
            -57.545605,
            -38.043536
          ],
          [
            -57.544803,
            -38.042842
          ],
          [
            -57.543873,
            -38.043534
          ],
          [
            -57.54391,
            -38.043759
          ],
          [
            -57.544076,
            -38.044659
          ],
          [
            -57.54408,
            -38.044678
          ],
          [
            -57.544753,
            -38.044174
          ],
          [
            -57.545605,
            -38.043536
          ],
          [
            -57.546414,
            -38.044205
          ],
          [
            -57.546387,
            -38.044225
          ],
          [
            -57.545559,
            -38.04485
          ],
          [
            -57.544305,
            -38.04579
          ],
          [
            -57.544113,
            -38.045791
          ],
          [
            -57.543887,
            -38.045676
          ],
          [
            -57.54382,
            -38.045642
          ],
          [
            -57.543538,
            -38.045501
          ],
          [
            -57.543455,
            -38.045424
          ],
          [
            -57.543426,
            -38.045385
          ],
          [
            -57.54341,
            -38.04534
          ],
          [
            -57.543402,
            -38.045298
          ],
          [
            -57.543405,
            -38.045233
          ],
          [
            -57.543415,
            -38.045129
          ],
          [
            -57.543795,
            -38.044849
          ],
          [
            -57.543901,
            -38.044771
          ],
          [
            -57.543779,
            -38.044116
          ],
          [
            -57.54367,
            -38.043572
          ],
          [
            -57.54361,
            -38.043277
          ],
          [
            -57.543585,
            -38.043171
          ],
          [
            -57.543557,
            -38.043069
          ],
          [
            -57.543513,
            -38.042946
          ],
          [
            -57.543457,
            -38.042818
          ],
          [
            -57.543377,
            -38.042671
          ],
          [
            -57.543221,
            -38.042422
          ],
          [
            -57.542697,
            -38.041609
          ],
          [
            -57.542341,
            -38.040915
          ],
          [
            -57.542304,
            -38.040833
          ],
          [
            -57.542264,
            -38.040742
          ],
          [
            -57.54223,
            -38.040659
          ],
          [
            -57.542322,
            -38.040695
          ],
          [
            -57.542328,
            -38.040702
          ],
          [
            -57.542387,
            -38.040772
          ],
          [
            -57.542444,
            -38.04084
          ],
          [
            -57.542962,
            -38.04162
          ],
          [
            -57.543516,
            -38.042507
          ],
          [
            -57.543991,
            -38.042155
          ],
          [
            -57.544819,
            -38.041532
          ],
          [
            -57.545678,
            -38.040885
          ],
          [
            -57.546554,
            -38.040228
          ],
          [
            -57.545752,
            -38.039565
          ],
          [
            -57.545011,
            -38.038962
          ],
          [
            -57.544951,
            -38.038842
          ],
          [
            -57.54488,
            -38.038747
          ],
          [
            -57.545777,
            -38.038071
          ],
          [
            -57.545868,
            -38.03815
          ],
          [
            -57.544998,
            -38.038806
          ],
          [
            -57.544951,
            -38.038842
          ],
          [
            -57.544037,
            -38.039531
          ],
          [
            -57.543944,
            -38.039452
          ],
          [
            -57.54488,
            -38.038747
          ],
          [
            -57.544207,
            -38.037916
          ],
          [
            -57.543553,
            -38.037108
          ],
          [
            -57.542984,
            -38.036405
          ],
          [
            -57.542977,
            -38.036396
          ],
          [
            -57.542285,
            -38.035542
          ],
          [
            -57.54193,
            -38.035103
          ],
          [
            -57.541663,
            -38.034774
          ],
          [
            -57.541022,
            -38.033981
          ],
          [
            -57.540391,
            -38.033201
          ],
          [
            -57.539748,
            -38.032407
          ],
          [
            -57.53906,
            -38.031557
          ],
          [
            -57.539012,
            -38.031497
          ],
          [
            -57.537735,
            -38.029906
          ],
          [
            -57.537106,
            -38.029123
          ],
          [
            -57.5381,
            -38.028621
          ],
          [
            -57.539103,
            -38.028114
          ],
          [
            -57.540097,
            -38.027611
          ],
          [
            -57.541091,
            -38.027109
          ],
          [
            -57.542094,
            -38.026586
          ],
          [
            -57.542726,
            -38.027374
          ],
          [
            -57.541732,
            -38.027878
          ],
          [
            -57.541717,
            -38.027886
          ],
          [
            -57.540715,
            -38.028394
          ],
          [
            -57.540769,
            -38.028459
          ],
          [
            -57.542013,
            -38.029986
          ],
          [
            -57.543033,
            -38.029468
          ],
          [
            -57.544004,
            -38.028975
          ],
          [
            -57.544913,
            -38.028513
          ],
          [
            -57.54504,
            -38.028524
          ],
          [
            -57.546033,
            -38.028023
          ],
          [
            -57.547022,
            -38.027525
          ],
          [
            -57.548052,
            -38.027005
          ],
          [
            -57.549052,
            -38.026501
          ],
          [
            -57.550059,
            -38.025993
          ],
          [
            -57.551052,
            -38.025492
          ],
          [
            -57.552076,
            -38.024976
          ],
          [
            -57.553058,
            -38.02448
          ],
          [
            -57.552336,
            -38.023585
          ],
          [
            -57.551731,
            -38.022834
          ],
          [
            -57.551717,
            -38.022817
          ],
          [
            -57.551097,
            -38.022049
          ],
          [
            -57.550429,
            -38.02122
          ],
          [
            -57.549821,
            -38.020467
          ],
          [
            -57.549171,
            -38.01966
          ],
          [
            -57.548535,
            -38.018872
          ],
          [
            -57.54789,
            -38.018073
          ],
          [
            -57.547881,
            -38.018078
          ],
          [
            -57.546901,
            -38.018571
          ],
          [
            -57.545882,
            -38.019084
          ],
          [
            -57.545245,
            -38.018294
          ],
          [
            -57.544612,
            -38.017509
          ],
          [
            -57.544602,
            -38.017497
          ],
          [
            -57.543972,
            -38.016716
          ],
          [
            -57.543303,
            -38.015886
          ],
          [
            -57.542682,
            -38.015122
          ],
          [
            -57.54205,
            -38.014357
          ],
          [
            -57.541391,
            -38.013559
          ],
          [
            -57.542419,
            -38.013043
          ],
          [
            -57.542433,
            -38.013036
          ],
          [
            -57.542482,
            -38.013011
          ],
          [
            -57.54342,
            -38.012536
          ],
          [
            -57.543209,
            -38.012274
          ],
          [
            -57.542788,
            -38.011749
          ],
          [
            -57.542785,
            -38.01175
          ],
          [
            -57.541776,
            -38.012254
          ],
          [
            -57.542419,
            -38.013043
          ],
          [
            -57.542482,
            -38.013011
          ],
          [
            -57.54342,
            -38.012536
          ],
          [
            -57.543498,
            -38.012498
          ],
          [
            -57.544391,
            -38.012057
          ],
          [
            -57.544429,
            -38.012039
          ],
          [
            -57.545459,
            -38.011529
          ],
          [
            -57.546413,
            -38.01103
          ],
          [
            -57.547417,
            -38.010512
          ],
          [
            -57.546792,
            -38.009723
          ],
          [
            -57.545779,
            -38.01024
          ],
          [
            -57.545775,
            -38.010242
          ],
          [
            -57.546413,
            -38.01103
          ],
          [
            -57.547417,
            -38.010512
          ],
          [
            -57.548391,
            -38.010026
          ],
          [
            -57.549411,
            -38.009508
          ],
          [
            -57.548773,
            -38.008708
          ],
          [
            -57.547783,
            -38.00922
          ],
          [
            -57.547744,
            -38.00924
          ],
          [
            -57.548391,
            -38.010026
          ],
          [
            -57.549411,
            -38.009508
          ],
          [
            -57.548773,
            -38.008708
          ],
          [
            -57.548135,
            -38.007938
          ],
          [
            -57.547469,
            -38.007119
          ],
          [
            -57.546852,
            -38.006361
          ],
          [
            -57.546161,
            -38.005512
          ],
          [
            -57.545477,
            -38.004669
          ],
          [
            -57.544823,
            -38.003866
          ],
          [
            -57.544172,
            -38.003067
          ],
          [
            -57.543191,
            -38.003587
          ],
          [
            -57.543133,
            -38.003618
          ],
          [
            -57.543031,
            -38.003673
          ],
          [
            -57.542847,
            -38.00377
          ],
          [
            -57.54281,
            -38.003783
          ],
          [
            -57.542771,
            -38.003792
          ],
          [
            -57.542726,
            -38.0038
          ],
          [
            -57.542661,
            -38.003806
          ],
          [
            -57.542583,
            -38.003808
          ],
          [
            -57.54253,
            -38.003803
          ],
          [
            -57.542468,
            -38.003786
          ],
          [
            -57.542204,
            -38.003188
          ],
          [
            -57.542163,
            -38.003096
          ],
          [
            -57.542358,
            -38.002932
          ],
          [
            -57.542507,
            -38.002849
          ],
          [
            -57.543554,
            -38.002313
          ],
          [
            -57.542898,
            -38.001488
          ],
          [
            -57.54228,
            -38.000733
          ],
          [
            -57.542205,
            -38.000641
          ],
          [
            -57.542114,
            -38.000687
          ],
          [
            -57.541705,
            -38.000894
          ],
          [
            -57.541658,
            -38.000914
          ],
          [
            -57.541603,
            -38.000934
          ],
          [
            -57.541607,
            -38.000947
          ],
          [
            -57.541643,
            -38.001076
          ],
          [
            -57.541819,
            -38.001776
          ],
          [
            -57.541834,
            -38.001827
          ],
          [
            -57.541857,
            -38.00189
          ],
          [
            -57.541871,
            -38.001921
          ],
          [
            -57.541899,
            -38.00198
          ],
          [
            -57.541936,
            -38.002045
          ],
          [
            -57.542454,
            -38.002787
          ],
          [
            -57.542507,
            -38.002849
          ],
          [
            -57.543554,
            -38.002313
          ],
          [
            -57.542898,
            -38.001488
          ],
          [
            -57.54228,
            -38.000733
          ],
          [
            -57.542205,
            -38.000641
          ],
          [
            -57.542114,
            -38.000687
          ],
          [
            -57.541705,
            -38.000894
          ],
          [
            -57.541658,
            -38.000914
          ],
          [
            -57.541603,
            -38.000934
          ],
          [
            -57.541544,
            -38.000951
          ],
          [
            -57.541476,
            -38.000965
          ],
          [
            -57.541458,
            -38.000789
          ],
          [
            -57.541396,
            -38.000249
          ],
          [
            -57.541391,
            -38.000177
          ],
          [
            -57.541392,
            -38.000105
          ],
          [
            -57.541399,
            -38.00001
          ],
          [
            -57.541407,
            -37.99995
          ],
          [
            -57.54142,
            -37.999874
          ],
          [
            -57.541479,
            -37.999579
          ],
          [
            -57.541489,
            -37.999538
          ],
          [
            -57.541511,
            -37.99944
          ],
          [
            -57.541563,
            -37.999226
          ],
          [
            -57.541604,
            -37.999016
          ],
          [
            -57.54161,
            -37.998964
          ],
          [
            -57.541633,
            -37.998916
          ],
          [
            -57.541657,
            -37.998889
          ],
          [
            -57.541695,
            -37.998856
          ],
          [
            -57.541741,
            -37.998832
          ],
          [
            -57.541776,
            -37.998818
          ],
          [
            -57.541829,
            -37.998803
          ],
          [
            -57.5419,
            -37.998795
          ],
          [
            -57.541956,
            -37.998795
          ],
          [
            -57.542017,
            -37.998805
          ],
          [
            -57.542067,
            -37.998824
          ],
          [
            -57.54211,
            -37.998845
          ],
          [
            -57.542147,
            -37.998873
          ],
          [
            -57.542175,
            -37.998904
          ],
          [
            -57.542198,
            -37.998938
          ],
          [
            -57.542214,
            -37.998972
          ],
          [
            -57.542451,
            -37.999185
          ],
          [
            -57.5436,
            -37.998856
          ],
          [
            -57.544724,
            -37.998555
          ],
          [
            -57.545893,
            -37.998229
          ],
          [
            -57.547054,
            -37.997912
          ],
          [
            -57.547214,
            -37.998109
          ],
          [
            -57.546221,
            -37.99861
          ],
          [
            -57.546208,
            -37.998617
          ],
          [
            -57.545893,
            -37.998229
          ],
          [
            -57.547054,
            -37.997912
          ],
          [
            -57.547595,
            -37.997758
          ],
          [
            -57.547839,
            -37.997677
          ],
          [
            -57.547904,
            -37.997642
          ],
          [
            -57.547908,
            -37.99764
          ],
          [
            -57.548038,
            -37.997535
          ],
          [
            -57.548081,
            -37.997501
          ],
          [
            -57.548138,
            -37.997478
          ],
          [
            -57.548201,
            -37.997469
          ],
          [
            -57.548372,
            -37.997444
          ],
          [
            -57.548488,
            -37.997418
          ],
          [
            -57.548606,
            -37.997382
          ],
          [
            -57.548816,
            -37.997319
          ],
          [
            -57.549192,
            -37.997121
          ],
          [
            -57.549174,
            -37.997099
          ],
          [
            -57.548494,
            -37.99626
          ],
          [
            -57.549511,
            -37.995755
          ],
          [
            -57.550204,
            -37.996611
          ],
          [
            -57.551213,
            -37.996103
          ],
          [
            -57.551197,
            -37.996084
          ],
          [
            -57.550509,
            -37.995254
          ],
          [
            -57.549859,
            -37.994438
          ],
          [
            -57.548852,
            -37.994942
          ],
          [
            -57.549511,
            -37.995755
          ],
          [
            -57.550204,
            -37.996611
          ],
          [
            -57.551213,
            -37.996103
          ],
          [
            -57.552278,
            -37.995561
          ],
          [
            -57.552302,
            -37.995549
          ],
          [
            -57.553384,
            -37.994999
          ],
          [
            -57.554366,
            -37.994499
          ],
          [
            -57.553668,
            -37.993643
          ],
          [
            -57.553026,
            -37.992836
          ],
          [
            -57.552046,
            -37.993332
          ],
          [
            -57.552685,
            -37.994144
          ],
          [
            -57.553381,
            -37.994995
          ],
          [
            -57.553384,
            -37.994999
          ],
          [
            -57.554366,
            -37.994499
          ],
          [
            -57.555353,
            -37.993997
          ],
          [
            -57.556362,
            -37.993484
          ],
          [
            -57.557374,
            -37.992969
          ],
          [
            -57.557394,
            -37.992959
          ],
          [
            -57.558386,
            -37.992455
          ],
          [
            -57.559378,
            -37.99195
          ],
          [
            -57.560383,
            -37.991439
          ],
          [
            -57.560552,
            -37.991353
          ],
          [
            -57.561367,
            -37.990938
          ],
          [
            -57.562062,
            -37.991806
          ],
          [
            -57.562688,
            -37.992588
          ],
          [
            -57.563693,
            -37.992079
          ],
          [
            -57.563067,
            -37.9913
          ],
          [
            -57.562379,
            -37.990443
          ],
          [
            -57.562368,
            -37.990429
          ],
          [
            -57.562455,
            -37.990385
          ],
          [
            -57.563289,
            -37.989963
          ],
          [
            -57.563377,
            -37.989919
          ],
          [
            -57.563457,
            -37.989878
          ],
          [
            -57.564144,
            -37.989531
          ],
          [
            -57.564393,
            -37.989405
          ],
          [
            -57.564707,
            -37.989246
          ],
          [
            -57.56536,
            -37.988916
          ],
          [
            -57.565797,
            -37.988694
          ],
          [
            -57.566238,
            -37.988472
          ],
          [
            -57.566333,
            -37.988423
          ],
          [
            -57.566344,
            -37.988437
          ],
          [
            -57.567012,
            -37.989297
          ],
          [
            -57.566052,
            -37.989783
          ],
          [
            -57.56536,
            -37.988916
          ],
          [
            -57.565797,
            -37.988694
          ],
          [
            -57.566238,
            -37.988472
          ],
          [
            -57.566333,
            -37.988423
          ],
          [
            -57.566423,
            -37.988378
          ],
          [
            -57.566887,
            -37.988143
          ],
          [
            -57.567351,
            -37.987909
          ],
          [
            -57.56828,
            -37.987439
          ],
          [
            -57.568362,
            -37.987397
          ],
          [
            -57.568442,
            -37.987357
          ],
          [
            -57.569343,
            -37.986901
          ],
          [
            -57.570435,
            -37.986358
          ],
          [
            -57.57049,
            -37.98633
          ],
          [
            -57.57149,
            -37.985824
          ],
          [
            -57.572518,
            -37.985303
          ],
          [
            -57.573452,
            -37.98483
          ],
          [
            -57.574486,
            -37.984306
          ],
          [
            -57.575476,
            -37.983805
          ],
          [
            -57.575478,
            -37.983807
          ],
          [
            -57.576165,
            -37.984655
          ],
          [
            -57.57517,
            -37.985162
          ],
          [
            -57.574486,
            -37.984306
          ],
          [
            -57.575476,
            -37.983805
          ],
          [
            -57.576475,
            -37.983299
          ],
          [
            -57.577471,
            -37.982794
          ],
          [
            -57.578469,
            -37.982288
          ],
          [
            -57.578461,
            -37.982278
          ],
          [
            -57.577787,
            -37.981444
          ],
          [
            -57.578761,
            -37.980948
          ],
          [
            -57.579435,
            -37.981799
          ],
          [
            -57.58044,
            -37.98129
          ],
          [
            -57.58138,
            -37.980814
          ],
          [
            -57.581469,
            -37.980768
          ],
          [
            -57.581785,
            -37.980526
          ],
          [
            -57.581839,
            -37.98048
          ],
          [
            -57.581888,
            -37.980435
          ],
          [
            -57.581928,
            -37.980391
          ],
          [
            -57.581972,
            -37.980338
          ],
          [
            -57.582022,
            -37.980268
          ],
          [
            -57.582075,
            -37.980187
          ],
          [
            -57.582094,
            -37.980123
          ],
          [
            -57.582171,
            -37.980006
          ],
          [
            -57.582226,
            -37.979958
          ],
          [
            -57.582277,
            -37.979926
          ],
          [
            -57.58234,
            -37.979897
          ],
          [
            -57.582408,
            -37.979875
          ],
          [
            -57.582504,
            -37.97986
          ],
          [
            -57.582566,
            -37.979858
          ],
          [
            -57.582637,
            -37.979863
          ],
          [
            -57.582713,
            -37.979879
          ],
          [
            -57.582786,
            -37.979905
          ],
          [
            -57.582852,
            -37.97994
          ],
          [
            -57.58291,
            -37.979982
          ],
          [
            -57.582958,
            -37.980032
          ],
          [
            -57.582993,
            -37.980086
          ],
          [
            -57.58302,
            -37.980145
          ],
          [
            -57.583036,
            -37.980204
          ],
          [
            -57.583038,
            -37.980256
          ],
          [
            -57.583021,
            -37.980326
          ],
          [
            -57.582996,
            -37.980386
          ],
          [
            -57.582959,
            -37.980441
          ],
          [
            -57.582919,
            -37.980484
          ],
          [
            -57.582854,
            -37.980534
          ],
          [
            -57.582804,
            -37.980561
          ],
          [
            -57.582665,
            -37.980607
          ],
          [
            -57.582595,
            -37.980616
          ],
          [
            -57.582491,
            -37.980614
          ],
          [
            -57.582419,
            -37.980602
          ],
          [
            -57.582356,
            -37.980586
          ],
          [
            -57.582289,
            -37.980555
          ],
          [
            -57.582231,
            -37.98052
          ],
          [
            -57.582193,
            -37.980482
          ],
          [
            -57.582131,
            -37.980421
          ],
          [
            -57.582092,
            -37.980347
          ],
          [
            -57.582078,
            -37.980301
          ],
          [
            -57.582071,
            -37.980233
          ],
          [
            -57.582075,
            -37.980187
          ],
          [
            -57.582094,
            -37.980123
          ],
          [
            -57.582171,
            -37.980006
          ],
          [
            -57.582226,
            -37.979958
          ],
          [
            -57.582277,
            -37.979926
          ],
          [
            -57.58234,
            -37.979897
          ],
          [
            -57.582408,
            -37.979875
          ],
          [
            -57.582504,
            -37.97986
          ],
          [
            -57.582566,
            -37.979858
          ],
          [
            -57.582637,
            -37.979863
          ],
          [
            -57.582713,
            -37.979879
          ],
          [
            -57.582766,
            -37.979877
          ],
          [
            -57.582871,
            -37.97986
          ],
          [
            -57.582982,
            -37.979838
          ],
          [
            -57.58306,
            -37.979818
          ],
          [
            -57.583148,
            -37.979794
          ],
          [
            -57.58319,
            -37.97978
          ],
          [
            -57.58323,
            -37.979764
          ],
          [
            -57.583308,
            -37.979725
          ],
          [
            -57.583395,
            -37.979681
          ],
          [
            -57.584383,
            -37.979181
          ],
          [
            -57.585373,
            -37.97868
          ],
          [
            -57.586361,
            -37.97818
          ],
          [
            -57.586368,
            -37.978177
          ],
          [
            -57.587355,
            -37.977677
          ],
          [
            -57.588367,
            -37.977165
          ],
          [
            -57.589358,
            -37.976664
          ],
          [
            -57.590348,
            -37.976163
          ],
          [
            -57.591375,
            -37.975643
          ],
          [
            -57.592333,
            -37.975159
          ],
          [
            -57.592399,
            -37.975241
          ],
          [
            -57.592468,
            -37.975326
          ],
          [
            -57.591511,
            -37.975811
          ],
          [
            -57.590484,
            -37.97633
          ],
          [
            -57.590473,
            -37.976317
          ],
          [
            -57.590414,
            -37.976245
          ],
          [
            -57.592399,
            -37.975241
          ],
          [
            -57.592468,
            -37.975326
          ],
          [
            -57.591511,
            -37.975811
          ],
          [
            -57.591492,
            -37.975821
          ],
          [
            -57.590484,
            -37.97633
          ],
          [
            -57.590414,
            -37.976245
          ],
          [
            -57.590348,
            -37.976163
          ],
          [
            -57.591375,
            -37.975643
          ],
          [
            -57.592333,
            -37.975159
          ],
          [
            -57.593327,
            -37.974655
          ],
          [
            -57.594363,
            -37.974131
          ],
          [
            -57.594388,
            -37.974119
          ],
          [
            -57.594407,
            -37.974109
          ],
          [
            -57.594456,
            -37.974084
          ],
          [
            -57.595517,
            -37.973546
          ],
          [
            -57.596483,
            -37.973056
          ],
          [
            -57.597474,
            -37.972554
          ],
          [
            -57.598462,
            -37.972053
          ],
          [
            -57.599458,
            -37.971548
          ],
          [
            -57.600461,
            -37.971039
          ],
          [
            -57.601477,
            -37.970524
          ],
          [
            -57.601542,
            -37.970604
          ],
          [
            -57.601613,
            -37.970692
          ],
          [
            -57.600598,
            -37.971207
          ],
          [
            -57.599622,
            -37.971701
          ],
          [
            -57.599593,
            -37.971716
          ],
          [
            -57.598596,
            -37.972222
          ],
          [
            -57.598525,
            -37.972134
          ],
          [
            -57.598462,
            -37.972053
          ],
          [
            -57.599458,
            -37.971548
          ],
          [
            -57.600461,
            -37.971039
          ],
          [
            -57.601477,
            -37.970524
          ],
          [
            -57.602459,
            -37.970026
          ],
          [
            -57.603468,
            -37.969514
          ],
          [
            -57.604435,
            -37.969024
          ],
          [
            -57.605471,
            -37.968498
          ],
          [
            -57.605484,
            -37.968492
          ],
          [
            -57.606377,
            -37.968039
          ],
          [
            -57.606442,
            -37.968006
          ],
          [
            -57.606568,
            -37.967943
          ],
          [
            -57.60744,
            -37.9675
          ],
          [
            -57.608423,
            -37.967002
          ],
          [
            -57.609406,
            -37.966504
          ],
          [
            -57.610439,
            -37.965979
          ],
          [
            -57.610457,
            -37.96597
          ],
          [
            -57.611476,
            -37.965456
          ],
          [
            -57.61245,
            -37.964965
          ],
          [
            -57.613442,
            -37.964465
          ],
          [
            -57.61442,
            -37.963971
          ],
          [
            -57.614486,
            -37.964055
          ],
          [
            -57.614533,
            -37.964114
          ],
          [
            -57.614554,
            -37.96414
          ],
          [
            -57.613577,
            -37.964633
          ],
          [
            -57.613509,
            -37.964548
          ],
          [
            -57.614486,
            -37.964055
          ],
          [
            -57.615494,
            -37.963547
          ],
          [
            -57.616501,
            -37.963039
          ],
          [
            -57.617488,
            -37.962541
          ],
          [
            -57.618513,
            -37.962024
          ],
          [
            -57.618674,
            -37.961943
          ],
          [
            -57.619653,
            -37.961446
          ],
          [
            -57.620642,
            -37.960944
          ],
          [
            -57.621664,
            -37.960427
          ],
          [
            -57.621596,
            -37.960342
          ],
          [
            -57.621566,
            -37.960305
          ],
          [
            -57.620955,
            -37.959551
          ],
          [
            -57.621941,
            -37.959058
          ],
          [
            -57.622576,
            -37.959845
          ],
          [
            -57.622642,
            -37.95993
          ],
          [
            -57.623643,
            -37.959422
          ],
          [
            -57.624642,
            -37.958916
          ],
          [
            -57.625589,
            -37.958435
          ],
          [
            -57.626614,
            -37.957915
          ],
          [
            -57.626647,
            -37.957956
          ]
        ],
        "type": "LineString"
      },
      "properties": {
        "linea": "511",
        "ramal": "ALFAR",
        "nombre": "Línea 511 - ALFAR"
      }
    },
    {
      "type": "Feature",
      "geometry": {
        "type": "Point",
        "coordinates": [
          -57.5651871,
          -38.0905627
        ]
      },
      "properties": {
        "linea": "511",
        "ramal": "ALFAR",
        "numero_camara": "275",
        "direccion": "Diagonal Estados Unidos Norte & De la Maza, Mar del Plata, Provincia de Buenos Aires, Argentina",
        "orden": 593
      }
    },
    {
      "type": "Feature",
      "geometry": {
        "type": "Point",
        "coordinates": [
          -57.5475737,
          -38.0936136
        ]
      },
      "properties": {
        "linea": "511",
        "ramal": "ALFAR",
        "numero_camara": "239",
        "direccion": "Rotonda del Faro. Plazoleta Castilla y León, Mar del Plata, Provincia de Buenos Aires, Argentina",
        "orden": 594
      }
    },
    {
      "type": "Feature",
      "geometry": {
        "type": "Point",
        "coordinates": [
          -57.5388552,
          -38.0815723
        ]
      },
      "properties": {
        "linea": "511",
        "ramal": "ALFAR",
        "numero_camara": "274",
        "direccion": "Avenida de los Trabajadores & Racedo, Mar del Plata, Provincia de Buenos Aires, Argentina",
        "orden": 595
      }
    },
    {
      "type": "Feature",
      "geometry": {
        "type": "Point",
        "coordinates": [
          -57.5468741,
          -38.0733252
        ]
      },
      "properties": {
        "linea": "511",
        "ramal": "ALFAR",
        "numero_camara": "362",
        "direccion": "Monseñor D Andrea & Avenida de los Trabajadores, Mar del Plata, Provincia de Buenos Aires, Argentina",
        "orden": 596
      }
    },
    {
      "type": "Feature",
      "geometry": {
        "type": "Point",
        "coordinates": [
          -57.5467061,
          -38.0634685
        ]
      },
      "properties": {
        "linea": "511",
        "ramal": "ALFAR",
        "numero_camara": "39",
        "direccion": "Avenida de los Trabajadores & Avenida Fortunato de la Plaza, Mar del Plata, Provincia de Buenos Aires, Argentina",
        "orden": 597
      }
    },
    {
      "type": "Feature",
      "geometry": {
        "type": "Point",
        "coordinates": [
          -57.5451502,
          -38.0583449
        ]
      },
      "properties": {
        "linea": "511",
        "ramal": "ALFAR",
        "numero_camara": "497",
        "direccion": "Avenida de los Trabajadores & Vergara, Mar del Plata, Provincia de Buenos Aires, Argentina",
        "orden": 598
      }
    },
    {
      "type": "Feature",
      "geometry": {
        "type": "Point",
        "coordinates": [
          -57.547044,
          -38.0538764
        ]
      },
      "properties": {
        "linea": "511",
        "ramal": "ALFAR",
        "numero_camara": "277",
        "direccion": "Avenida de los Trabajadores & Avenida Vertiz, Mar del Plata, Provincia de Buenos Aires, Argentina",
        "orden": 599
      }
    },
    {
      "type": "Feature",
      "geometry": {
        "type": "Point",
        "coordinates": [
          -57.5448539,
          -38.0494026
        ]
      },
      "properties": {
        "linea": "511",
        "ramal": "ALFAR",
        "numero_camara": "207",
        "direccion": "Avenida de los Trabajadores & Ortiz de Zárate, Mar del Plata, Provincia de Buenos Aires, Argentina",
        "orden": 600
      }
    },
    {
      "type": "Feature",
      "geometry": {
        "type": "Point",
        "coordinates": [
          -57.5440553,
          -38.044661
        ]
      },
      "properties": {
        "linea": "511",
        "ramal": "ALFAR",
        "numero_camara": "61",
        "direccion": "Avenida de los Trabajadores & 12 de Octubre, Mar del Plata, Provincia de Buenos Aires, Argentina",
        "orden": 601
      }
    },
    {
      "type": "Feature",
      "geometry": {
        "type": "Point",
        "coordinates": [
          -57.5464008,
          -38.0442365
        ]
      },
      "properties": {
        "linea": "511",
        "ramal": "ALFAR",
        "numero_camara": "211",
        "direccion": "Magallanes & Figueroa Alcorta, Mar del Plata, Provincia de Buenos Aires, Argentina",
        "orden": 602
      }
    },
    {
      "type": "Feature",
      "geometry": {
        "type": "Point",
        "coordinates": [
          -57.5423252,
          -38.040703
        ]
      },
      "properties": {
        "linea": "511",
        "ramal": "ALFAR",
        "numero_camara": "708",
        "direccion": "Avenida de los Trabajadores & Avenida Juan B. Justo, Mar del Plata, Provincia de Buenos Aires, Argentina",
        "orden": 603
      }
    },
    {
      "type": "Feature",
      "geometry": {
        "type": "Point",
        "coordinates": [
          -57.5449921,
          -38.0388014
        ]
      },
      "properties": {
        "linea": "511",
        "ramal": "ALFAR",
        "numero_camara": "358",
        "direccion": "Avenida Juan B. Justo & Avenida Edison, Mar del Plata, Provincia de Buenos Aires, Argentina",
        "orden": 604
      }
    },
    {
      "type": "Feature",
      "geometry": {
        "type": "Point",
        "coordinates": [
          -57.5429809,
          -38.0364073
        ]
      },
      "properties": {
        "linea": "511",
        "ramal": "ALFAR",
        "numero_camara": "369",
        "direccion": "Leandro N. Alem & Martín Rodríguez, Mar del Plata, Provincia de Buenos Aires, Argentina",
        "orden": 605
      }
    },
    {
      "type": "Feature",
      "geometry": {
        "type": "Point",
        "coordinates": [
          -57.5389864,
          -38.0315096
        ]
      },
      "properties": {
        "linea": "511",
        "ramal": "ALFAR",
        "numero_camara": "371",
        "direccion": "Avenida Juan José Paso & Leandro N. Alem, Mar del Plata, Provincia de Buenos Aires, Argentina",
        "orden": 606
      }
    },
    {
      "type": "Feature",
      "geometry": {
        "type": "Point",
        "coordinates": [
          -57.5417264,
          -38.027871
        ]
      },
      "properties": {
        "linea": "511",
        "ramal": "ALFAR",
        "numero_camara": "384",
        "direccion": "Almafuerte & General Paz, Mar del Plata, Provincia de Buenos Aires, Argentina",
        "orden": 607
      }
    },
    {
      "type": "Feature",
      "geometry": {
        "type": "Point",
        "coordinates": [
          -57.5517167,
          -38.022817
        ]
      },
      "properties": {
        "linea": "511",
        "ramal": "ALFAR",
        "numero_camara": "383",
        "direccion": "Sarmiento & Almafuerte, Mar del Plata, Provincia de Buenos Aires, Argentina",
        "orden": 608
      }
    },
    {
      "type": "Feature",
      "geometry": {
        "type": "Point",
        "coordinates": [
          -57.5478822,
          -38.018079
        ]
      },
      "properties": {
        "linea": "511",
        "ramal": "ALFAR",
        "numero_camara": "549",
        "direccion": "Rodríguez Peña & Sarmiento, Mar del Plata, Provincia de Buenos Aires, Argentina",
        "orden": 609
      }
    },
    {
      "type": "Feature",
      "geometry": {
        "type": "Point",
        "coordinates": [
          -57.544613,
          -38.017509
        ]
      },
      "properties": {
        "linea": "511",
        "ramal": "ALFAR",
        "numero_camara": "580",
        "direccion": "Olavarría & San Lorenzo, Mar del Plata, Provincia de Buenos Aires, Argentina",
        "orden": 610
      }
    },
    {
      "type": "Feature",
      "geometry": {
        "type": "Point",
        "coordinates": [
          -57.5424318,
          -38.013034
        ]
      },
      "properties": {
        "linea": "511",
        "ramal": "ALFAR",
        "numero_camara": "551",
        "direccion": "Alsina & Rawson, Mar del Plata, Provincia de Buenos Aires, Argentina",
        "orden": 611
      }
    },
    {
      "type": "Feature",
      "geometry": {
        "type": "Point",
        "coordinates": [
          -57.5427843,
          -38.011749
        ]
      },
      "properties": {
        "linea": "511",
        "ramal": "ALFAR",
        "numero_camara": "456",
        "direccion": "Alberti & Sarmiento, Mar del Plata, Provincia de Buenos Aires, Argentina",
        "orden": 612
      }
    },
    {
      "type": "Feature",
      "geometry": {
        "type": "Point",
        "coordinates": [
          -57.5457799,
          -38.0102407
        ]
      },
      "properties": {
        "linea": "511",
        "ramal": "ALFAR",
        "numero_camara": "570",
        "direccion": "Alberti & Arenales, Mar del Plata, Provincia de Buenos Aires, Argentina",
        "orden": 613
      }
    },
    {
      "type": "Feature",
      "geometry": {
        "type": "Point",
        "coordinates": [
          -57.5477932,
          -38.0092309
        ]
      },
      "properties": {
        "linea": "511",
        "ramal": "ALFAR",
        "numero_camara": "571",
        "direccion": "Alberti & Buenos Aires, Mar del Plata, Provincia de Buenos Aires, Argentina",
        "orden": 614
      }
    },
    {
      "type": "Feature",
      "geometry": {
        "type": "Point",
        "coordinates": [
          -57.5431804,
          -38.0035742
        ]
      },
      "properties": {
        "linea": "511",
        "ramal": "ALFAR",
        "numero_camara": "80",
        "direccion": "Buenos Aires 1900, Mar del Plata, Provincia de Buenos Aires, Argentina",
        "orden": 615
      }
    },
    {
      "type": "Feature",
      "geometry": {
        "type": "Point",
        "coordinates": [
          -57.5415961,
          -38.0009489
        ]
      },
      "properties": {
        "linea": "511",
        "ramal": "ALFAR",
        "numero_camara": "705",
        "direccion": "Avenida Pedro Luro & Buenos Aires, Mar del Plata, Provincia de Buenos Aires, Argentina",
        "orden": 616
      }
    },
    {
      "type": "Feature",
      "geometry": {
        "type": "Point",
        "coordinates": [
          -57.5462189,
          -37.9986082
        ]
      },
      "properties": {
        "linea": "511",
        "ramal": "ALFAR",
        "numero_camara": "436",
        "direccion": "Avenida Pedro Luro & Córdoba, Mar del Plata, Provincia de Buenos Aires, Argentina",
        "orden": 617
      }
    },
    {
      "type": "Feature",
      "geometry": {
        "type": "Point",
        "coordinates": [
          -57.5491867,
          -37.9970932
        ]
      },
      "properties": {
        "linea": "511",
        "ramal": "ALFAR",
        "numero_camara": "57",
        "direccion": "Avenida Pedro Luro & Hipólito Yrigoyen, Mar del Plata, Provincia de Buenos Aires, Argentina",
        "orden": 618
      }
    },
    {
      "type": "Feature",
      "geometry": {
        "type": "Point",
        "coordinates": [
          -57.5512087,
          -37.9960776
        ]
      },
      "properties": {
        "linea": "511",
        "ramal": "ALFAR",
        "numero_camara": "56",
        "direccion": "Avenida Pedro Luro & Catamarca, Mar del Plata, Provincia de Buenos Aires, Argentina",
        "orden": 619
      }
    },
    {
      "type": "Feature",
      "geometry": {
        "type": "Point",
        "coordinates": [
          -57.5522649,
          -37.9955452
        ]
      },
      "properties": {
        "linea": "511",
        "ramal": "ALFAR",
        "numero_camara": "596",
        "direccion": "Avenida Independencia & Avenida Pedro Luro, Mar del Plata, Provincia de Buenos Aires, Argentina",
        "orden": 620
      }
    },
    {
      "type": "Feature",
      "geometry": {
        "type": "Point",
        "coordinates": [
          -57.5533841,
          -37.9949944
        ]
      },
      "properties": {
        "linea": "511",
        "ramal": "ALFAR",
        "numero_camara": "59",
        "direccion": "Avenida Pedro Luro & Salta, Mar del Plata, Provincia de Buenos Aires, Argentina",
        "orden": 621
      }
    },
    {
      "type": "Feature",
      "geometry": {
        "type": "Point",
        "coordinates": [
          -57.5573939,
          -37.9929584
        ]
      },
      "properties": {
        "linea": "511",
        "ramal": "ALFAR",
        "numero_camara": "11",
        "direccion": "Avenida Pedro Luro & 14 de Julio, Mar del Plata, Provincia de Buenos Aires, Argentina",
        "orden": 622
      }
    },
    {
      "type": "Feature",
      "geometry": {
        "type": "Point",
        "coordinates": [
          -57.5623817,
          -37.9904422
        ]
      },
      "properties": {
        "linea": "511",
        "ramal": "ALFAR",
        "numero_camara": "50",
        "direccion": "Avenida Pedro Luro & San Juan, Mar del Plata, Provincia de Buenos Aires, Argentina",
        "orden": 623
      }
    },
    {
      "type": "Feature",
      "geometry": {
        "type": "Point",
        "coordinates": [
          -57.5663445,
          -37.9884359
        ]
      },
      "properties": {
        "linea": "511",
        "ramal": "ALFAR",
        "numero_camara": "58",
        "direccion": "Avenida Pedro Luro & Italia, Mar del Plata, Provincia de Buenos Aires, Argentina",
        "orden": 624
      }
    },
    {
      "type": "Feature",
      "geometry": {
        "type": "Point",
        "coordinates": [
          -57.5705099,
          -37.9863535
        ]
      },
      "properties": {
        "linea": "511",
        "ramal": "ALFAR",
        "numero_camara": "707",
        "direccion": "Avenida Pedro Luro & Avenida Juan Héctor Jara, Mar del Plata, Provincia de Buenos Aires, Argentina",
        "orden": 625
      }
    },
    {
      "type": "Feature",
      "geometry": {
        "type": "Point",
        "coordinates": [
          -57.5754804,
          -37.9838062
        ]
      },
      "properties": {
        "linea": "511",
        "ramal": "ALFAR",
        "numero_camara": "809",
        "direccion": "Avenida Pedro Luro & México, Mar del Plata, Provincia de Buenos Aires, Argentina",
        "orden": 626
      }
    },
    {
      "type": "Feature",
      "geometry": {
        "type": "Point",
        "coordinates": [
          -57.5784575,
          -37.9822802
        ]
      },
      "properties": {
        "linea": "511",
        "ramal": "ALFAR",
        "numero_camara": "55",
        "direccion": "Avenida Pedro Luro & Teodoro Bronzini, Mar del Plata, Provincia de Buenos Aires, Argentina",
        "orden": 627
      }
    },
    {
      "type": "Feature",
      "geometry": {
        "type": "Point",
        "coordinates": [
          -57.5822796,
          -37.9804268
        ]
      },
      "properties": {
        "linea": "511",
        "ramal": "ALFAR",
        "numero_camara": "706",
        "direccion": "Champagnat 1564, Mar del Plata, Provincia de Buenos Aires, Argentina",
        "orden": 628
      }
    },
    {
      "type": "Feature",
      "geometry": {
        "type": "Point",
        "coordinates": [
          -57.5863716,
          -37.9781823
        ]
      },
      "properties": {
        "linea": "511",
        "ramal": "ALFAR",
        "numero_camara": "60",
        "direccion": "Avenida Pedro Luro & Tres Arroyos, Mar del Plata, Provincia de Buenos Aires, Argentina",
        "orden": 629
      }
    },
    {
      "type": "Feature",
      "geometry": {
        "type": "Point",
        "coordinates": [
          -57.590468,
          -37.9763188
        ]
      },
      "properties": {
        "linea": "511",
        "ramal": "ALFAR",
        "numero_camara": "344",
        "direccion": "Avenida Pedro Luro & Estado de Israel, Mar del Plata, Provincia de Buenos Aires, Argentina",
        "orden": 630
      }
    },
    {
      "type": "Feature",
      "geometry": {
        "type": "Point",
        "coordinates": [
          -57.5914817,
          -37.9758084
        ]
      },
      "properties": {
        "linea": "511",
        "ramal": "ALFAR",
        "numero_camara": "328",
        "direccion": "Avenida Pedro Luro & Remedios de Escalada, Mar del Plata, Provincia de Buenos Aires, Argentina",
        "orden": 631
      }
    },
    {
      "type": "Feature",
      "geometry": {
        "type": "Point",
        "coordinates": [
          -57.5943871,
          -37.9741178
        ]
      },
      "properties": {
        "linea": "511",
        "ramal": "ALFAR",
        "numero_camara": "54",
        "direccion": "Avenida Pedro Luro & Avenida Doctor Arturo Alió, Mar del Plata, Provincia de Buenos Aires, Argentina",
        "orden": 632
      }
    },
    {
      "type": "Feature",
      "geometry": {
        "type": "Point",
        "coordinates": [
          -57.5996104,
          -37.9716862
        ]
      },
      "properties": {
        "linea": "511",
        "ramal": "ALFAR",
        "numero_camara": "159",
        "direccion": "Avenida Pedro Luro & José María Calaza, Mar del Plata, Provincia de Buenos Aires, Argentina",
        "orden": 633
      }
    },
    {
      "type": "Feature",
      "geometry": {
        "type": "Point",
        "coordinates": [
          -57.6054788,
          -37.9685081
        ]
      },
      "properties": {
        "linea": "511",
        "ramal": "ALFAR",
        "numero_camara": "305",
        "direccion": "Avenida Pedro Luro & Pigüé, Mar del Plata, Provincia de Buenos Aires, Argentina",
        "orden": 634
      }
    },
    {
      "type": "Feature",
      "geometry": {
        "type": "Point",
        "coordinates": [
          -57.6104459,
          -37.9659557
        ]
      },
      "properties": {
        "linea": "511",
        "ramal": "ALFAR",
        "numero_camara": "532",
        "direccion": "Avenida Pedro Luro & Leguizamón Onésimo, Mar del Plata, Provincia de Buenos Aires, Argentina",
        "orden": 635
      }
    },
    {
      "type": "Feature",
      "geometry": {
        "type": "Point",
        "coordinates": [
          -57.6145542,
          -37.9641034
        ]
      },
      "properties": {
        "linea": "511",
        "ramal": "ALFAR",
        "numero_camara": "329",
        "direccion": "Avenida Pedro Luro & Portugal, Mar del Plata, Provincia de Buenos Aires, Argentina",
        "orden": 636
      }
    },
    {
      "type": "Feature",
      "geometry": {
        "type": "Point",
        "coordinates": [
          -57.6215874,
          -37.9602937
        ]
      },
      "properties": {
        "linea": "511",
        "ramal": "ALFAR",
        "numero_camara": "531",
        "direccion": "Avenida Pedro Luro & Ciudad de Rosario, Mar del Plata, Provincia de Buenos Aires, Argentina",
        "orden": 637
      }
    },
    {
      "type": "Feature",
      "geometry": {
        "type": "Point",
        "coordinates": [
          -57.6266578,
          -37.9579504
        ]
      },
      "properties": {
        "linea": "511",
        "ramal": "ALFAR",
        "numero_camara": "304",
        "direccion": "Avenida Pedro Luro & Carrillo, Mar del Plata, Provincia de Buenos Aires, Argentina",
        "orden": 638
      }
    },
    {
      "type": "Feature",
      "geometry": {
        "coordinates": [
          [
            -57.575863,
            -38.072714
          ],
          [
            -57.575833,
            -38.072737
          ],
          [
            -57.575218,
            -38.072222
          ],
          [
            -57.574615,
            -38.071722
          ],
          [
            -57.574366,
            -38.071461
          ],
          [
            -57.574161,
            -38.071235
          ],
          [
            -57.574135,
            -38.071205
          ],
          [
            -57.573954,
            -38.070978
          ],
          [
            -57.573877,
            -38.070844
          ],
          [
            -57.573847,
            -38.070792
          ],
          [
            -57.573749,
            -38.070601
          ],
          [
            -57.573652,
            -38.070404
          ],
          [
            -57.573527,
            -38.07012
          ],
          [
            -57.573447,
            -38.069774
          ],
          [
            -57.573417,
            -38.069409
          ],
          [
            -57.57342,
            -38.069025
          ],
          [
            -57.573424,
            -38.068871
          ],
          [
            -57.573424,
            -38.068855
          ],
          [
            -57.573517,
            -38.065852
          ],
          [
            -57.573564,
            -38.064788
          ],
          [
            -57.573581,
            -38.063953
          ],
          [
            -57.573575,
            -38.063752
          ],
          [
            -57.573562,
            -38.063564
          ],
          [
            -57.573544,
            -38.063379
          ],
          [
            -57.573491,
            -38.063171
          ],
          [
            -57.573417,
            -38.062974
          ],
          [
            -57.573323,
            -38.062771
          ],
          [
            -57.573251,
            -38.062615
          ],
          [
            -57.573188,
            -38.062478
          ],
          [
            -57.573158,
            -38.062412
          ],
          [
            -57.57311,
            -38.062321
          ],
          [
            -57.573046,
            -38.062216
          ],
          [
            -57.572976,
            -38.062118
          ],
          [
            -57.572877,
            -38.061998
          ],
          [
            -57.572716,
            -38.061834
          ],
          [
            -57.572287,
            -38.061424
          ],
          [
            -57.571802,
            -38.061025
          ],
          [
            -57.571636,
            -38.060887
          ],
          [
            -57.571246,
            -38.060566
          ],
          [
            -57.57123,
            -38.060588
          ],
          [
            -57.571176,
            -38.060661
          ],
          [
            -57.571152,
            -38.060679
          ],
          [
            -57.570844,
            -38.06091
          ],
          [
            -57.570328,
            -38.061297
          ],
          [
            -57.570268,
            -38.061246
          ],
          [
            -57.569537,
            -38.060653
          ],
          [
            -57.568706,
            -38.059956
          ],
          [
            -57.567909,
            -38.059296
          ],
          [
            -57.567062,
            -38.058608
          ],
          [
            -57.566263,
            -38.057959
          ],
          [
            -57.565448,
            -38.057272
          ],
          [
            -57.566361,
            -38.056582
          ],
          [
            -57.566389,
            -38.056561
          ],
          [
            -57.565545,
            -38.055865
          ],
          [
            -57.564753,
            -38.055212
          ],
          [
            -57.563918,
            -38.054524
          ],
          [
            -57.563105,
            -38.053853
          ],
          [
            -57.562283,
            -38.053175
          ],
          [
            -57.561408,
            -38.052454
          ],
          [
            -57.561383,
            -38.052472
          ],
          [
            -57.560475,
            -38.053142
          ],
          [
            -57.559581,
            -38.052402
          ],
          [
            -57.560496,
            -38.051712
          ],
          [
            -57.560147,
            -38.051421
          ],
          [
            -57.559701,
            -38.051049
          ],
          [
            -57.558877,
            -38.050361
          ],
          [
            -57.558059,
            -38.049679
          ],
          [
            -57.55804,
            -38.049663
          ],
          [
            -57.557239,
            -38.048994
          ],
          [
            -57.55643,
            -38.048319
          ],
          [
            -57.555616,
            -38.047639
          ],
          [
            -57.554802,
            -38.046959
          ],
          [
            -57.554791,
            -38.046967
          ],
          [
            -57.553862,
            -38.047674
          ],
          [
            -57.553038,
            -38.046984
          ],
          [
            -57.552221,
            -38.046305
          ],
          [
            -57.551395,
            -38.045621
          ],
          [
            -57.550583,
            -38.044948
          ],
          [
            -57.551462,
            -38.044289
          ],
          [
            -57.5515,
            -38.04426
          ],
          [
            -57.55137,
            -38.044213
          ],
          [
            -57.550652,
            -38.04362
          ],
          [
            -57.549998,
            -38.043078
          ],
          [
            -57.549835,
            -38.042944
          ],
          [
            -57.549023,
            -38.042271
          ],
          [
            -57.548202,
            -38.041592
          ],
          [
            -57.548273,
            -38.041539
          ],
          [
            -57.548283,
            -38.041531
          ],
          [
            -57.549103,
            -38.042211
          ],
          [
            -57.549023,
            -38.042271
          ],
          [
            -57.548202,
            -38.041592
          ],
          [
            -57.547369,
            -38.040902
          ],
          [
            -57.546554,
            -38.040228
          ],
          [
            -57.545752,
            -38.039565
          ],
          [
            -57.545011,
            -38.038962
          ],
          [
            -57.544951,
            -38.038842
          ],
          [
            -57.54488,
            -38.038747
          ],
          [
            -57.545777,
            -38.038071
          ],
          [
            -57.545868,
            -38.03815
          ],
          [
            -57.544998,
            -38.038806
          ]
        ],
        "type": "LineString"
      },
      "properties": {
        "linea": "511",
        "ramal": "EDISON",
        "nombre": "Línea 511 - EDISON"
      }
    },
    {
      "type": "Feature",
      "geometry": {
        "type": "Point",
        "coordinates": [
          -57.5758628,
          -38.0727135
        ]
      },
      "properties": {
        "linea": "511",
        "ramal": "EDISON",
        "numero_camara": "209",
        "direccion": "Avenida Jorge Newbery & Bahía Thetis, Mar del Plata, Provincia de Buenos Aires, Argentina",
        "orden": 639
      }
    },
    {
      "type": "Feature",
      "geometry": {
        "type": "Point",
        "coordinates": [
          -57.5734051,
          -38.0688545
        ]
      },
      "properties": {
        "linea": "511",
        "ramal": "EDISON",
        "numero_camara": "243",
        "direccion": "Avenida Jorge Newbery & Fragata Sarmiento, Mar del Plata, Provincia de Buenos Aires, Argentina",
        "orden": 640
      }
    },
    {
      "type": "Feature",
      "geometry": {
        "type": "Point",
        "coordinates": [
          -57.5712209,
          -38.0605842
        ]
      },
      "properties": {
        "linea": "511",
        "ramal": "EDISON",
        "numero_camara": "244",
        "direccion": "Avenida Mario Bravo & Avenida Edison, Mar del Plata, Provincia de Buenos Aires, Argentina",
        "orden": 641
      }
    },
    {
      "type": "Feature",
      "geometry": {
        "type": "Point",
        "coordinates": [
          -57.5663443,
          -38.0565681
        ]
      },
      "properties": {
        "linea": "511",
        "ramal": "EDISON",
        "numero_camara": "284",
        "direccion": "Avenida Edison & Calabria, Mar del Plata, Provincia de Buenos Aires, Argentina",
        "orden": 642
      }
    },
    {
      "type": "Feature",
      "geometry": {
        "type": "Point",
        "coordinates": [
          -57.5613839,
          -38.0524728
        ]
      },
      "properties": {
        "linea": "511",
        "ramal": "EDISON",
        "numero_camara": "279",
        "direccion": "Avenida Edison & Avenida Fortunato de la Plaza, Mar del Plata, Provincia de Buenos Aires, Argentina",
        "orden": 643
      }
    },
    {
      "type": "Feature",
      "geometry": {
        "type": "Point",
        "coordinates": [
          -57.558046,
          -38.0496882
        ]
      },
      "properties": {
        "linea": "511",
        "ramal": "EDISON",
        "numero_camara": "285",
        "direccion": "Avenida Edison & Tripulantes del Fournier, Mar del Plata, Provincia de Buenos Aires, Argentina",
        "orden": 644
      }
    },
    {
      "type": "Feature",
      "geometry": {
        "type": "Point",
        "coordinates": [
          -57.554795,
          -38.0469699
        ]
      },
      "properties": {
        "linea": "511",
        "ramal": "EDISON",
        "numero_camara": "75",
        "direccion": "Avenida Edison & Avenida Vertiz, Mar del Plata, Provincia de Buenos Aires, Argentina",
        "orden": 645
      }
    },
    {
      "type": "Feature",
      "geometry": {
        "type": "Point",
        "coordinates": [
          -57.55148,
          -38.0443042
        ]
      },
      "properties": {
        "linea": "511",
        "ramal": "EDISON",
        "numero_camara": "286",
        "direccion": "Avenida Edison & Ortiz de Zárate, Mar del Plata, Provincia de Buenos Aires, Argentina",
        "orden": 646
      }
    },
    {
      "type": "Feature",
      "geometry": {
        "type": "Point",
        "coordinates": [
          -57.5482786,
          -38.0415439
        ]
      },
      "properties": {
        "linea": "511",
        "ramal": "EDISON",
        "numero_camara": "33",
        "direccion": "Avenida Edison & 12 de Octubre, Mar del Plata, Provincia de Buenos Aires, Argentina",
        "orden": 647
      }
    },
    {
      "type": "Feature",
      "geometry": {
        "type": "Point",
        "coordinates": [
          -57.5449921,
          -38.0388014
        ]
      },
      "properties": {
        "linea": "511",
        "ramal": "EDISON",
        "numero_camara": "358",
        "direccion": "Avenida Juan B. Justo & Avenida Edison, Mar del Plata, Provincia de Buenos Aires, Argentina",
        "orden": 648
      }
    },
    {
      "type": "Feature",
      "geometry": {
        "coordinates": [
          [
            -57.602196,
            -38.126328
          ],
          [
            -57.602153,
            -38.12636
          ],
          [
            -57.601662,
            -38.125864
          ],
          [
            -57.599019,
            -38.123193
          ],
          [
            -57.598401,
            -38.12263
          ],
          [
            -57.598219,
            -38.122456
          ],
          [
            -57.598058,
            -38.1223
          ],
          [
            -57.597505,
            -38.121781
          ],
          [
            -57.597088,
            -38.121389
          ],
          [
            -57.595721,
            -38.120069
          ],
          [
            -57.594587,
            -38.118974
          ],
          [
            -57.593958,
            -38.118386
          ],
          [
            -57.593372,
            -38.11784
          ],
          [
            -57.592721,
            -38.117291
          ],
          [
            -57.592396,
            -38.117045
          ],
          [
            -57.59222,
            -38.116912
          ],
          [
            -57.591598,
            -38.116424
          ],
          [
            -57.591376,
            -38.11625
          ],
          [
            -57.590866,
            -38.115851
          ],
          [
            -57.590675,
            -38.115711
          ],
          [
            -57.589772,
            -38.11505
          ],
          [
            -57.58867,
            -38.114244
          ],
          [
            -57.588623,
            -38.114212
          ],
          [
            -57.588485,
            -38.114119
          ],
          [
            -57.588458,
            -38.114099
          ],
          [
            -57.586802,
            -38.112887
          ],
          [
            -57.585955,
            -38.112336
          ],
          [
            -57.585279,
            -38.111966
          ],
          [
            -57.584609,
            -38.11163
          ],
          [
            -57.584369,
            -38.111526
          ],
          [
            -57.584113,
            -38.111407
          ],
          [
            -57.584015,
            -38.111362
          ],
          [
            -57.583998,
            -38.111354
          ],
          [
            -57.583485,
            -38.111149
          ],
          [
            -57.582793,
            -38.110913
          ],
          [
            -57.581776,
            -38.110586
          ],
          [
            -57.580966,
            -38.110342
          ],
          [
            -57.580582,
            -38.110226
          ],
          [
            -57.579796,
            -38.10998
          ],
          [
            -57.579336,
            -38.109817
          ],
          [
            -57.578944,
            -38.109663
          ],
          [
            -57.578523,
            -38.109489
          ],
          [
            -57.578131,
            -38.1093
          ],
          [
            -57.577828,
            -38.109165
          ],
          [
            -57.57748,
            -38.109006
          ],
          [
            -57.577217,
            -38.108874
          ],
          [
            -57.576888,
            -38.1087
          ],
          [
            -57.576859,
            -38.108684
          ],
          [
            -57.576608,
            -38.108551
          ],
          [
            -57.575118,
            -38.107747
          ],
          [
            -57.574846,
            -38.107603
          ],
          [
            -57.573292,
            -38.106779
          ],
          [
            -57.571207,
            -38.105655
          ],
          [
            -57.570634,
            -38.105384
          ],
          [
            -57.569898,
            -38.105055
          ],
          [
            -57.569896,
            -38.105054
          ],
          [
            -57.569472,
            -38.10488
          ],
          [
            -57.568727,
            -38.104586
          ],
          [
            -57.568285,
            -38.104416
          ],
          [
            -57.567737,
            -38.104218
          ],
          [
            -57.56695,
            -38.103925
          ],
          [
            -57.566842,
            -38.103886
          ],
          [
            -57.566501,
            -38.103767
          ],
          [
            -57.565649,
            -38.103458
          ],
          [
            -57.56516,
            -38.103265
          ],
          [
            -57.56457,
            -38.103024
          ],
          [
            -57.564324,
            -38.102923
          ],
          [
            -57.564029,
            -38.102794
          ],
          [
            -57.563666,
            -38.102627
          ],
          [
            -57.563344,
            -38.102466
          ],
          [
            -57.562938,
            -38.102255
          ],
          [
            -57.562666,
            -38.102105
          ],
          [
            -57.562579,
            -38.102055
          ],
          [
            -57.562493,
            -38.102007
          ],
          [
            -57.562312,
            -38.101906
          ],
          [
            -57.561332,
            -38.101366
          ],
          [
            -57.560448,
            -38.100834
          ],
          [
            -57.560354,
            -38.100777
          ],
          [
            -57.559837,
            -38.100464
          ],
          [
            -57.558943,
            -38.099925
          ],
          [
            -57.558459,
            -38.099636
          ],
          [
            -57.558367,
            -38.099581
          ],
          [
            -57.55817,
            -38.099463
          ],
          [
            -57.558086,
            -38.099413
          ],
          [
            -57.557999,
            -38.099361
          ],
          [
            -57.558135,
            -38.099226
          ],
          [
            -57.558199,
            -38.099218
          ],
          [
            -57.558258,
            -38.099208
          ],
          [
            -57.558317,
            -38.09919
          ],
          [
            -57.558469,
            -38.099049
          ]
        ],
        "type": "LineString"
      },
      "properties": {
        "linea": "511",
        "ramal": "CHAPADMALAL",
        "nombre": "Línea 511 - CHAPADMALAL"
      }
    },
    {
      "type": "Feature",
      "geometry": {
        "type": "Point",
        "coordinates": [
          -57.6021868,
          -38.1263208
        ]
      },
      "properties": {
        "linea": "511",
        "ramal": "CHAPADMALAL",
        "numero_camara": "223",
        "direccion": "Ruta Provincial 11 & Calle 515, Mar del Plata, Provincia de Buenos Aires, Argentina",
        "orden": 649
      }
    },
    {
      "type": "Feature",
      "geometry": {
        "type": "Point",
        "coordinates": [
          -57.5974,
          -38.12185
        ]
      },
      "properties": {
        "linea": "511",
        "ramal": "CHAPADMALAL",
        "numero_camara": "206",
        "direccion": "Ruta Provincial 11 & Calle 495 , Acantilados, Mar del Plata, Provincia de Buenos Aires, Argetina",
        "orden": 650
      }
    },
    {
      "type": "Feature",
      "geometry": {
        "type": "Point",
        "coordinates": [
          -57.5839977,
          -38.111384
        ]
      },
      "properties": {
        "linea": "511",
        "ramal": "CHAPADMALAL",
        "numero_camara": "492",
        "direccion": "Ruta Provincial 11 & Calle 461, Mar del Plata, Provincia de Buenos Aires, Argentina",
        "orden": 651
      }
    },
    {
      "type": "Feature",
      "geometry": {
        "type": "Point",
        "coordinates": [
          -57.5768095,
          -38.1087405
        ]
      },
      "properties": {
        "linea": "511",
        "ramal": "CHAPADMALAL",
        "numero_camara": "487",
        "direccion": "Ruta Provincial 11 & Calle 445, Mar del Plata, Provincia de Buenos Aires, Argentina",
        "orden": 652
      }
    },
    {
      "type": "Feature",
      "geometry": {
        "type": "Point",
        "coordinates": [
          -57.5698726,
          -38.1050888
        ]
      },
      "properties": {
        "linea": "511",
        "ramal": "CHAPADMALAL",
        "numero_camara": "364",
        "direccion": "Ruta Provincial 11 & Calle 431 San Jacinto, Mar del Plata, Provincia de Buenos Aires, Argentina",
        "orden": 653
      }
    },
    {
      "type": "Feature",
      "geometry": {
        "type": "Point",
        "coordinates": [
          -57.5584912,
          -38.0990638
        ]
      },
      "properties": {
        "linea": "511",
        "ramal": "CHAPADMALAL",
        "numero_camara": "493",
        "direccion": "Diagonal Centro, Mar del Plata, Provincia de Buenos Aires, Argentina",
        "orden": 654
      }
    }
  ]
}