{
  "type": "FeatureCollection",
  "features": [
    {
      "type": "Feature",
      "geometry": {
        "type": "Point",
        "coordinates": [
          -57.5698726,
          -38.1050888
        ]
      },
      "properties": {
        "numero_camara": "364",
        "direccion": "Ruta Provincial 11 & Calle 431 San Jacinto, Mar del Plata, Provincia de Buenos Aires, Argentina",
        "orden": 37,
        "linea": "221"
      }
    },
    {
      "type": "Feature",
      "geometry": {
        "type": "Point",
        "coordinates": [
          -57.5584912,
          -38.0990638
        ]
      },
      "properties": {
        "numero_camara": "493",
        "direccion": "Diagonal Centro, Mar del Plata, Provincia de Buenos Aires, Argentina",
        "orden": 38,
        "linea": "221"
      }
    },
    {
      "type": "Feature",
      "geometry": {
        "type": "Point",
        "coordinates": [
          -57.5388552,
          -38.0815723
        ]
      },
      "properties": {
        "numero_camara": "274",
        "direccion": "Avenida de los Trabajadores & Racedo, Mar del Plata, Provincia de Buenos Aires, Argentina",
        "orden": 39,
        "linea": "221"
      }
    },
    {
      "type": "Feature",
      "geometry": {
        "type": "Point",
        "coordinates": [
          -57.5443845,
          -37.9813924
        ]
      },
      "properties": {
        "numero_camara": "362",
        "direccion": "Avenida Félix U. Camet & Río Negro, Mar del Plata, Provincia de Buenos Aires, Argentina",
        "orden": 40,
        "linea": "221"
      }
    },
    {
      "type": "Feature",
      "geometry": {
        "type": "Point",
        "coordinates": [
          -57.5467061,
          -38.0634685
        ]
      },
      "properties": {
        "numero_camara": "39",
        "direccion": "Avenida de los Trabajadores & Avenida Fortunato de la Plaza, Mar del Plata, Provincia de Buenos Aires, Argentina",
        "orden": 41,
        "linea": "221"
      }
    },
    {
      "type": "Feature",
      "geometry": {
        "type": "Point",
        "coordinates": [
          -57.5451502,
          -38.0583449
        ]
      },
      "properties": {
        "numero_camara": "497",
        "direccion": "Avenida de los Trabajadores & Vergara, Mar del Plata, Provincia de Buenos Aires, Argentina",
        "orden": 42,
        "linea": "221"
      }
    },
    {
      "type": "Feature",
      "geometry": {
        "type": "Point",
        "coordinates": [
          -57.547044,
          -38.0538764
        ]
      },
      "properties": {
        "numero_camara": "277",
        "direccion": "Avenida de los Trabajadores & Avenida Vertiz, Mar del Plata, Provincia de Buenos Aires, Argentina",
        "orden": 43,
        "linea": "221"
      }
    },
    {
      "type": "Feature",
      "geometry": {
        "type": "Point",
        "coordinates": [
          -57.5440553,
          -38.044661
        ]
      },
      "properties": {
        "numero_camara": "61",
        "direccion": "Avenida de los Trabajadores & 12 de Octubre, Mar del Plata, Provincia de Buenos Aires, Argentina",
        "orden": 44,
        "linea": "221"
      }
    },
    {
      "type": "Feature",
      "geometry": {
        "type": "Point",
        "coordinates": [
          -57.5423252,
          -38.0407029
        ]
      },
      "properties": {
        "numero_camara": "708",
        "direccion": "Avenida de los Trabajadores & Avenida Juan B. Justo, Mar del Plata, Provincia de Buenos Aires, Argentina",
        "orden": 45,
        "linea": "221"
      }
    },
    {
      "type": "Feature",
      "geometry": {
        "type": "Point",
        "coordinates": [
          -57.5346001,
          -38.0298261
        ]
      },
      "properties": {
        "numero_camara": "306",
        "direccion": "Avenida Patricio Peralta Ramos & Formosa, Mar del Plata, Provincia de Buenos Aires, Argentina",
        "orden": 46,
        "linea": "221"
      }
    },
    {
      "type": "Feature",
      "geometry": {
        "type": "Point",
        "coordinates": [
          -57.5310174,
          -38.0254904
        ]
      },
      "properties": {
        "numero_camara": "308",
        "direccion": "Avenida Patricio Peralta Ramos & General Roca, Mar del Plata, Provincia de Buenos Aires, Argentina",
        "orden": 47,
        "linea": "221"
      }
    },
    {
      "type": "Feature",
      "geometry": {
        "type": "Point",
        "coordinates": [
          -57.5288615,
          -38.0245478
        ]
      },
      "properties": {
        "numero_camara": "442",
        "direccion": "Avellaneda 26 , Mar del Plata, Provincia de Buenos Aires, Argentina",
        "orden": 48,
        "linea": "221"
      }
    },
    {
      "type": "Feature",
      "geometry": {
        "type": "Point",
        "coordinates": [
          -57.5255168,
          -38.0193099
        ]
      },
      "properties": {
        "numero_camara": "381",
        "direccion": "Cabo Corrientes Center, Mar del Plata, Provincia de Buenos Aires, Argentina",
        "orden": 49,
        "linea": "221"
      }
    },
    {
      "type": "Feature",
      "geometry": {
        "type": "Point",
        "coordinates": [
          -57.5325835,
          -38.0127563
        ]
      },
      "properties": {
        "numero_camara": "440",
        "direccion": "Avenida Patricio Peralta Ramos, Mar del Plata, Provincia de Buenos Aires, Argentina",
        "orden": 50,
        "linea": "221"
      }
    },
    {
      "type": "Feature",
      "geometry": {
        "type": "Point",
        "coordinates": [
          -57.5332108,
          -38.0086859
        ]
      },
      "properties": {
        "numero_camara": "205",
        "direccion": "Avenida Patricio Peralta Ramos & Viamonte, Mar del Plata, Provincia de Buenos Aires, Argentina",
        "orden": 51,
        "linea": "221"
      }
    },
    {
      "type": "Feature",
      "geometry": {
        "type": "Point",
        "coordinates": [
          -57.5385752,
          -38.0082574
        ]
      },
      "properties": {
        "numero_camara": "578",
        "direccion": "Alsina 2100, Mar del Plata, Provincia de Buenos Aires, Argentina",
        "orden": 52,
        "linea": "221"
      }
    },
    {
      "type": "Feature",
      "geometry": {
        "type": "Point",
        "coordinates": [
          -57.5423229,
          -38.0058564
        ]
      },
      "properties": {
        "numero_camara": "108",
        "direccion": "Avenida Patricio Peralta Ramos & Arenales, Mar del Plata, Provincia de Buenos Aires, Argentina",
        "orden": 53,
        "linea": "221"
      }
    },
    {
      "type": "Feature",
      "geometry": {
        "type": "Point",
        "coordinates": [
          -57.5431804,
          -38.0035742
        ]
      },
      "properties": {
        "numero_camara": "80",
        "direccion": "Buenos Aires 1900, Mar del Plata, Provincia de Buenos Aires, Argentina",
        "orden": 54,
        "linea": "221"
      }
    },
    {
      "type": "Feature",
      "geometry": {
        "type": "Point",
        "coordinates": [
          -57.5415961,
          -38.0009489
        ]
      },
      "properties": {
        "numero_camara": "705",
        "direccion": "Avenida Pedro Luro & Buenos Aires, Mar del Plata, Provincia de Buenos Aires, Argentina",
        "orden": 55,
        "linea": "221"
      }
    },
    {
      "type": "Feature",
      "geometry": {
        "type": "Point",
        "coordinates": [
          -57.5424627,
          -37.9991601
        ]
      },
      "properties": {
        "numero_camara": "438",
        "direccion": "Diagonal Alberdi Sur & Corrientes, Mar del Plata, Provincia de Buenos Aires, Argentina",
        "orden": 56,
        "linea": "221"
      }
    },
    {
      "type": "Feature",
      "geometry": {
        "type": "Point",
        "coordinates": [
          -57.5475205,
          -37.9967517
        ]
      },
      "properties": {
        "numero_camara": "437",
        "direccion": "25 de Mayo 2800, Mar del Plata, Provincia de Buenos Aires, Argentina",
        "orden": 57,
        "linea": "221"
      }
    },
    {
      "type": "Feature",
      "geometry": {
        "type": "Point",
        "coordinates": [
          -57.5478602,
          -37.9954485
        ]
      },
      "properties": {
        "numero_camara": "519",
        "direccion": "Nueve de Julio y Hipólito Yrigoyen, Mar del Plata, Provincia de Buenos Aires, Argentina",
        "orden": 58,
        "linea": "221"
      }
    },
    {
      "type": "Feature",
      "geometry": {
        "type": "Point",
        "coordinates": [
          -57.5452828,
          -37.9922084
        ]
      },
      "properties": {
        "numero_camara": "443",
        "direccion": "Avenida Libertad & Avenida Patricio Peralta Ramos, Mar del Plata, Provincia de Buenos Aires, Argentina",
        "orden": 59,
        "linea": "221"
      }
    },
    {
      "type": "Feature",
      "geometry": {
        "type": "Point",
        "coordinates": [
          -57.5452102,
          -37.9899409
        ]
      },
      "properties": {
        "numero_camara": "804",
        "direccion": "Avenida Patricio Peralta Ramos & Chacabuco, Mar del Plata, Provincia de Buenos Aires, Argentina",
        "orden": 60,
        "linea": "221"
      }
    },
    {
      "type": "Feature",
      "geometry": {
        "type": "Point",
        "coordinates": [
          -57.5450508,
          -37.9866704
        ]
      },
      "properties": {
        "numero_camara": "41",
        "direccion": "Avenida Independencia & Necochea, Mar del Plata, Provincia de Buenos Aires, Argentina",
        "orden": 61,
        "linea": "221"
      }
    },
    {
      "type": "Feature",
      "geometry": {
        "type": "Point",
        "coordinates": [
          -57.5443845,
          -37.9813924
        ]
      },
      "properties": {
        "numero_camara": "262",
        "direccion": "Avenida Félix U. Camet & Río Negro, Mar del Plata, Provincia de Buenos Aires, Argentina",
        "orden": 62,
        "linea": "221"
      }
    },
    {
      "type": "Feature",
      "geometry": {
        "type": "Point",
        "coordinates": [
          -57.5432396,
          -37.975338
        ]
      },
      "properties": {
        "numero_camara": "587",
        "direccion": "Avenida Félix U. Camet & Florisbelo Acosta, Mar del Plata, Provincia de Buenos Aires, Argentina",
        "orden": 63,
        "linea": "221"
      }
    },
    {
      "type": "Feature",
      "geometry": {
        "type": "Point",
        "coordinates": [
          -57.543546,
          -37.9701501
        ]
      },
      "properties": {
        "numero_camara": "29",
        "direccion": "Constitucion y la Costa, Mar del Plata, Provincia de Buenos Aires, Argentina",
        "orden": 64,
        "linea": "221"
      }
    },
    {
      "type": "Feature",
      "geometry": {
        "type": "Point",
        "coordinates": [
          -57.5406799,
          -37.9630928
        ]
      },
      "properties": {
        "numero_camara": "251",
        "direccion": "Avenida Félix U. Camet & Pascuala Mugaburu, Mar del Plata, Provincia de Buenos Aires, Argentina",
        "orden": 65,
        "linea": "221"
      }
    },
    {
      "type": "Feature",
      "geometry": {
        "type": "Point",
        "coordinates": [
          -57.5372696,
          -37.95364
        ]
      },
      "properties": {
        "numero_camara": "498",
        "direccion": "Avenida Félix U. Camet & Lucio Mansilla, Mar del Plata, Provincia de Buenos Aires, Argentina",
        "orden": 66,
        "linea": "221"
      }
    },
    {
      "type": "Feature",
      "geometry": {
        "type": "Point",
        "coordinates": [
          -57.5352097,
          -37.9469528
        ]
      },
      "properties": {
        "numero_camara": "499",
        "direccion": "Avenida Félix U. Camet & Avenida Fray Luis Beltrán, Mar del Plata, Provincia de Buenos Aires, Argentina",
        "orden": 67,
        "linea": "221"
      }
    },
    {
      "type": "Feature",
      "geometry": {
        "type": "Point",
        "coordinates": [
          -57.5315803,
          -37.9323532
        ]
      },
      "properties": {
        "numero_camara": "589",
        "direccion": "Ruta Provincial 11 & Calle Scaglia, Mar del Plata, Provincia de Buenos Aires, Argentina",
        "orden": 68,
        "linea": "221"
      }
    },
    {
      "type": "Feature",
      "geometry": {
        "coordinates": [
          [
            -57.569896,
            -38.105054
          ],
          [
            -57.569472,
            -38.10488
          ],
          [
            -57.568727,
            -38.104586
          ],
          [
            -57.568285,
            -38.104416
          ],
          [
            -57.567737,
            -38.104218
          ],
          [
            -57.56695,
            -38.103925
          ],
          [
            -57.566842,
            -38.103886
          ],
          [
            -57.566501,
            -38.103767
          ],
          [
            -57.565649,
            -38.103458
          ],
          [
            -57.56516,
            -38.103265
          ],
          [
            -57.56457,
            -38.103024
          ],
          [
            -57.564324,
            -38.102923
          ],
          [
            -57.564029,
            -38.102794
          ],
          [
            -57.563666,
            -38.102627
          ],
          [
            -57.563344,
            -38.102466
          ],
          [
            -57.562938,
            -38.102255
          ],
          [
            -57.562666,
            -38.102105
          ],
          [
            -57.562579,
            -38.102055
          ],
          [
            -57.562493,
            -38.102007
          ],
          [
            -57.562312,
            -38.101906
          ],
          [
            -57.561332,
            -38.101366
          ],
          [
            -57.560448,
            -38.100834
          ],
          [
            -57.560927,
            -38.100429
          ],
          [
            -57.560001,
            -38.099864
          ],
          [
            -57.558531,
            -38.098991
          ],
          [
            -57.558469,
            -38.099049
          ],
          [
            -57.558317,
            -38.09919
          ],
          [
            -57.558308,
            -38.099231
          ],
          [
            -57.558307,
            -38.099281
          ],
          [
            -57.558308,
            -38.099318
          ],
          [
            -57.55817,
            -38.099463
          ],
          [
            -57.558086,
            -38.099413
          ],
          [
            -57.557999,
            -38.099361
          ],
          [
            -57.557788,
            -38.099228
          ],
          [
            -57.557443,
            -38.099023
          ],
          [
            -57.556693,
            -38.098569
          ],
          [
            -57.55665,
            -38.098543
          ],
          [
            -57.555302,
            -38.097732
          ],
          [
            -57.555026,
            -38.097562
          ],
          [
            -57.55348,
            -38.09663
          ],
          [
            -57.553113,
            -38.096408
          ],
          [
            -57.552411,
            -38.095985
          ],
          [
            -57.551864,
            -38.095657
          ],
          [
            -57.551766,
            -38.0956
          ],
          [
            -57.551682,
            -38.095551
          ],
          [
            -57.551465,
            -38.095423
          ],
          [
            -57.550285,
            -38.094743
          ],
          [
            -57.54967,
            -38.094359
          ],
          [
            -57.549134,
            -38.094045
          ],
          [
            -57.548854,
            -38.093866
          ],
          [
            -57.548741,
            -38.093794
          ],
          [
            -57.548507,
            -38.093652
          ],
          [
            -57.548444,
            -38.093614
          ],
          [
            -57.54816,
            -38.093442
          ],
          [
            -57.547825,
            -38.093241
          ],
          [
            -57.547526,
            -38.093057
          ],
          [
            -57.547456,
            -38.093009
          ],
          [
            -57.547224,
            -38.092856
          ],
          [
            -57.547013,
            -38.092693
          ],
          [
            -57.54687,
            -38.09258
          ],
          [
            -57.546741,
            -38.092473
          ],
          [
            -57.546523,
            -38.092264
          ],
          [
            -57.546292,
            -38.092
          ],
          [
            -57.546116,
            -38.091773
          ],
          [
            -57.546035,
            -38.091657
          ],
          [
            -57.545944,
            -38.091502
          ],
          [
            -57.545872,
            -38.091352
          ],
          [
            -57.545804,
            -38.091177
          ],
          [
            -57.545701,
            -38.090925
          ],
          [
            -57.545619,
            -38.090731
          ],
          [
            -57.545519,
            -38.090481
          ],
          [
            -57.545339,
            -38.090071
          ],
          [
            -57.545234,
            -38.089855
          ],
          [
            -57.545173,
            -38.089758
          ],
          [
            -57.545106,
            -38.089674
          ],
          [
            -57.545032,
            -38.0896
          ],
          [
            -57.54492,
            -38.089505
          ],
          [
            -57.544739,
            -38.089353
          ],
          [
            -57.54452,
            -38.089164
          ],
          [
            -57.544367,
            -38.089036
          ],
          [
            -57.544287,
            -38.088968
          ],
          [
            -57.544272,
            -38.088956
          ],
          [
            -57.544196,
            -38.08889
          ],
          [
            -57.544033,
            -38.088749
          ],
          [
            -57.543822,
            -38.08857
          ],
          [
            -57.543746,
            -38.088506
          ],
          [
            -57.54349,
            -38.088285
          ],
          [
            -57.54342,
            -38.088219
          ],
          [
            -57.543381,
            -38.088177
          ],
          [
            -57.543216,
            -38.087998
          ],
          [
            -57.5431,
            -38.087864
          ],
          [
            -57.542998,
            -38.087726
          ],
          [
            -57.542916,
            -38.087605
          ],
          [
            -57.542819,
            -38.087432
          ],
          [
            -57.542702,
            -38.087187
          ],
          [
            -57.54263,
            -38.087038
          ],
          [
            -57.542565,
            -38.086906
          ],
          [
            -57.542437,
            -38.086642
          ],
          [
            -57.542214,
            -38.086142
          ],
          [
            -57.542074,
            -38.085844
          ],
          [
            -57.542029,
            -38.085747
          ],
          [
            -57.54198,
            -38.085642
          ],
          [
            -57.541905,
            -38.08553
          ],
          [
            -57.541825,
            -38.08543
          ],
          [
            -57.541766,
            -38.085367
          ],
          [
            -57.541704,
            -38.085306
          ],
          [
            -57.541544,
            -38.085164
          ],
          [
            -57.541418,
            -38.085051
          ],
          [
            -57.541278,
            -38.084939
          ],
          [
            -57.541163,
            -38.084851
          ],
          [
            -57.54106,
            -38.084766
          ],
          [
            -57.540938,
            -38.084679
          ],
          [
            -57.54055,
            -38.084396
          ],
          [
            -57.539807,
            -38.083838
          ],
          [
            -57.539771,
            -38.083781
          ],
          [
            -57.53975,
            -38.083733
          ],
          [
            -57.53975,
            -38.083699
          ],
          [
            -57.539759,
            -38.083664
          ],
          [
            -57.539774,
            -38.083636
          ],
          [
            -57.53979,
            -38.083613
          ],
          [
            -57.539819,
            -38.083592
          ],
          [
            -57.539847,
            -38.083579
          ],
          [
            -57.539893,
            -38.083574
          ],
          [
            -57.539958,
            -38.083581
          ],
          [
            -57.540038,
            -38.083599
          ],
          [
            -57.54021,
            -38.083651
          ],
          [
            -57.540325,
            -38.083723
          ],
          [
            -57.540462,
            -38.08382
          ],
          [
            -57.540742,
            -38.084022
          ],
          [
            -57.541292,
            -38.083607
          ],
          [
            -57.541798,
            -38.083225
          ],
          [
            -57.542149,
            -38.08296
          ],
          [
            -57.543013,
            -38.082308
          ],
          [
            -57.542263,
            -38.081691
          ],
          [
            -57.541715,
            -38.081244
          ],
          [
            -57.541155,
            -38.080785
          ],
          [
            -57.540453,
            -38.080202
          ],
          [
            -57.540365,
            -38.080129
          ],
          [
            -57.540305,
            -38.080186
          ],
          [
            -57.53961,
            -38.08084
          ],
          [
            -57.539478,
            -38.08096
          ],
          [
            -57.539152,
            -38.08125
          ],
          [
            -57.538944,
            -38.081451
          ],
          [
            -57.538848,
            -38.081568
          ],
          [
            -57.538842,
            -38.081575
          ],
          [
            -57.538778,
            -38.081687
          ],
          [
            -57.538743,
            -38.081763
          ],
          [
            -57.538717,
            -38.081841
          ],
          [
            -57.538696,
            -38.081918
          ],
          [
            -57.538682,
            -38.081992
          ],
          [
            -57.538678,
            -38.08207
          ],
          [
            -57.538684,
            -38.082179
          ],
          [
            -57.538709,
            -38.082282
          ],
          [
            -57.538738,
            -38.082373
          ],
          [
            -57.538775,
            -38.082451
          ],
          [
            -57.538829,
            -38.082536
          ],
          [
            -57.538887,
            -38.082613
          ],
          [
            -57.53898,
            -38.082704
          ],
          [
            -57.539107,
            -38.082825
          ],
          [
            -57.539351,
            -38.083046
          ],
          [
            -57.539579,
            -38.08324
          ],
          [
            -57.539738,
            -38.083358
          ],
          [
            -57.539916,
            -38.083479
          ],
          [
            -57.54021,
            -38.083651
          ],
          [
            -57.540325,
            -38.083723
          ],
          [
            -57.540462,
            -38.08382
          ],
          [
            -57.540742,
            -38.084022
          ],
          [
            -57.540801,
            -38.084066
          ],
          [
            -57.5409,
            -38.084139
          ],
          [
            -57.541037,
            -38.08424
          ],
          [
            -57.541164,
            -38.084328
          ],
          [
            -57.541338,
            -38.084457
          ],
          [
            -57.541401,
            -38.084554
          ],
          [
            -57.541421,
            -38.084611
          ],
          [
            -57.541427,
            -38.084664
          ],
          [
            -57.541414,
            -38.084708
          ],
          [
            -57.541387,
            -38.084743
          ],
          [
            -57.541342,
            -38.084771
          ],
          [
            -57.541291,
            -38.084792
          ],
          [
            -57.541221,
            -38.084799
          ],
          [
            -57.54117,
            -38.084796
          ],
          [
            -57.541128,
            -38.084789
          ],
          [
            -57.54106,
            -38.084766
          ],
          [
            -57.540938,
            -38.084679
          ],
          [
            -57.54055,
            -38.084396
          ],
          [
            -57.539807,
            -38.083838
          ],
          [
            -57.539564,
            -38.083655
          ],
          [
            -57.539384,
            -38.083496
          ],
          [
            -57.539215,
            -38.083306
          ],
          [
            -57.539099,
            -38.083172
          ],
          [
            -57.538963,
            -38.083011
          ],
          [
            -57.538914,
            -38.082955
          ],
          [
            -57.538744,
            -38.082754
          ],
          [
            -57.538663,
            -38.08265
          ],
          [
            -57.538617,
            -38.082577
          ],
          [
            -57.538568,
            -38.082497
          ],
          [
            -57.538532,
            -38.082418
          ],
          [
            -57.538502,
            -38.082341
          ],
          [
            -57.538479,
            -38.082268
          ],
          [
            -57.538463,
            -38.082177
          ],
          [
            -57.538459,
            -38.082073
          ],
          [
            -57.538466,
            -38.081973
          ],
          [
            -57.538476,
            -38.081912
          ],
          [
            -57.538481,
            -38.081884
          ],
          [
            -57.538512,
            -38.081769
          ],
          [
            -57.538542,
            -38.081679
          ],
          [
            -57.53859,
            -38.081571
          ],
          [
            -57.538681,
            -38.081432
          ],
          [
            -57.538751,
            -38.081357
          ],
          [
            -57.538872,
            -38.081238
          ],
          [
            -57.539048,
            -38.081081
          ],
          [
            -57.539814,
            -38.080391
          ],
          [
            -57.540277,
            -38.079936
          ],
          [
            -57.540353,
            -38.079855
          ],
          [
            -57.540408,
            -38.079794
          ],
          [
            -57.54066,
            -38.079515
          ],
          [
            -57.540867,
            -38.079313
          ],
          [
            -57.541021,
            -38.079181
          ],
          [
            -57.541148,
            -38.079088
          ],
          [
            -57.541295,
            -38.078989
          ],
          [
            -57.541493,
            -38.07886
          ],
          [
            -57.541917,
            -38.078607
          ],
          [
            -57.542115,
            -38.078478
          ],
          [
            -57.542277,
            -38.078356
          ],
          [
            -57.542404,
            -38.078242
          ],
          [
            -57.542434,
            -38.078216
          ],
          [
            -57.542457,
            -38.078194
          ],
          [
            -57.542518,
            -38.078136
          ],
          [
            -57.542606,
            -38.078043
          ],
          [
            -57.542742,
            -38.077888
          ],
          [
            -57.542903,
            -38.077659
          ],
          [
            -57.542979,
            -38.077513
          ],
          [
            -57.543228,
            -38.077059
          ],
          [
            -57.543268,
            -38.076987
          ],
          [
            -57.54335,
            -38.076846
          ],
          [
            -57.543431,
            -38.07674
          ],
          [
            -57.543512,
            -38.076643
          ],
          [
            -57.543584,
            -38.076562
          ],
          [
            -57.543761,
            -38.076385
          ],
          [
            -57.543994,
            -38.076177
          ],
          [
            -57.544215,
            -38.076003
          ],
          [
            -57.54441,
            -38.075847
          ],
          [
            -57.544777,
            -38.075548
          ],
          [
            -57.545062,
            -38.075321
          ],
          [
            -57.545172,
            -38.075224
          ],
          [
            -57.545445,
            -38.074954
          ],
          [
            -57.545494,
            -38.074905
          ],
          [
            -57.545723,
            -38.074639
          ],
          [
            -57.545976,
            -38.074325
          ],
          [
            -57.546004,
            -38.074287
          ],
          [
            -57.546122,
            -38.074108
          ],
          [
            -57.546242,
            -38.073916
          ],
          [
            -57.546271,
            -38.073868
          ],
          [
            -57.546354,
            -38.073721
          ],
          [
            -57.546435,
            -38.073565
          ],
          [
            -57.546629,
            -38.073154
          ],
          [
            -57.546759,
            -38.072842
          ],
          [
            -57.546883,
            -38.072443
          ],
          [
            -57.546899,
            -38.072375
          ],
          [
            -57.546964,
            -38.071951
          ],
          [
            -57.546992,
            -38.071685
          ],
          [
            -57.547014,
            -38.071288
          ],
          [
            -57.547021,
            -38.070853
          ],
          [
            -57.547004,
            -38.070364
          ],
          [
            -57.546982,
            -38.070051
          ],
          [
            -57.546953,
            -38.069535
          ],
          [
            -57.546938,
            -38.068991
          ],
          [
            -57.546932,
            -38.068853
          ],
          [
            -57.546932,
            -38.068823
          ],
          [
            -57.546915,
            -38.068163
          ],
          [
            -57.546897,
            -38.067524
          ],
          [
            -57.546888,
            -38.067319
          ],
          [
            -57.546852,
            -38.066858
          ],
          [
            -57.546806,
            -38.066249
          ],
          [
            -57.546797,
            -38.065949
          ],
          [
            -57.546782,
            -38.065753
          ],
          [
            -57.546756,
            -38.065573
          ],
          [
            -57.546714,
            -38.065367
          ],
          [
            -57.546648,
            -38.065122
          ],
          [
            -57.546593,
            -38.06494
          ],
          [
            -57.546518,
            -38.06474
          ],
          [
            -57.54638,
            -38.064456
          ],
          [
            -57.54608,
            -38.063783
          ],
          [
            -57.545998,
            -38.063595
          ],
          [
            -57.545671,
            -38.062878
          ],
          [
            -57.545486,
            -38.06246
          ],
          [
            -57.545177,
            -38.061773
          ],
          [
            -57.545065,
            -38.061515
          ],
          [
            -57.544865,
            -38.061083
          ],
          [
            -57.54482,
            -38.060977
          ],
          [
            -57.544577,
            -38.060449
          ],
          [
            -57.544427,
            -38.060103
          ],
          [
            -57.544364,
            -38.059932
          ],
          [
            -57.544314,
            -38.059767
          ],
          [
            -57.544298,
            -38.059694
          ],
          [
            -57.544288,
            -38.059508
          ],
          [
            -57.544304,
            -38.059329
          ],
          [
            -57.54433,
            -38.059193
          ],
          [
            -57.544362,
            -38.059084
          ],
          [
            -57.544419,
            -38.05897
          ],
          [
            -57.544482,
            -38.058874
          ],
          [
            -57.544595,
            -38.058731
          ],
          [
            -57.545032,
            -38.058259
          ],
          [
            -57.545378,
            -38.057882
          ],
          [
            -57.545735,
            -38.057495
          ],
          [
            -57.546009,
            -38.057198
          ],
          [
            -57.546129,
            -38.057059
          ],
          [
            -57.546232,
            -38.056919
          ],
          [
            -57.546336,
            -38.056776
          ],
          [
            -57.54642,
            -38.056638
          ],
          [
            -57.546558,
            -38.056419
          ],
          [
            -57.546691,
            -38.056191
          ],
          [
            -57.546813,
            -38.055973
          ],
          [
            -57.546936,
            -38.055759
          ],
          [
            -57.547022,
            -38.055606
          ],
          [
            -57.547086,
            -38.055472
          ],
          [
            -57.547133,
            -38.055351
          ],
          [
            -57.547176,
            -38.055213
          ],
          [
            -57.547209,
            -38.055063
          ],
          [
            -57.547222,
            -38.054932
          ],
          [
            -57.547226,
            -38.054788
          ],
          [
            -57.547216,
            -38.054641
          ],
          [
            -57.547192,
            -38.054506
          ],
          [
            -57.54715,
            -38.054348
          ],
          [
            -57.547077,
            -38.054146
          ],
          [
            -57.546913,
            -38.053898
          ],
          [
            -57.546783,
            -38.053709
          ],
          [
            -57.546574,
            -38.053426
          ],
          [
            -57.546367,
            -38.053169
          ],
          [
            -57.546135,
            -38.052912
          ],
          [
            -57.545895,
            -38.052646
          ],
          [
            -57.545767,
            -38.052498
          ],
          [
            -57.545639,
            -38.052336
          ],
          [
            -57.545541,
            -38.052192
          ],
          [
            -57.545478,
            -38.052092
          ],
          [
            -57.545418,
            -38.051979
          ],
          [
            -57.545387,
            -38.051907
          ],
          [
            -57.545355,
            -38.051824
          ],
          [
            -57.545317,
            -38.051692
          ],
          [
            -57.545304,
            -38.051531
          ],
          [
            -57.545294,
            -38.051448
          ],
          [
            -57.545038,
            -38.050218
          ],
          [
            -57.544999,
            -38.050032
          ],
          [
            -57.544973,
            -38.049906
          ],
          [
            -57.544865,
            -38.049391
          ],
          [
            -57.544805,
            -38.049104
          ],
          [
            -57.544771,
            -38.048938
          ],
          [
            -57.544348,
            -38.047063
          ],
          [
            -57.544316,
            -38.046922
          ],
          [
            -57.544299,
            -38.046845
          ],
          [
            -57.544285,
            -38.046775
          ],
          [
            -57.544252,
            -38.046584
          ],
          [
            -57.544113,
            -38.045791
          ],
          [
            -57.543927,
            -38.044921
          ],
          [
            -57.543913,
            -38.044857
          ],
          [
            -57.543901,
            -38.044771
          ],
          [
            -57.543779,
            -38.044116
          ],
          [
            -57.54367,
            -38.043572
          ],
          [
            -57.54361,
            -38.043277
          ],
          [
            -57.543585,
            -38.043171
          ],
          [
            -57.543557,
            -38.043069
          ],
          [
            -57.543513,
            -38.042946
          ],
          [
            -57.543457,
            -38.042818
          ],
          [
            -57.543377,
            -38.042671
          ],
          [
            -57.543221,
            -38.042422
          ],
          [
            -57.542697,
            -38.041609
          ],
          [
            -57.542341,
            -38.040915
          ],
          [
            -57.542304,
            -38.040833
          ],
          [
            -57.542264,
            -38.040742
          ],
          [
            -57.54223,
            -38.040659
          ],
          [
            -57.542199,
            -38.04063
          ],
          [
            -57.541343,
            -38.039809
          ],
          [
            -57.5412,
            -38.039658
          ],
          [
            -57.541081,
            -38.039515
          ],
          [
            -57.540948,
            -38.039343
          ],
          [
            -57.540809,
            -38.039156
          ],
          [
            -57.540681,
            -38.038977
          ],
          [
            -57.539985,
            -38.038031
          ],
          [
            -57.539114,
            -38.036848
          ],
          [
            -57.538661,
            -38.036248
          ],
          [
            -57.538605,
            -38.036174
          ],
          [
            -57.538231,
            -38.03568
          ],
          [
            -57.537993,
            -38.03537
          ],
          [
            -57.537585,
            -38.034874
          ],
          [
            -57.537371,
            -38.034645
          ],
          [
            -57.537061,
            -38.034328
          ],
          [
            -57.536167,
            -38.033436
          ],
          [
            -57.535615,
            -38.033076
          ],
          [
            -57.535215,
            -38.032831
          ],
          [
            -57.535087,
            -38.032743
          ],
          [
            -57.534761,
            -38.032565
          ],
          [
            -57.534641,
            -38.032491
          ],
          [
            -57.534543,
            -38.032426
          ],
          [
            -57.534446,
            -38.03235
          ],
          [
            -57.534348,
            -38.032259
          ],
          [
            -57.534237,
            -38.032142
          ],
          [
            -57.534152,
            -38.032034
          ],
          [
            -57.534124,
            -38.031996
          ],
          [
            -57.534083,
            -38.031941
          ],
          [
            -57.534004,
            -38.031821
          ],
          [
            -57.533695,
            -38.031278
          ],
          [
            -57.533598,
            -38.031164
          ],
          [
            -57.533415,
            -38.030919
          ],
          [
            -57.533404,
            -38.030894
          ],
          [
            -57.533395,
            -38.030864
          ],
          [
            -57.533387,
            -38.030834
          ],
          [
            -57.533387,
            -38.030801
          ],
          [
            -57.533408,
            -38.030727
          ],
          [
            -57.533459,
            -38.030623
          ],
          [
            -57.533489,
            -38.030565
          ],
          [
            -57.533709,
            -38.030242
          ],
          [
            -57.53376,
            -38.030141
          ],
          [
            -57.533794,
            -38.03006
          ],
          [
            -57.533818,
            -38.029987
          ],
          [
            -57.533836,
            -38.029908
          ],
          [
            -57.533851,
            -38.02983
          ],
          [
            -57.53386,
            -38.029749
          ],
          [
            -57.533862,
            -38.029658
          ],
          [
            -57.533854,
            -38.029579
          ],
          [
            -57.533841,
            -38.029512
          ],
          [
            -57.533815,
            -38.029419
          ],
          [
            -57.533767,
            -38.029279
          ],
          [
            -57.53359,
            -38.028932
          ],
          [
            -57.533246,
            -38.028247
          ],
          [
            -57.533105,
            -38.027967
          ],
          [
            -57.532923,
            -38.027615
          ],
          [
            -57.532466,
            -38.026703
          ],
          [
            -57.532329,
            -38.026453
          ],
          [
            -57.532301,
            -38.026387
          ],
          [
            -57.532213,
            -38.026108
          ],
          [
            -57.53214,
            -38.026052
          ],
          [
            -57.532088,
            -38.026018
          ],
          [
            -57.531994,
            -38.025959
          ],
          [
            -57.531902,
            -38.025906
          ],
          [
            -57.531778,
            -38.025841
          ],
          [
            -57.531169,
            -38.025534
          ],
          [
            -57.531056,
            -38.025479
          ],
          [
            -57.530972,
            -38.025436
          ],
          [
            -57.530109,
            -38.024998
          ],
          [
            -57.529897,
            -38.024894
          ],
          [
            -57.528776,
            -38.024316
          ],
          [
            -57.528621,
            -38.024264
          ],
          [
            -57.528485,
            -38.024193
          ],
          [
            -57.528384,
            -38.024137
          ],
          [
            -57.528298,
            -38.024083
          ],
          [
            -57.528189,
            -38.024008
          ],
          [
            -57.528135,
            -38.023961
          ],
          [
            -57.528088,
            -38.023911
          ],
          [
            -57.528047,
            -38.023859
          ],
          [
            -57.528014,
            -38.023805
          ],
          [
            -57.527978,
            -38.023738
          ],
          [
            -57.527952,
            -38.023676
          ],
          [
            -57.52793,
            -38.023599
          ],
          [
            -57.527912,
            -38.023505
          ],
          [
            -57.527901,
            -38.023362
          ],
          [
            -57.527887,
            -38.023199
          ],
          [
            -57.527896,
            -38.023038
          ],
          [
            -57.527856,
            -38.0228
          ],
          [
            -57.527846,
            -38.022737
          ],
          [
            -57.527844,
            -38.02268
          ],
          [
            -57.527847,
            -38.022631
          ],
          [
            -57.52786,
            -38.02245
          ],
          [
            -57.527869,
            -38.022293
          ],
          [
            -57.527861,
            -38.021596
          ],
          [
            -57.52786,
            -38.021522
          ],
          [
            -57.527855,
            -38.021368
          ],
          [
            -57.52784,
            -38.020905
          ],
          [
            -57.527805,
            -38.020546
          ],
          [
            -57.527794,
            -38.020497
          ],
          [
            -57.527777,
            -38.020447
          ],
          [
            -57.527751,
            -38.0204
          ],
          [
            -57.527717,
            -38.020359
          ],
          [
            -57.527695,
            -38.020337
          ],
          [
            -57.527648,
            -38.020311
          ],
          [
            -57.527588,
            -38.020284
          ],
          [
            -57.527506,
            -38.02026
          ],
          [
            -57.527417,
            -38.020243
          ],
          [
            -57.527264,
            -38.020217
          ],
          [
            -57.526521,
            -38.020138
          ],
          [
            -57.526253,
            -38.020098
          ],
          [
            -57.526134,
            -38.020077
          ],
          [
            -57.526041,
            -38.020054
          ],
          [
            -57.525969,
            -38.020031
          ],
          [
            -57.525915,
            -38.020006
          ],
          [
            -57.525856,
            -38.019973
          ],
          [
            -57.525788,
            -38.01993
          ],
          [
            -57.52573,
            -38.019883
          ],
          [
            -57.525677,
            -38.019826
          ],
          [
            -57.525611,
            -38.019736
          ],
          [
            -57.525538,
            -38.019616
          ],
          [
            -57.52545,
            -38.019441
          ],
          [
            -57.525424,
            -38.019383
          ],
          [
            -57.525405,
            -38.019327
          ],
          [
            -57.52538,
            -38.019228
          ],
          [
            -57.525348,
            -38.019051
          ],
          [
            -57.525314,
            -38.018928
          ],
          [
            -57.525284,
            -38.018851
          ],
          [
            -57.525231,
            -38.018718
          ],
          [
            -57.525194,
            -38.018602
          ],
          [
            -57.525165,
            -38.018554
          ],
          [
            -57.525124,
            -38.018485
          ],
          [
            -57.524978,
            -38.018191
          ],
          [
            -57.524867,
            -38.017944
          ],
          [
            -57.524842,
            -38.017865
          ],
          [
            -57.524833,
            -38.017799
          ],
          [
            -57.524832,
            -38.017749
          ],
          [
            -57.524836,
            -38.017688
          ],
          [
            -57.524844,
            -38.01764
          ],
          [
            -57.524865,
            -38.017575
          ],
          [
            -57.524897,
            -38.0175
          ],
          [
            -57.524959,
            -38.017394
          ],
          [
            -57.525041,
            -38.017292
          ],
          [
            -57.525146,
            -38.0172
          ],
          [
            -57.52525,
            -38.017121
          ],
          [
            -57.525338,
            -38.017067
          ],
          [
            -57.525422,
            -38.017023
          ],
          [
            -57.525512,
            -38.01699
          ],
          [
            -57.525607,
            -38.016966
          ],
          [
            -57.525715,
            -38.016949
          ],
          [
            -57.525855,
            -38.016939
          ],
          [
            -57.526184,
            -38.016926
          ],
          [
            -57.527179,
            -38.016889
          ],
          [
            -57.527258,
            -38.016886
          ],
          [
            -57.527469,
            -38.016878
          ],
          [
            -57.528495,
            -38.016838
          ],
          [
            -57.528585,
            -38.016835
          ],
          [
            -57.52869,
            -38.016831
          ],
          [
            -57.529234,
            -38.01681
          ],
          [
            -57.52948,
            -38.016789
          ],
          [
            -57.529689,
            -38.016765
          ],
          [
            -57.52979,
            -38.016744
          ],
          [
            -57.529893,
            -38.01672
          ],
          [
            -57.530003,
            -38.016677
          ],
          [
            -57.530109,
            -38.016614
          ],
          [
            -57.530219,
            -38.016532
          ],
          [
            -57.530305,
            -38.016464
          ],
          [
            -57.530516,
            -38.0163
          ],
          [
            -57.530573,
            -38.01626
          ],
          [
            -57.530628,
            -38.016226
          ],
          [
            -57.530717,
            -38.016178
          ],
          [
            -57.530834,
            -38.016123
          ],
          [
            -57.530934,
            -38.016074
          ],
          [
            -57.530985,
            -38.016044
          ],
          [
            -57.531038,
            -38.016006
          ],
          [
            -57.531087,
            -38.01596
          ],
          [
            -57.531147,
            -38.015894
          ],
          [
            -57.531266,
            -38.015747
          ],
          [
            -57.531388,
            -38.015592
          ],
          [
            -57.531536,
            -38.015392
          ],
          [
            -57.531585,
            -38.01531
          ],
          [
            -57.531628,
            -38.015237
          ],
          [
            -57.531703,
            -38.015097
          ],
          [
            -57.531828,
            -38.014858
          ],
          [
            -57.53209,
            -38.014359
          ],
          [
            -57.532126,
            -38.014265
          ],
          [
            -57.53228,
            -38.013907
          ],
          [
            -57.532323,
            -38.013794
          ],
          [
            -57.532362,
            -38.013677
          ],
          [
            -57.532388,
            -38.013563
          ],
          [
            -57.532402,
            -38.013482
          ],
          [
            -57.53241,
            -38.013413
          ],
          [
            -57.532413,
            -38.013349
          ],
          [
            -57.532415,
            -38.013195
          ],
          [
            -57.532417,
            -38.01293
          ],
          [
            -57.532416,
            -38.012878
          ],
          [
            -57.532351,
            -38.012578
          ],
          [
            -57.53235,
            -38.012547
          ],
          [
            -57.532345,
            -38.012207
          ],
          [
            -57.532346,
            -38.012096
          ],
          [
            -57.532367,
            -38.011975
          ],
          [
            -57.532295,
            -38.011316
          ],
          [
            -57.532288,
            -38.011099
          ],
          [
            -57.53229,
            -38.011019
          ],
          [
            -57.5323,
            -38.010958
          ],
          [
            -57.532322,
            -38.010894
          ],
          [
            -57.532359,
            -38.010822
          ],
          [
            -57.532748,
            -38.010108
          ],
          [
            -57.532824,
            -38.009941
          ],
          [
            -57.532906,
            -38.009735
          ],
          [
            -57.532992,
            -38.009464
          ],
          [
            -57.533046,
            -38.009267
          ],
          [
            -57.533158,
            -38.008838
          ],
          [
            -57.533184,
            -38.008757
          ],
          [
            -57.533214,
            -38.008691
          ],
          [
            -57.533248,
            -38.008643
          ],
          [
            -57.533288,
            -38.008603
          ],
          [
            -57.533353,
            -38.008568
          ],
          [
            -57.533432,
            -38.008538
          ],
          [
            -57.533561,
            -38.008508
          ],
          [
            -57.533765,
            -38.008483
          ],
          [
            -57.533981,
            -38.008473
          ],
          [
            -57.534264,
            -38.008471
          ],
          [
            -57.534453,
            -38.008476
          ],
          [
            -57.534587,
            -38.008493
          ],
          [
            -57.534692,
            -38.008508
          ],
          [
            -57.534828,
            -38.008543
          ],
          [
            -57.534979,
            -38.00859
          ],
          [
            -57.535114,
            -38.008622
          ],
          [
            -57.535267,
            -38.008652
          ],
          [
            -57.5354,
            -38.008671
          ],
          [
            -57.536002,
            -38.008711
          ],
          [
            -57.536084,
            -38.008714
          ],
          [
            -57.536195,
            -38.008715
          ],
          [
            -57.536982,
            -38.008729
          ],
          [
            -57.537115,
            -38.008726
          ],
          [
            -57.537206,
            -38.008715
          ],
          [
            -57.537288,
            -38.008699
          ],
          [
            -57.53736,
            -38.008677
          ],
          [
            -57.53741,
            -38.008661
          ],
          [
            -57.538412,
            -38.008333
          ],
          [
            -57.538504,
            -38.008297
          ],
          [
            -57.538592,
            -38.008257
          ],
          [
            -57.539055,
            -38.008032
          ],
          [
            -57.539449,
            -38.00784
          ],
          [
            -57.53954,
            -38.007794
          ],
          [
            -57.539627,
            -38.007749
          ],
          [
            -57.540282,
            -38.007423
          ],
          [
            -57.540424,
            -38.007352
          ],
          [
            -57.540509,
            -38.007309
          ],
          [
            -57.540592,
            -38.007264
          ],
          [
            -57.541355,
            -38.006861
          ],
          [
            -57.541439,
            -38.006816
          ],
          [
            -57.541507,
            -38.006778
          ],
          [
            -57.541908,
            -38.006419
          ],
          [
            -57.542027,
            -38.006285
          ],
          [
            -57.542122,
            -38.00616
          ],
          [
            -57.542206,
            -38.00605
          ],
          [
            -57.542273,
            -38.005932
          ],
          [
            -57.542342,
            -38.005786
          ],
          [
            -57.542385,
            -38.005679
          ],
          [
            -57.542424,
            -38.005572
          ],
          [
            -57.542463,
            -38.005449
          ],
          [
            -57.542493,
            -38.005348
          ],
          [
            -57.542526,
            -38.005226
          ],
          [
            -57.542557,
            -38.005103
          ],
          [
            -57.54258,
            -38.004871
          ],
          [
            -57.542585,
            -38.004821
          ],
          [
            -57.542595,
            -38.004651
          ],
          [
            -57.542598,
            -38.004512
          ],
          [
            -57.542595,
            -38.004354
          ],
          [
            -57.542584,
            -38.004242
          ],
          [
            -57.542564,
            -38.004132
          ],
          [
            -57.542528,
            -38.003979
          ],
          [
            -57.542468,
            -38.003786
          ],
          [
            -57.542204,
            -38.003188
          ],
          [
            -57.542163,
            -38.003096
          ],
          [
            -57.542125,
            -38.00301
          ],
          [
            -57.541783,
            -38.002159
          ],
          [
            -57.541772,
            -38.002126
          ],
          [
            -57.541721,
            -38.001985
          ],
          [
            -57.541695,
            -38.001918
          ],
          [
            -57.541675,
            -38.001856
          ],
          [
            -57.54166,
            -38.001797
          ],
          [
            -57.541513,
            -38.001142
          ],
          [
            -57.541476,
            -38.000965
          ],
          [
            -57.541458,
            -38.000789
          ],
          [
            -57.541396,
            -38.000249
          ],
          [
            -57.541391,
            -38.000177
          ],
          [
            -57.541392,
            -38.000105
          ],
          [
            -57.541399,
            -38.00001
          ],
          [
            -57.541407,
            -37.99995
          ],
          [
            -57.54142,
            -37.999874
          ],
          [
            -57.541479,
            -37.999579
          ],
          [
            -57.541489,
            -37.999538
          ],
          [
            -57.541511,
            -37.99944
          ],
          [
            -57.541563,
            -37.999226
          ],
          [
            -57.541604,
            -37.999016
          ],
          [
            -57.54161,
            -37.998964
          ],
          [
            -57.54154,
            -37.998803
          ],
          [
            -57.541442,
            -37.998577
          ],
          [
            -57.541375,
            -37.998433
          ],
          [
            -57.541283,
            -37.998273
          ],
          [
            -57.541175,
            -37.9981
          ],
          [
            -57.541017,
            -37.997836
          ],
          [
            -57.540954,
            -37.997718
          ],
          [
            -57.540906,
            -37.997602
          ],
          [
            -57.540878,
            -37.997492
          ],
          [
            -57.540868,
            -37.99741
          ],
          [
            -57.540865,
            -37.997355
          ],
          [
            -57.540875,
            -37.997286
          ],
          [
            -57.540892,
            -37.997222
          ],
          [
            -57.540912,
            -37.99718
          ],
          [
            -57.540944,
            -37.99714
          ],
          [
            -57.541042,
            -37.997022
          ],
          [
            -57.5411,
            -37.99695
          ],
          [
            -57.541139,
            -37.996902
          ],
          [
            -57.541336,
            -37.996618
          ],
          [
            -57.541404,
            -37.996526
          ],
          [
            -57.541444,
            -37.996479
          ],
          [
            -57.541482,
            -37.996439
          ],
          [
            -57.541793,
            -37.996132
          ],
          [
            -57.541864,
            -37.996046
          ],
          [
            -57.541984,
            -37.995871
          ],
          [
            -57.54204,
            -37.995789
          ],
          [
            -57.542092,
            -37.995724
          ],
          [
            -57.542178,
            -37.995637
          ],
          [
            -57.542315,
            -37.995498
          ],
          [
            -57.542461,
            -37.995348
          ],
          [
            -57.542563,
            -37.995246
          ],
          [
            -57.542659,
            -37.995157
          ],
          [
            -57.542861,
            -37.995001
          ],
          [
            -57.542937,
            -37.994944
          ],
          [
            -57.542968,
            -37.994924
          ],
          [
            -57.543003,
            -37.994907
          ],
          [
            -57.54305,
            -37.994892
          ],
          [
            -57.543094,
            -37.994882
          ],
          [
            -57.543325,
            -37.994846
          ],
          [
            -57.54346,
            -37.994823
          ],
          [
            -57.543578,
            -37.994799
          ],
          [
            -57.543637,
            -37.994786
          ],
          [
            -57.543679,
            -37.994772
          ],
          [
            -57.54372,
            -37.994756
          ],
          [
            -57.543754,
            -37.994739
          ],
          [
            -57.543782,
            -37.994718
          ],
          [
            -57.543806,
            -37.994695
          ],
          [
            -57.544035,
            -37.99445
          ],
          [
            -57.54419,
            -37.994294
          ],
          [
            -57.544307,
            -37.994167
          ],
          [
            -57.54438,
            -37.994091
          ],
          [
            -57.544433,
            -37.994029
          ],
          [
            -57.544495,
            -37.993952
          ],
          [
            -57.544589,
            -37.993819
          ],
          [
            -57.54474,
            -37.993603
          ],
          [
            -57.544818,
            -37.993568
          ],
          [
            -57.544842,
            -37.993449
          ],
          [
            -57.544985,
            -37.992568
          ],
          [
            -57.544999,
            -37.992475
          ],
          [
            -57.545012,
            -37.992361
          ],
          [
            -57.545021,
            -37.992294
          ],
          [
            -57.545036,
            -37.992236
          ],
          [
            -57.545052,
            -37.992191
          ],
          [
            -57.545079,
            -37.992148
          ],
          [
            -57.545112,
            -37.992112
          ],
          [
            -57.545226,
            -37.992025
          ],
          [
            -57.545249,
            -37.992006
          ],
          [
            -57.545261,
            -37.991989
          ],
          [
            -57.545268,
            -37.991968
          ],
          [
            -57.545267,
            -37.991867
          ],
          [
            -57.545258,
            -37.990774
          ],
          [
            -57.545239,
            -37.98997
          ],
          [
            -57.545237,
            -37.989926
          ],
          [
            -57.545232,
            -37.989754
          ],
          [
            -57.545228,
            -37.989665
          ],
          [
            -57.545189,
            -37.989403
          ],
          [
            -57.545096,
            -37.988814
          ],
          [
            -57.545043,
            -37.988462
          ],
          [
            -57.544978,
            -37.987888
          ],
          [
            -57.544967,
            -37.987826
          ],
          [
            -57.544847,
            -37.987338
          ],
          [
            -57.544756,
            -37.986976
          ],
          [
            -57.544742,
            -37.986923
          ],
          [
            -57.544711,
            -37.98677
          ],
          [
            -57.544663,
            -37.986467
          ],
          [
            -57.544638,
            -37.986269
          ],
          [
            -57.54455,
            -37.985798
          ],
          [
            -57.544478,
            -37.984867
          ],
          [
            -57.544471,
            -37.984801
          ],
          [
            -57.544445,
            -37.984624
          ],
          [
            -57.544426,
            -37.984511
          ],
          [
            -57.544366,
            -37.984105
          ],
          [
            -57.544316,
            -37.983759
          ],
          [
            -57.54431,
            -37.983715
          ],
          [
            -57.544295,
            -37.983624
          ],
          [
            -57.544259,
            -37.983395
          ],
          [
            -57.544062,
            -37.982333
          ],
          [
            -57.543982,
            -37.98176
          ],
          [
            -57.543979,
            -37.981731
          ],
          [
            -57.543864,
            -37.980465
          ],
          [
            -57.543857,
            -37.980379
          ],
          [
            -57.543763,
            -37.979532
          ],
          [
            -57.543904,
            -37.979461
          ],
          [
            -57.544018,
            -37.979403
          ],
          [
            -57.544093,
            -37.979366
          ],
          [
            -57.544154,
            -37.979336
          ],
          [
            -57.544256,
            -37.980355
          ],
          [
            -57.544264,
            -37.980454
          ],
          [
            -57.544267,
            -37.98052
          ],
          [
            -57.544375,
            -37.981357
          ],
          [
            -57.544397,
            -37.981386
          ],
          [
            -57.544426,
            -37.981425
          ],
          [
            -57.545026,
            -37.981127
          ],
          [
            -57.54601,
            -37.980636
          ],
          [
            -57.54536,
            -37.979846
          ],
          [
            -57.544392,
            -37.980348
          ],
          [
            -57.544256,
            -37.980355
          ],
          [
            -57.544264,
            -37.980454
          ],
          [
            -57.544267,
            -37.98052
          ],
          [
            -57.544243,
            -37.980664
          ],
          [
            -57.544161,
            -37.981129
          ],
          [
            -57.54415,
            -37.981643
          ],
          [
            -57.544154,
            -37.981688
          ],
          [
            -57.544162,
            -37.981726
          ],
          [
            -57.544374,
            -37.982635
          ],
          [
            -57.544441,
            -37.982909
          ],
          [
            -57.544614,
            -37.983079
          ],
          [
            -57.544677,
            -37.983431
          ],
          [
            -57.544694,
            -37.983524
          ],
          [
            -57.544835,
            -37.984428
          ],
          [
            -57.544858,
            -37.984606
          ],
          [
            -57.544962,
            -37.985598
          ],
          [
            -57.545024,
            -37.98622
          ],
          [
            -57.545055,
            -37.986527
          ],
          [
            -57.545097,
            -37.986581
          ],
          [
            -57.5451,
            -37.986661
          ],
          [
            -57.545148,
            -37.986718
          ],
          [
            -57.545691,
            -37.987375
          ],
          [
            -57.545744,
            -37.987438
          ],
          [
            -57.546383,
            -37.988226
          ],
          [
            -57.547029,
            -37.98902
          ],
          [
            -57.547661,
            -37.989808
          ],
          [
            -57.548259,
            -37.990566
          ],
          [
            -57.548343,
            -37.990672
          ],
          [
            -57.548193,
            -37.990748
          ],
          [
            -57.547348,
            -37.991174
          ],
          [
            -57.54726,
            -37.991219
          ],
          [
            -57.547157,
            -37.991271
          ],
          [
            -57.546331,
            -37.991688
          ],
          [
            -57.546251,
            -37.991728
          ],
          [
            -57.546158,
            -37.991775
          ],
          [
            -57.546064,
            -37.991823
          ],
          [
            -57.545648,
            -37.992033
          ],
          [
            -57.545448,
            -37.992134
          ],
          [
            -57.545401,
            -37.992157
          ],
          [
            -57.545256,
            -37.992231
          ],
          [
            -57.5452,
            -37.992259
          ],
          [
            -57.545084,
            -37.992319
          ],
          [
            -57.545064,
            -37.992332
          ],
          [
            -57.545045,
            -37.99235
          ],
          [
            -57.545031,
            -37.99237
          ],
          [
            -57.545022,
            -37.992391
          ],
          [
            -57.544999,
            -37.992475
          ],
          [
            -57.544985,
            -37.992568
          ],
          [
            -57.544842,
            -37.993449
          ],
          [
            -57.544818,
            -37.993568
          ],
          [
            -57.544832,
            -37.993638
          ],
          [
            -57.544662,
            -37.993996
          ],
          [
            -57.544578,
            -37.994179
          ],
          [
            -57.544408,
            -37.99453
          ],
          [
            -57.544313,
            -37.994671
          ],
          [
            -57.544256,
            -37.994747
          ],
          [
            -57.544184,
            -37.994832
          ],
          [
            -57.544108,
            -37.994916
          ],
          [
            -57.544013,
            -37.995007
          ],
          [
            -57.543561,
            -37.995348
          ],
          [
            -57.543025,
            -37.995618
          ],
          [
            -57.54272,
            -37.99577
          ],
          [
            -57.542568,
            -37.995862
          ],
          [
            -57.54242,
            -37.995981
          ],
          [
            -57.542177,
            -37.996224
          ],
          [
            -57.541823,
            -37.996579
          ],
          [
            -57.541723,
            -37.996693
          ],
          [
            -57.541592,
            -37.996845
          ],
          [
            -57.541533,
            -37.99692
          ],
          [
            -57.541472,
            -37.997011
          ],
          [
            -57.541307,
            -37.997287
          ],
          [
            -57.541286,
            -37.997331
          ],
          [
            -57.541273,
            -37.997376
          ],
          [
            -57.54127,
            -37.997436
          ],
          [
            -57.54128,
            -37.99749
          ],
          [
            -57.541303,
            -37.997557
          ],
          [
            -57.541342,
            -37.997649
          ],
          [
            -57.541516,
            -37.997939
          ],
          [
            -57.541566,
            -37.998017
          ],
          [
            -57.541596,
            -37.998082
          ],
          [
            -57.541679,
            -37.998308
          ],
          [
            -57.541698,
            -37.998349
          ],
          [
            -57.541725,
            -37.998404
          ],
          [
            -57.541771,
            -37.998468
          ],
          [
            -57.541811,
            -37.998517
          ],
          [
            -57.541911,
            -37.998637
          ],
          [
            -57.54211,
            -37.998845
          ],
          [
            -57.542147,
            -37.998873
          ],
          [
            -57.542175,
            -37.998904
          ],
          [
            -57.542198,
            -37.998938
          ],
          [
            -57.542214,
            -37.998972
          ],
          [
            -57.542216,
            -37.999026
          ],
          [
            -57.542213,
            -37.99907
          ],
          [
            -57.542203,
            -37.99911
          ],
          [
            -57.542189,
            -37.999145
          ],
          [
            -57.542169,
            -37.999176
          ],
          [
            -57.542137,
            -37.999209
          ],
          [
            -57.542095,
            -37.999241
          ],
          [
            -57.542029,
            -37.99927
          ],
          [
            -57.541945,
            -37.999289
          ],
          [
            -57.541761,
            -37.999346
          ],
          [
            -57.541711,
            -37.999371
          ],
          [
            -57.541673,
            -37.999396
          ],
          [
            -57.541643,
            -37.999428
          ],
          [
            -57.541622,
            -37.999467
          ],
          [
            -57.541607,
            -37.999517
          ],
          [
            -57.541576,
            -37.99964
          ],
          [
            -57.541548,
            -37.999782
          ],
          [
            -57.541526,
            -37.999897
          ],
          [
            -57.541507,
            -38.000018
          ],
          [
            -57.5415,
            -38.000125
          ],
          [
            -57.541499,
            -38.000223
          ],
          [
            -57.541564,
            -38.000781
          ],
          [
            -57.541603,
            -38.000934
          ],
          [
            -57.541643,
            -38.001076
          ],
          [
            -57.541819,
            -38.001776
          ],
          [
            -57.541834,
            -38.001827
          ],
          [
            -57.541857,
            -38.00189
          ],
          [
            -57.541871,
            -38.001921
          ],
          [
            -57.541899,
            -38.00198
          ],
          [
            -57.541936,
            -38.002045
          ],
          [
            -57.542454,
            -38.002787
          ],
          [
            -57.542507,
            -38.002849
          ],
          [
            -57.543072,
            -38.003542
          ],
          [
            -57.543133,
            -38.003618
          ],
          [
            -57.543191,
            -38.00369
          ],
          [
            -57.54371,
            -38.004338
          ],
          [
            -57.543761,
            -38.004403
          ],
          [
            -57.543846,
            -38.004504
          ],
          [
            -57.544385,
            -38.00516
          ],
          [
            -57.544427,
            -38.005211
          ],
          [
            -57.544477,
            -38.005277
          ],
          [
            -57.545001,
            -38.00591
          ],
          [
            -57.545111,
            -38.006042
          ],
          [
            -57.544199,
            -38.006498
          ],
          [
            -57.544178,
            -38.006512
          ],
          [
            -57.544046,
            -38.006578
          ],
          [
            -57.543269,
            -38.00697
          ],
          [
            -57.543156,
            -38.007026
          ],
          [
            -57.543077,
            -38.007067
          ],
          [
            -57.54215,
            -38.007534
          ],
          [
            -57.541124,
            -38.008051
          ],
          [
            -57.540156,
            -38.008539
          ],
          [
            -57.539153,
            -38.009044
          ],
          [
            -57.538101,
            -38.009574
          ],
          [
            -57.537164,
            -38.010047
          ],
          [
            -57.536159,
            -38.010556
          ],
          [
            -57.535162,
            -38.011054
          ],
          [
            -57.534155,
            -38.011562
          ],
          [
            -57.533218,
            -38.012035
          ],
          [
            -57.533171,
            -38.012059
          ],
          [
            -57.532755,
            -38.012263
          ],
          [
            -57.532714,
            -38.012321
          ],
          [
            -57.53255,
            -38.012407
          ],
          [
            -57.532506,
            -38.01243
          ],
          [
            -57.532476,
            -38.012447
          ],
          [
            -57.532458,
            -38.012467
          ],
          [
            -57.53245,
            -38.012487
          ],
          [
            -57.532448,
            -38.01253
          ],
          [
            -57.532446,
            -38.012576
          ],
          [
            -57.532416,
            -38.012878
          ],
          [
            -57.532417,
            -38.01293
          ],
          [
            -57.532415,
            -38.013195
          ],
          [
            -57.532413,
            -38.013349
          ],
          [
            -57.53241,
            -38.013413
          ],
          [
            -57.532402,
            -38.013482
          ],
          [
            -57.532388,
            -38.013563
          ],
          [
            -57.532362,
            -38.013677
          ],
          [
            -57.532323,
            -38.013794
          ],
          [
            -57.53228,
            -38.013907
          ],
          [
            -57.532126,
            -38.014265
          ],
          [
            -57.53209,
            -38.014359
          ],
          [
            -57.531828,
            -38.014858
          ],
          [
            -57.531703,
            -38.015097
          ],
          [
            -57.531628,
            -38.015237
          ],
          [
            -57.531585,
            -38.01531
          ],
          [
            -57.531536,
            -38.015392
          ],
          [
            -57.531388,
            -38.015592
          ],
          [
            -57.531266,
            -38.015747
          ],
          [
            -57.531147,
            -38.015894
          ],
          [
            -57.531087,
            -38.01596
          ],
          [
            -57.531038,
            -38.016006
          ],
          [
            -57.530985,
            -38.016044
          ],
          [
            -57.530934,
            -38.016074
          ],
          [
            -57.530834,
            -38.016123
          ],
          [
            -57.530717,
            -38.016178
          ],
          [
            -57.530628,
            -38.016226
          ],
          [
            -57.530573,
            -38.01626
          ],
          [
            -57.530516,
            -38.0163
          ],
          [
            -57.530305,
            -38.016464
          ],
          [
            -57.530219,
            -38.016532
          ],
          [
            -57.530109,
            -38.016614
          ],
          [
            -57.530003,
            -38.016677
          ],
          [
            -57.529893,
            -38.01672
          ],
          [
            -57.52979,
            -38.016744
          ],
          [
            -57.529689,
            -38.016765
          ],
          [
            -57.52948,
            -38.016789
          ],
          [
            -57.529234,
            -38.01681
          ],
          [
            -57.52869,
            -38.016831
          ],
          [
            -57.528585,
            -38.016835
          ],
          [
            -57.528495,
            -38.016838
          ],
          [
            -57.527469,
            -38.016878
          ],
          [
            -57.527258,
            -38.016886
          ],
          [
            -57.527179,
            -38.016889
          ],
          [
            -57.526184,
            -38.016926
          ],
          [
            -57.525855,
            -38.016939
          ],
          [
            -57.525715,
            -38.016949
          ],
          [
            -57.525607,
            -38.016966
          ],
          [
            -57.525512,
            -38.01699
          ],
          [
            -57.525422,
            -38.017023
          ],
          [
            -57.525338,
            -38.017067
          ],
          [
            -57.52525,
            -38.017121
          ],
          [
            -57.525146,
            -38.0172
          ],
          [
            -57.525041,
            -38.017292
          ],
          [
            -57.524959,
            -38.017394
          ],
          [
            -57.524897,
            -38.0175
          ],
          [
            -57.524865,
            -38.017575
          ],
          [
            -57.524844,
            -38.01764
          ],
          [
            -57.524836,
            -38.017688
          ],
          [
            -57.524832,
            -38.017749
          ],
          [
            -57.524833,
            -38.017799
          ],
          [
            -57.524842,
            -38.017865
          ],
          [
            -57.524867,
            -38.017944
          ],
          [
            -57.524978,
            -38.018191
          ],
          [
            -57.525124,
            -38.018485
          ],
          [
            -57.525165,
            -38.018554
          ],
          [
            -57.525194,
            -38.018602
          ],
          [
            -57.525272,
            -38.018696
          ],
          [
            -57.525337,
            -38.018795
          ],
          [
            -57.525415,
            -38.018984
          ],
          [
            -57.525468,
            -38.019137
          ],
          [
            -57.525488,
            -38.019198
          ],
          [
            -57.525496,
            -38.019226
          ],
          [
            -57.525529,
            -38.019344
          ],
          [
            -57.525542,
            -38.019391
          ],
          [
            -57.525594,
            -38.019551
          ],
          [
            -57.525639,
            -38.019651
          ],
          [
            -57.525694,
            -38.019737
          ],
          [
            -57.525748,
            -38.019808
          ],
          [
            -57.525813,
            -38.019868
          ],
          [
            -57.525881,
            -38.01992
          ],
          [
            -57.525967,
            -38.019968
          ],
          [
            -57.526073,
            -38.020007
          ],
          [
            -57.526207,
            -38.020034
          ],
          [
            -57.526317,
            -38.020051
          ],
          [
            -57.526377,
            -38.020059
          ],
          [
            -57.526523,
            -38.020075
          ],
          [
            -57.527357,
            -38.020148
          ],
          [
            -57.527529,
            -38.020171
          ],
          [
            -57.527645,
            -38.020198
          ],
          [
            -57.527738,
            -38.020234
          ],
          [
            -57.52779,
            -38.020261
          ],
          [
            -57.527837,
            -38.020303
          ],
          [
            -57.52786,
            -38.02034
          ],
          [
            -57.527873,
            -38.020376
          ],
          [
            -57.527878,
            -38.020418
          ],
          [
            -57.527875,
            -38.020594
          ],
          [
            -57.52784,
            -38.020905
          ],
          [
            -57.527855,
            -38.021368
          ],
          [
            -57.52786,
            -38.021522
          ],
          [
            -57.527861,
            -38.021596
          ],
          [
            -57.527869,
            -38.022293
          ],
          [
            -57.52786,
            -38.02245
          ],
          [
            -57.527847,
            -38.022631
          ],
          [
            -57.527844,
            -38.02268
          ],
          [
            -57.527846,
            -38.022737
          ],
          [
            -57.527856,
            -38.0228
          ],
          [
            -57.527896,
            -38.023038
          ],
          [
            -57.527962,
            -38.023194
          ],
          [
            -57.52798,
            -38.023373
          ],
          [
            -57.527995,
            -38.023492
          ],
          [
            -57.528011,
            -38.023561
          ],
          [
            -57.528028,
            -38.023619
          ],
          [
            -57.528048,
            -38.023668
          ],
          [
            -57.528075,
            -38.02372
          ],
          [
            -57.52811,
            -38.02378
          ],
          [
            -57.528153,
            -38.023843
          ],
          [
            -57.528205,
            -38.023908
          ],
          [
            -57.528275,
            -38.023975
          ],
          [
            -57.528335,
            -38.024018
          ],
          [
            -57.528395,
            -38.024058
          ],
          [
            -57.528483,
            -38.024112
          ],
          [
            -57.528671,
            -38.024215
          ],
          [
            -57.528776,
            -38.024316
          ],
          [
            -57.529897,
            -38.024894
          ],
          [
            -57.530109,
            -38.024998
          ],
          [
            -57.530972,
            -38.025436
          ],
          [
            -57.531056,
            -38.025479
          ],
          [
            -57.531169,
            -38.025534
          ],
          [
            -57.531778,
            -38.025841
          ],
          [
            -57.531902,
            -38.025906
          ],
          [
            -57.531994,
            -38.025959
          ],
          [
            -57.532088,
            -38.026018
          ],
          [
            -57.53214,
            -38.026052
          ],
          [
            -57.532213,
            -38.026108
          ],
          [
            -57.532296,
            -38.026185
          ],
          [
            -57.532763,
            -38.026776
          ],
          [
            -57.53282,
            -38.026847
          ],
          [
            -57.53287,
            -38.02691
          ],
          [
            -57.533404,
            -38.027586
          ],
          [
            -57.533447,
            -38.027642
          ],
          [
            -57.533489,
            -38.027694
          ],
          [
            -57.533611,
            -38.027846
          ],
          [
            -57.533685,
            -38.02794
          ],
          [
            -57.533727,
            -38.027998
          ],
          [
            -57.533784,
            -38.028083
          ],
          [
            -57.533835,
            -38.02818
          ],
          [
            -57.533933,
            -38.028391
          ],
          [
            -57.533983,
            -38.028496
          ],
          [
            -57.534355,
            -38.029283
          ],
          [
            -57.534386,
            -38.029345
          ],
          [
            -57.534467,
            -38.029414
          ],
          [
            -57.534559,
            -38.029611
          ],
          [
            -57.534582,
            -38.029671
          ],
          [
            -57.534601,
            -38.029736
          ],
          [
            -57.534604,
            -38.02976
          ],
          [
            -57.534613,
            -38.029842
          ],
          [
            -57.534615,
            -38.029908
          ],
          [
            -57.534613,
            -38.029971
          ],
          [
            -57.534603,
            -38.030017
          ],
          [
            -57.534577,
            -38.030086
          ],
          [
            -57.534552,
            -38.030141
          ],
          [
            -57.534515,
            -38.030219
          ],
          [
            -57.534278,
            -38.030792
          ],
          [
            -57.534229,
            -38.030918
          ],
          [
            -57.534214,
            -38.030969
          ],
          [
            -57.534199,
            -38.031039
          ],
          [
            -57.534193,
            -38.031101
          ],
          [
            -57.534192,
            -38.031169
          ],
          [
            -57.534197,
            -38.031249
          ],
          [
            -57.53421,
            -38.031316
          ],
          [
            -57.534227,
            -38.031368
          ],
          [
            -57.534248,
            -38.031421
          ],
          [
            -57.534278,
            -38.031476
          ],
          [
            -57.534321,
            -38.031541
          ],
          [
            -57.53437,
            -38.031603
          ],
          [
            -57.534413,
            -38.031651
          ],
          [
            -57.534971,
            -38.032222
          ],
          [
            -57.535146,
            -38.032434
          ],
          [
            -57.535397,
            -38.03268
          ],
          [
            -57.536167,
            -38.033436
          ],
          [
            -57.537061,
            -38.034328
          ],
          [
            -57.537371,
            -38.034645
          ],
          [
            -57.537585,
            -38.034874
          ],
          [
            -57.537993,
            -38.03537
          ],
          [
            -57.538231,
            -38.03568
          ],
          [
            -57.538605,
            -38.036174
          ],
          [
            -57.538661,
            -38.036248
          ],
          [
            -57.539114,
            -38.036848
          ],
          [
            -57.539985,
            -38.038031
          ],
          [
            -57.540681,
            -38.038977
          ],
          [
            -57.540809,
            -38.039156
          ],
          [
            -57.540948,
            -38.039343
          ],
          [
            -57.541081,
            -38.039515
          ],
          [
            -57.5412,
            -38.039658
          ],
          [
            -57.541343,
            -38.039809
          ],
          [
            -57.542199,
            -38.04063
          ],
          [
            -57.54223,
            -38.040659
          ],
          [
            -57.542322,
            -38.040695
          ],
          [
            -57.542387,
            -38.040772
          ],
          [
            -57.542444,
            -38.04084
          ],
          [
            -57.542962,
            -38.04162
          ],
          [
            -57.543516,
            -38.042507
          ],
          [
            -57.543567,
            -38.042591
          ],
          [
            -57.543629,
            -38.042697
          ],
          [
            -57.543682,
            -38.042806
          ],
          [
            -57.543725,
            -38.042904
          ],
          [
            -57.543776,
            -38.043052
          ],
          [
            -57.543821,
            -38.043265
          ],
          [
            -57.543873,
            -38.043534
          ],
          [
            -57.54391,
            -38.043759
          ],
          [
            -57.54408,
            -38.044678
          ],
          [
            -57.544103,
            -38.04479
          ],
          [
            -57.544305,
            -38.04579
          ],
          [
            -57.544482,
            -38.046808
          ],
          [
            -57.544495,
            -38.046867
          ],
          [
            -57.544534,
            -38.047036
          ],
          [
            -57.544758,
            -38.048041
          ],
          [
            -57.545008,
            -38.0491
          ],
          [
            -57.545023,
            -38.04917
          ],
          [
            -57.545134,
            -38.049723
          ],
          [
            -57.545209,
            -38.050093
          ],
          [
            -57.545246,
            -38.050275
          ],
          [
            -57.545342,
            -38.050749
          ],
          [
            -57.545494,
            -38.051503
          ],
          [
            -57.545514,
            -38.051634
          ],
          [
            -57.545555,
            -38.05177
          ],
          [
            -57.545602,
            -38.051897
          ],
          [
            -57.545661,
            -38.052016
          ],
          [
            -57.545724,
            -38.052124
          ],
          [
            -57.545812,
            -38.05226
          ],
          [
            -57.545925,
            -38.052414
          ],
          [
            -57.546055,
            -38.052571
          ],
          [
            -57.546148,
            -38.052676
          ],
          [
            -57.546355,
            -38.0529
          ],
          [
            -57.546512,
            -38.053074
          ],
          [
            -57.546612,
            -38.053192
          ],
          [
            -57.546771,
            -38.053402
          ],
          [
            -57.546992,
            -38.053701
          ],
          [
            -57.547075,
            -38.05382
          ],
          [
            -57.547149,
            -38.053942
          ],
          [
            -57.547242,
            -38.054096
          ],
          [
            -57.547292,
            -38.054217
          ],
          [
            -57.547347,
            -38.054389
          ],
          [
            -57.547379,
            -38.05453
          ],
          [
            -57.547398,
            -38.054684
          ],
          [
            -57.547403,
            -38.054841
          ],
          [
            -57.547393,
            -38.055007
          ],
          [
            -57.547372,
            -38.055162
          ],
          [
            -57.547332,
            -38.055301
          ],
          [
            -57.547285,
            -38.055427
          ],
          [
            -57.547158,
            -38.0557
          ],
          [
            -57.547096,
            -38.05581
          ],
          [
            -57.546838,
            -38.056262
          ],
          [
            -57.546572,
            -38.056703
          ],
          [
            -57.546476,
            -38.056852
          ],
          [
            -57.546368,
            -38.057008
          ],
          [
            -57.546225,
            -38.057185
          ],
          [
            -57.545857,
            -38.057585
          ],
          [
            -57.54537,
            -38.058104
          ],
          [
            -57.545153,
            -38.058346
          ],
          [
            -57.544895,
            -38.058611
          ],
          [
            -57.54479,
            -38.058728
          ],
          [
            -57.54471,
            -38.058823
          ],
          [
            -57.544663,
            -38.058896
          ],
          [
            -57.54463,
            -38.058969
          ],
          [
            -57.544614,
            -38.059045
          ],
          [
            -57.544615,
            -38.059106
          ],
          [
            -57.544625,
            -38.059176
          ],
          [
            -57.544651,
            -38.059251
          ],
          [
            -57.544683,
            -38.059316
          ],
          [
            -57.544723,
            -38.059382
          ],
          [
            -57.544904,
            -38.059627
          ],
          [
            -57.545409,
            -38.060312
          ],
          [
            -57.545515,
            -38.060491
          ],
          [
            -57.545616,
            -38.060665
          ],
          [
            -57.545703,
            -38.060859
          ],
          [
            -57.545765,
            -38.061015
          ],
          [
            -57.545898,
            -38.061423
          ],
          [
            -57.546013,
            -38.061622
          ],
          [
            -57.546108,
            -38.061886
          ],
          [
            -57.546304,
            -38.062434
          ],
          [
            -57.546689,
            -38.063474
          ],
          [
            -57.546701,
            -38.063465
          ],
          [
            -57.547424,
            -38.062922
          ],
          [
            -57.548283,
            -38.062276
          ],
          [
            -57.549151,
            -38.061624
          ],
          [
            -57.549918,
            -38.061048
          ],
          [
            -57.550035,
            -38.061035
          ],
          [
            -57.549131,
            -38.060289
          ],
          [
            -57.548326,
            -38.059624
          ],
          [
            -57.5475,
            -38.058942
          ],
          [
            -57.546671,
            -38.058257
          ],
          [
            -57.545857,
            -38.057585
          ],
          [
            -57.54537,
            -38.058104
          ],
          [
            -57.545153,
            -38.058346
          ],
          [
            -57.545153,
            -38.058346
          ],
          [
            -57.544895,
            -38.058611
          ],
          [
            -57.54479,
            -38.058728
          ],
          [
            -57.54471,
            -38.058823
          ],
          [
            -57.544663,
            -38.058896
          ],
          [
            -57.54463,
            -38.058969
          ],
          [
            -57.544614,
            -38.059045
          ],
          [
            -57.544615,
            -38.059106
          ],
          [
            -57.544625,
            -38.059176
          ],
          [
            -57.544651,
            -38.059251
          ],
          [
            -57.544683,
            -38.059316
          ],
          [
            -57.544723,
            -38.059382
          ],
          [
            -57.544904,
            -38.059627
          ],
          [
            -57.545409,
            -38.060312
          ],
          [
            -57.545515,
            -38.060491
          ],
          [
            -57.545616,
            -38.060665
          ],
          [
            -57.545703,
            -38.060859
          ],
          [
            -57.545765,
            -38.061015
          ],
          [
            -57.545898,
            -38.061423
          ],
          [
            -57.545878,
            -38.061638
          ],
          [
            -57.545794,
            -38.061857
          ],
          [
            -57.545778,
            -38.061913
          ],
          [
            -57.545762,
            -38.06195
          ],
          [
            -57.545741,
            -38.061977
          ],
          [
            -57.545716,
            -38.062001
          ],
          [
            -57.545683,
            -38.062021
          ],
          [
            -57.545635,
            -38.062038
          ],
          [
            -57.545585,
            -38.062046
          ],
          [
            -57.545531,
            -38.062047
          ],
          [
            -57.545489,
            -38.062042
          ],
          [
            -57.545453,
            -38.06203
          ],
          [
            -57.545417,
            -38.062008
          ],
          [
            -57.545362,
            -38.061958
          ],
          [
            -57.545177,
            -38.061773
          ],
          [
            -57.545065,
            -38.061515
          ],
          [
            -57.544865,
            -38.061083
          ],
          [
            -57.54482,
            -38.060977
          ],
          [
            -57.544577,
            -38.060449
          ],
          [
            -57.544427,
            -38.060103
          ],
          [
            -57.544364,
            -38.059932
          ],
          [
            -57.544314,
            -38.059767
          ],
          [
            -57.544298,
            -38.059694
          ],
          [
            -57.544288,
            -38.059508
          ],
          [
            -57.544304,
            -38.059329
          ],
          [
            -57.54433,
            -38.059193
          ],
          [
            -57.544362,
            -38.059084
          ],
          [
            -57.544419,
            -38.05897
          ],
          [
            -57.544482,
            -38.058874
          ],
          [
            -57.544595,
            -38.058731
          ],
          [
            -57.545032,
            -38.058259
          ],
          [
            -57.545378,
            -38.057882
          ],
          [
            -57.545735,
            -38.057495
          ],
          [
            -57.546009,
            -38.057198
          ],
          [
            -57.546129,
            -38.057059
          ],
          [
            -57.546232,
            -38.056919
          ],
          [
            -57.546336,
            -38.056776
          ],
          [
            -57.54642,
            -38.056638
          ],
          [
            -57.546558,
            -38.056419
          ],
          [
            -57.546691,
            -38.056191
          ],
          [
            -57.546813,
            -38.055973
          ],
          [
            -57.546936,
            -38.055759
          ],
          [
            -57.547022,
            -38.055606
          ],
          [
            -57.547086,
            -38.055472
          ],
          [
            -57.547133,
            -38.055351
          ],
          [
            -57.547176,
            -38.055213
          ],
          [
            -57.547209,
            -38.055063
          ],
          [
            -57.547222,
            -38.054932
          ],
          [
            -57.547226,
            -38.054788
          ],
          [
            -57.547216,
            -38.054641
          ],
          [
            -57.547192,
            -38.054506
          ],
          [
            -57.54715,
            -38.054348
          ],
          [
            -57.547077,
            -38.054146
          ],
          [
            -57.546913,
            -38.053898
          ],
          [
            -57.546783,
            -38.053709
          ],
          [
            -57.546574,
            -38.053426
          ],
          [
            -57.546367,
            -38.053169
          ],
          [
            -57.546135,
            -38.052912
          ],
          [
            -57.545895,
            -38.052646
          ],
          [
            -57.545767,
            -38.052498
          ],
          [
            -57.545639,
            -38.052336
          ],
          [
            -57.545541,
            -38.052192
          ],
          [
            -57.545478,
            -38.052092
          ],
          [
            -57.545418,
            -38.051979
          ],
          [
            -57.545387,
            -38.051907
          ],
          [
            -57.545355,
            -38.051824
          ],
          [
            -57.545317,
            -38.051692
          ],
          [
            -57.545304,
            -38.051531
          ],
          [
            -57.545494,
            -38.051503
          ],
          [
            -57.545514,
            -38.051634
          ],
          [
            -57.545555,
            -38.05177
          ],
          [
            -57.545602,
            -38.051897
          ],
          [
            -57.545661,
            -38.052016
          ],
          [
            -57.545724,
            -38.052124
          ],
          [
            -57.545812,
            -38.05226
          ],
          [
            -57.545925,
            -38.052414
          ],
          [
            -57.546055,
            -38.052571
          ],
          [
            -57.546148,
            -38.052676
          ],
          [
            -57.546355,
            -38.0529
          ],
          [
            -57.546512,
            -38.053074
          ],
          [
            -57.546612,
            -38.053192
          ],
          [
            -57.546771,
            -38.053402
          ],
          [
            -57.546992,
            -38.053701
          ],
          [
            -57.547075,
            -38.05382
          ],
          [
            -57.547097,
            -38.053856
          ],
          [
            -57.547149,
            -38.053942
          ],
          [
            -57.547242,
            -38.054096
          ],
          [
            -57.547077,
            -38.054146
          ],
          [
            -57.546913,
            -38.053898
          ],
          [
            -57.546783,
            -38.053709
          ],
          [
            -57.546574,
            -38.053426
          ],
          [
            -57.546367,
            -38.053169
          ],
          [
            -57.546135,
            -38.052912
          ],
          [
            -57.545895,
            -38.052646
          ],
          [
            -57.545767,
            -38.052498
          ],
          [
            -57.545639,
            -38.052336
          ],
          [
            -57.545541,
            -38.052192
          ],
          [
            -57.545478,
            -38.052092
          ],
          [
            -57.545418,
            -38.051979
          ],
          [
            -57.545387,
            -38.051907
          ],
          [
            -57.545355,
            -38.051824
          ],
          [
            -57.545317,
            -38.051692
          ],
          [
            -57.545304,
            -38.051531
          ],
          [
            -57.545294,
            -38.051448
          ],
          [
            -57.545038,
            -38.050218
          ],
          [
            -57.544999,
            -38.050032
          ],
          [
            -57.544973,
            -38.049906
          ],
          [
            -57.544865,
            -38.049391
          ],
          [
            -57.544805,
            -38.049104
          ],
          [
            -57.544771,
            -38.048938
          ],
          [
            -57.544348,
            -38.047063
          ],
          [
            -57.544316,
            -38.046922
          ],
          [
            -57.544299,
            -38.046845
          ],
          [
            -57.544285,
            -38.046775
          ],
          [
            -57.544252,
            -38.046584
          ],
          [
            -57.544113,
            -38.045791
          ],
          [
            -57.543887,
            -38.045676
          ],
          [
            -57.54382,
            -38.045642
          ],
          [
            -57.543538,
            -38.045501
          ],
          [
            -57.543455,
            -38.045424
          ],
          [
            -57.543426,
            -38.045385
          ],
          [
            -57.54341,
            -38.04534
          ],
          [
            -57.543402,
            -38.045298
          ],
          [
            -57.543405,
            -38.045233
          ],
          [
            -57.543415,
            -38.045129
          ],
          [
            -57.543795,
            -38.044849
          ],
          [
            -57.543901,
            -38.044771
          ],
          [
            -57.54408,
            -38.044678
          ],
          [
            -57.544753,
            -38.044174
          ],
          [
            -57.545605,
            -38.043536
          ],
          [
            -57.544803,
            -38.042842
          ],
          [
            -57.543873,
            -38.043534
          ],
          [
            -57.54391,
            -38.043759
          ],
          [
            -57.544076,
            -38.044659
          ],
          [
            -57.54408,
            -38.044678
          ],
          [
            -57.543913,
            -38.044857
          ],
          [
            -57.543901,
            -38.044771
          ],
          [
            -57.543779,
            -38.044116
          ],
          [
            -57.54367,
            -38.043572
          ],
          [
            -57.54361,
            -38.043277
          ],
          [
            -57.543585,
            -38.043171
          ],
          [
            -57.543557,
            -38.043069
          ],
          [
            -57.543513,
            -38.042946
          ],
          [
            -57.543457,
            -38.042818
          ],
          [
            -57.543377,
            -38.042671
          ],
          [
            -57.543221,
            -38.042422
          ],
          [
            -57.542697,
            -38.041609
          ],
          [
            -57.542341,
            -38.040915
          ],
          [
            -57.542304,
            -38.040833
          ],
          [
            -57.542264,
            -38.040742
          ],
          [
            -57.54223,
            -38.040659
          ],
          [
            -57.542322,
            -38.040695
          ],
          [
            -57.542328,
            -38.040702
          ],
          [
            -57.542387,
            -38.040772
          ],
          [
            -57.542444,
            -38.04084
          ],
          [
            -57.542962,
            -38.04162
          ],
          [
            -57.543516,
            -38.042507
          ],
          [
            -57.543567,
            -38.042591
          ],
          [
            -57.543629,
            -38.042697
          ],
          [
            -57.543682,
            -38.042806
          ],
          [
            -57.543725,
            -38.042904
          ],
          [
            -57.543776,
            -38.043052
          ],
          [
            -57.543821,
            -38.043265
          ],
          [
            -57.543873,
            -38.043534
          ],
          [
            -57.54391,
            -38.043759
          ],
          [
            -57.54408,
            -38.044678
          ],
          [
            -57.543913,
            -38.044857
          ],
          [
            -57.543901,
            -38.044771
          ],
          [
            -57.543779,
            -38.044116
          ],
          [
            -57.54367,
            -38.043572
          ],
          [
            -57.54361,
            -38.043277
          ],
          [
            -57.543585,
            -38.043171
          ],
          [
            -57.543557,
            -38.043069
          ],
          [
            -57.543513,
            -38.042946
          ],
          [
            -57.543457,
            -38.042818
          ],
          [
            -57.543377,
            -38.042671
          ],
          [
            -57.543221,
            -38.042422
          ],
          [
            -57.542697,
            -38.041609
          ],
          [
            -57.542341,
            -38.040915
          ],
          [
            -57.542304,
            -38.040833
          ],
          [
            -57.542264,
            -38.040742
          ],
          [
            -57.54223,
            -38.040659
          ],
          [
            -57.542199,
            -38.04063
          ],
          [
            -57.541343,
            -38.039809
          ],
          [
            -57.5412,
            -38.039658
          ],
          [
            -57.541081,
            -38.039515
          ],
          [
            -57.540948,
            -38.039343
          ],
          [
            -57.540809,
            -38.039156
          ],
          [
            -57.540681,
            -38.038977
          ],
          [
            -57.539985,
            -38.038031
          ],
          [
            -57.539114,
            -38.036848
          ],
          [
            -57.538661,
            -38.036248
          ],
          [
            -57.538605,
            -38.036174
          ],
          [
            -57.538231,
            -38.03568
          ],
          [
            -57.537993,
            -38.03537
          ],
          [
            -57.537585,
            -38.034874
          ],
          [
            -57.537371,
            -38.034645
          ],
          [
            -57.537061,
            -38.034328
          ],
          [
            -57.536167,
            -38.033436
          ],
          [
            -57.535397,
            -38.03268
          ],
          [
            -57.535146,
            -38.032434
          ],
          [
            -57.5349,
            -38.032261
          ],
          [
            -57.534343,
            -38.031684
          ],
          [
            -57.534301,
            -38.031637
          ],
          [
            -57.534252,
            -38.031575
          ],
          [
            -57.534197,
            -38.031492
          ],
          [
            -57.534163,
            -38.031425
          ],
          [
            -57.534139,
            -38.031363
          ],
          [
            -57.534122,
            -38.031297
          ],
          [
            -57.534112,
            -38.031236
          ],
          [
            -57.534108,
            -38.031164
          ],
          [
            -57.534116,
            -38.031034
          ],
          [
            -57.534123,
            -38.030986
          ],
          [
            -57.534137,
            -38.030933
          ],
          [
            -57.534151,
            -38.030886
          ],
          [
            -57.534175,
            -38.030824
          ],
          [
            -57.534425,
            -38.030204
          ],
          [
            -57.534461,
            -38.030113
          ],
          [
            -57.534491,
            -38.030009
          ],
          [
            -57.534505,
            -38.029883
          ],
          [
            -57.534497,
            -38.029739
          ],
          [
            -57.534473,
            -38.029621
          ],
          [
            -57.534462,
            -38.029591
          ],
          [
            -57.534415,
            -38.029438
          ],
          [
            -57.534386,
            -38.029345
          ],
          [
            -57.534467,
            -38.029414
          ],
          [
            -57.534559,
            -38.029611
          ],
          [
            -57.534582,
            -38.029671
          ],
          [
            -57.534601,
            -38.029736
          ],
          [
            -57.534604,
            -38.02976
          ],
          [
            -57.534611,
            -38.029825
          ],
          [
            -57.534613,
            -38.029842
          ],
          [
            -57.534615,
            -38.029908
          ],
          [
            -57.534613,
            -38.029971
          ],
          [
            -57.534603,
            -38.030017
          ],
          [
            -57.534577,
            -38.030086
          ],
          [
            -57.534552,
            -38.030141
          ],
          [
            -57.534515,
            -38.030219
          ],
          [
            -57.534278,
            -38.030792
          ],
          [
            -57.534229,
            -38.030918
          ],
          [
            -57.534214,
            -38.030969
          ],
          [
            -57.534199,
            -38.031039
          ],
          [
            -57.534193,
            -38.031101
          ],
          [
            -57.534192,
            -38.031169
          ],
          [
            -57.534197,
            -38.031249
          ],
          [
            -57.53421,
            -38.031316
          ],
          [
            -57.534227,
            -38.031368
          ],
          [
            -57.534248,
            -38.031421
          ],
          [
            -57.534278,
            -38.031476
          ],
          [
            -57.534321,
            -38.031541
          ],
          [
            -57.53437,
            -38.031603
          ],
          [
            -57.534413,
            -38.031651
          ],
          [
            -57.534971,
            -38.032222
          ],
          [
            -57.535146,
            -38.032434
          ],
          [
            -57.5349,
            -38.032261
          ],
          [
            -57.534343,
            -38.031684
          ],
          [
            -57.534301,
            -38.031637
          ],
          [
            -57.534252,
            -38.031575
          ],
          [
            -57.534197,
            -38.031492
          ],
          [
            -57.534163,
            -38.031425
          ],
          [
            -57.534139,
            -38.031363
          ],
          [
            -57.534122,
            -38.031297
          ],
          [
            -57.534112,
            -38.031236
          ],
          [
            -57.534108,
            -38.031164
          ],
          [
            -57.534116,
            -38.031034
          ],
          [
            -57.534123,
            -38.030986
          ],
          [
            -57.534137,
            -38.030933
          ],
          [
            -57.534151,
            -38.030886
          ],
          [
            -57.534175,
            -38.030824
          ],
          [
            -57.534425,
            -38.030204
          ],
          [
            -57.534461,
            -38.030113
          ],
          [
            -57.534491,
            -38.030009
          ],
          [
            -57.534505,
            -38.029883
          ],
          [
            -57.534497,
            -38.029739
          ],
          [
            -57.534473,
            -38.029621
          ],
          [
            -57.534462,
            -38.029591
          ],
          [
            -57.534415,
            -38.029438
          ],
          [
            -57.534386,
            -38.029345
          ],
          [
            -57.534355,
            -38.029283
          ],
          [
            -57.533983,
            -38.028496
          ],
          [
            -57.533933,
            -38.028391
          ],
          [
            -57.533835,
            -38.02818
          ],
          [
            -57.533784,
            -38.028083
          ],
          [
            -57.533727,
            -38.027998
          ],
          [
            -57.533685,
            -38.02794
          ],
          [
            -57.533611,
            -38.027846
          ],
          [
            -57.533489,
            -38.027694
          ],
          [
            -57.533447,
            -38.027642
          ],
          [
            -57.533404,
            -38.027586
          ],
          [
            -57.53287,
            -38.02691
          ],
          [
            -57.53282,
            -38.026847
          ],
          [
            -57.532763,
            -38.026776
          ],
          [
            -57.532296,
            -38.026185
          ],
          [
            -57.532213,
            -38.026108
          ],
          [
            -57.53214,
            -38.026052
          ],
          [
            -57.532088,
            -38.026018
          ],
          [
            -57.531994,
            -38.025959
          ],
          [
            -57.531902,
            -38.025906
          ],
          [
            -57.531778,
            -38.025841
          ],
          [
            -57.531169,
            -38.025534
          ],
          [
            -57.531056,
            -38.025479
          ],
          [
            -57.531035,
            -38.025468
          ],
          [
            -57.530972,
            -38.025436
          ],
          [
            -57.530109,
            -38.024998
          ],
          [
            -57.529897,
            -38.024894
          ],
          [
            -57.528971,
            -38.024417
          ],
          [
            -57.528776,
            -38.024316
          ],
          [
            -57.528621,
            -38.024264
          ],
          [
            -57.528485,
            -38.024193
          ],
          [
            -57.528384,
            -38.024137
          ],
          [
            -57.528298,
            -38.024083
          ],
          [
            -57.528189,
            -38.024008
          ],
          [
            -57.528135,
            -38.023961
          ],
          [
            -57.528088,
            -38.023911
          ],
          [
            -57.528047,
            -38.023859
          ],
          [
            -57.528014,
            -38.023805
          ],
          [
            -57.527978,
            -38.023738
          ],
          [
            -57.527952,
            -38.023676
          ],
          [
            -57.52793,
            -38.023599
          ],
          [
            -57.527912,
            -38.023505
          ],
          [
            -57.527901,
            -38.023362
          ],
          [
            -57.527887,
            -38.023199
          ],
          [
            -57.527896,
            -38.023038
          ],
          [
            -57.527856,
            -38.0228
          ],
          [
            -57.527846,
            -38.022737
          ],
          [
            -57.527844,
            -38.02268
          ],
          [
            -57.527847,
            -38.022631
          ],
          [
            -57.52786,
            -38.02245
          ],
          [
            -57.527869,
            -38.022293
          ],
          [
            -57.527861,
            -38.021596
          ],
          [
            -57.52786,
            -38.021522
          ],
          [
            -57.527855,
            -38.021368
          ],
          [
            -57.52784,
            -38.020905
          ],
          [
            -57.527805,
            -38.020546
          ],
          [
            -57.527794,
            -38.020497
          ],
          [
            -57.527777,
            -38.020447
          ],
          [
            -57.527751,
            -38.0204
          ],
          [
            -57.527717,
            -38.020359
          ],
          [
            -57.527695,
            -38.020337
          ],
          [
            -57.527648,
            -38.020311
          ],
          [
            -57.527588,
            -38.020284
          ],
          [
            -57.527506,
            -38.02026
          ],
          [
            -57.527417,
            -38.020243
          ],
          [
            -57.527264,
            -38.020217
          ],
          [
            -57.526521,
            -38.020138
          ],
          [
            -57.526253,
            -38.020098
          ],
          [
            -57.526134,
            -38.020077
          ],
          [
            -57.526041,
            -38.020054
          ],
          [
            -57.525969,
            -38.020031
          ],
          [
            -57.525915,
            -38.020006
          ],
          [
            -57.525856,
            -38.019973
          ],
          [
            -57.525788,
            -38.01993
          ],
          [
            -57.52573,
            -38.019883
          ],
          [
            -57.525677,
            -38.019826
          ],
          [
            -57.525611,
            -38.019736
          ],
          [
            -57.525538,
            -38.019616
          ],
          [
            -57.52545,
            -38.019441
          ],
          [
            -57.525424,
            -38.019383
          ],
          [
            -57.525405,
            -38.019327
          ],
          [
            -57.52538,
            -38.019228
          ],
          [
            -57.525348,
            -38.019051
          ],
          [
            -57.525314,
            -38.018928
          ],
          [
            -57.525284,
            -38.018851
          ],
          [
            -57.525231,
            -38.018718
          ],
          [
            -57.525194,
            -38.018602
          ],
          [
            -57.525165,
            -38.018554
          ],
          [
            -57.525124,
            -38.018485
          ],
          [
            -57.524978,
            -38.018191
          ],
          [
            -57.524867,
            -38.017944
          ],
          [
            -57.524842,
            -38.017865
          ],
          [
            -57.524833,
            -38.017799
          ],
          [
            -57.524832,
            -38.017749
          ],
          [
            -57.524836,
            -38.017688
          ],
          [
            -57.524844,
            -38.01764
          ],
          [
            -57.524865,
            -38.017575
          ],
          [
            -57.524897,
            -38.0175
          ],
          [
            -57.524959,
            -38.017394
          ],
          [
            -57.525041,
            -38.017292
          ],
          [
            -57.525146,
            -38.0172
          ],
          [
            -57.52525,
            -38.017121
          ],
          [
            -57.525338,
            -38.017067
          ],
          [
            -57.525422,
            -38.017023
          ],
          [
            -57.525512,
            -38.01699
          ],
          [
            -57.525607,
            -38.016966
          ],
          [
            -57.525715,
            -38.016949
          ],
          [
            -57.525855,
            -38.016939
          ],
          [
            -57.52595,
            -38.017058
          ],
          [
            -57.526505,
            -38.017753
          ],
          [
            -57.525857,
            -38.018089
          ],
          [
            -57.525224,
            -38.018432
          ],
          [
            -57.525124,
            -38.018485
          ],
          [
            -57.525165,
            -38.018554
          ],
          [
            -57.525194,
            -38.018602
          ],
          [
            -57.525272,
            -38.018696
          ],
          [
            -57.525337,
            -38.018795
          ],
          [
            -57.525415,
            -38.018984
          ],
          [
            -57.525468,
            -38.019137
          ],
          [
            -57.525488,
            -38.019198
          ],
          [
            -57.525496,
            -38.019226
          ],
          [
            -57.525519,
            -38.01931
          ],
          [
            -57.525529,
            -38.019344
          ],
          [
            -57.525583,
            -38.019318
          ],
          [
            -57.525605,
            -38.019307
          ],
          [
            -57.527137,
            -38.018544
          ],
          [
            -57.528168,
            -38.018035
          ],
          [
            -57.529153,
            -38.017544
          ],
          [
            -57.530169,
            -38.017068
          ],
          [
            -57.529893,
            -38.01672
          ],
          [
            -57.530003,
            -38.016677
          ],
          [
            -57.530109,
            -38.016614
          ],
          [
            -57.530219,
            -38.016532
          ],
          [
            -57.530305,
            -38.016464
          ],
          [
            -57.530516,
            -38.0163
          ],
          [
            -57.530573,
            -38.01626
          ],
          [
            -57.530628,
            -38.016226
          ],
          [
            -57.530717,
            -38.016178
          ],
          [
            -57.530834,
            -38.016123
          ],
          [
            -57.530934,
            -38.016074
          ],
          [
            -57.530985,
            -38.016044
          ],
          [
            -57.531038,
            -38.016006
          ],
          [
            -57.531087,
            -38.01596
          ],
          [
            -57.531147,
            -38.015894
          ],
          [
            -57.531266,
            -38.015747
          ],
          [
            -57.531388,
            -38.015592
          ],
          [
            -57.531536,
            -38.015392
          ],
          [
            -57.531585,
            -38.01531
          ],
          [
            -57.531628,
            -38.015237
          ],
          [
            -57.531703,
            -38.015097
          ],
          [
            -57.531828,
            -38.014858
          ],
          [
            -57.53209,
            -38.014359
          ],
          [
            -57.532126,
            -38.014265
          ],
          [
            -57.53228,
            -38.013907
          ],
          [
            -57.532323,
            -38.013794
          ],
          [
            -57.532362,
            -38.013677
          ],
          [
            -57.532388,
            -38.013563
          ],
          [
            -57.532402,
            -38.013482
          ],
          [
            -57.53241,
            -38.013413
          ],
          [
            -57.532413,
            -38.013349
          ],
          [
            -57.532415,
            -38.013195
          ],
          [
            -57.532417,
            -38.01293
          ],
          [
            -57.532416,
            -38.012878
          ],
          [
            -57.532351,
            -38.012578
          ],
          [
            -57.53235,
            -38.012547
          ],
          [
            -57.532345,
            -38.012207
          ],
          [
            -57.532346,
            -38.012096
          ],
          [
            -57.532367,
            -38.011975
          ],
          [
            -57.532295,
            -38.011316
          ],
          [
            -57.532496,
            -38.011214
          ],
          [
            -57.533171,
            -38.012059
          ],
          [
            -57.532755,
            -38.012263
          ],
          [
            -57.532714,
            -38.012321
          ],
          [
            -57.53255,
            -38.012407
          ],
          [
            -57.532506,
            -38.01243
          ],
          [
            -57.532476,
            -38.012447
          ],
          [
            -57.532458,
            -38.012467
          ],
          [
            -57.53245,
            -38.012487
          ],
          [
            -57.532448,
            -38.01253
          ],
          [
            -57.532446,
            -38.012576
          ],
          [
            -57.532429,
            -38.012746
          ],
          [
            -57.532416,
            -38.012878
          ],
          [
            -57.532417,
            -38.01293
          ],
          [
            -57.532415,
            -38.013195
          ],
          [
            -57.532413,
            -38.013349
          ],
          [
            -57.53241,
            -38.013413
          ],
          [
            -57.532402,
            -38.013482
          ],
          [
            -57.532388,
            -38.013563
          ],
          [
            -57.532362,
            -38.013677
          ],
          [
            -57.53283,
            -38.013439
          ],
          [
            -57.532417,
            -38.01293
          ],
          [
            -57.532416,
            -38.012878
          ],
          [
            -57.532351,
            -38.012578
          ],
          [
            -57.53235,
            -38.012547
          ],
          [
            -57.532345,
            -38.012207
          ],
          [
            -57.532346,
            -38.012096
          ],
          [
            -57.532367,
            -38.011975
          ],
          [
            -57.532295,
            -38.011316
          ],
          [
            -57.532288,
            -38.011099
          ],
          [
            -57.53229,
            -38.011019
          ],
          [
            -57.5323,
            -38.010958
          ],
          [
            -57.532322,
            -38.010894
          ],
          [
            -57.532359,
            -38.010822
          ],
          [
            -57.532748,
            -38.010108
          ],
          [
            -57.532824,
            -38.009941
          ],
          [
            -57.532906,
            -38.009735
          ],
          [
            -57.532992,
            -38.009464
          ],
          [
            -57.533046,
            -38.009267
          ],
          [
            -57.533158,
            -38.008838
          ],
          [
            -57.533184,
            -38.008757
          ],
          [
            -57.533214,
            -38.008691
          ],
          [
            -57.533216,
            -38.008688
          ],
          [
            -57.533248,
            -38.008643
          ],
          [
            -57.533288,
            -38.008603
          ],
          [
            -57.533353,
            -38.008568
          ],
          [
            -57.533432,
            -38.008538
          ],
          [
            -57.533561,
            -38.008508
          ],
          [
            -57.533765,
            -38.008483
          ],
          [
            -57.533981,
            -38.008473
          ],
          [
            -57.534264,
            -38.008471
          ],
          [
            -57.534453,
            -38.008476
          ],
          [
            -57.534587,
            -38.008493
          ],
          [
            -57.534692,
            -38.008508
          ],
          [
            -57.534828,
            -38.008543
          ],
          [
            -57.534979,
            -38.00859
          ],
          [
            -57.535114,
            -38.008622
          ],
          [
            -57.535267,
            -38.008652
          ],
          [
            -57.5354,
            -38.008671
          ],
          [
            -57.536002,
            -38.008711
          ],
          [
            -57.536084,
            -38.008714
          ],
          [
            -57.536195,
            -38.008715
          ],
          [
            -57.536982,
            -38.008729
          ],
          [
            -57.537115,
            -38.008726
          ],
          [
            -57.537206,
            -38.008715
          ],
          [
            -57.537288,
            -38.008699
          ],
          [
            -57.53736,
            -38.008677
          ],
          [
            -57.53741,
            -38.008661
          ],
          [
            -57.538412,
            -38.008333
          ],
          [
            -57.538504,
            -38.008297
          ],
          [
            -57.538579,
            -38.008263
          ],
          [
            -57.538592,
            -38.008257
          ],
          [
            -57.539055,
            -38.008032
          ],
          [
            -57.539449,
            -38.00784
          ],
          [
            -57.53954,
            -38.007794
          ],
          [
            -57.539627,
            -38.007749
          ],
          [
            -57.540282,
            -38.007423
          ],
          [
            -57.540424,
            -38.007352
          ],
          [
            -57.540509,
            -38.007309
          ],
          [
            -57.540592,
            -38.007264
          ],
          [
            -57.541355,
            -38.006861
          ],
          [
            -57.541439,
            -38.006816
          ],
          [
            -57.541507,
            -38.006778
          ],
          [
            -57.541908,
            -38.006419
          ],
          [
            -57.542027,
            -38.006285
          ],
          [
            -57.542122,
            -38.00616
          ],
          [
            -57.542206,
            -38.00605
          ],
          [
            -57.542273,
            -38.005932
          ],
          [
            -57.542311,
            -38.005852
          ],
          [
            -57.542342,
            -38.005786
          ],
          [
            -57.542385,
            -38.005679
          ],
          [
            -57.542424,
            -38.005572
          ],
          [
            -57.542463,
            -38.005449
          ],
          [
            -57.542493,
            -38.005348
          ],
          [
            -57.542526,
            -38.005226
          ],
          [
            -57.542557,
            -38.005103
          ],
          [
            -57.54271,
            -38.004948
          ],
          [
            -57.542802,
            -38.004888
          ],
          [
            -57.543655,
            -38.004456
          ],
          [
            -57.543761,
            -38.004403
          ],
          [
            -57.544823,
            -38.003866
          ],
          [
            -57.544172,
            -38.003067
          ],
          [
            -57.543191,
            -38.003587
          ],
          [
            -57.543133,
            -38.003618
          ],
          [
            -57.543031,
            -38.003673
          ],
          [
            -57.542847,
            -38.00377
          ],
          [
            -57.54281,
            -38.003783
          ],
          [
            -57.542771,
            -38.003792
          ],
          [
            -57.542726,
            -38.0038
          ],
          [
            -57.542661,
            -38.003806
          ],
          [
            -57.542583,
            -38.003808
          ],
          [
            -57.54253,
            -38.003803
          ],
          [
            -57.542468,
            -38.003786
          ],
          [
            -57.542204,
            -38.003188
          ],
          [
            -57.542163,
            -38.003096
          ],
          [
            -57.542358,
            -38.002932
          ],
          [
            -57.542507,
            -38.002849
          ],
          [
            -57.543554,
            -38.002313
          ],
          [
            -57.542898,
            -38.001488
          ],
          [
            -57.54228,
            -38.000733
          ],
          [
            -57.542205,
            -38.000641
          ],
          [
            -57.542114,
            -38.000687
          ],
          [
            -57.541705,
            -38.000894
          ],
          [
            -57.541658,
            -38.000914
          ],
          [
            -57.541603,
            -38.000934
          ],
          [
            -57.541607,
            -38.000947
          ],
          [
            -57.541643,
            -38.001076
          ],
          [
            -57.541819,
            -38.001776
          ],
          [
            -57.541834,
            -38.001827
          ],
          [
            -57.541857,
            -38.00189
          ],
          [
            -57.541871,
            -38.001921
          ],
          [
            -57.541899,
            -38.00198
          ],
          [
            -57.541936,
            -38.002045
          ],
          [
            -57.542454,
            -38.002787
          ],
          [
            -57.542507,
            -38.002849
          ],
          [
            -57.543554,
            -38.002313
          ],
          [
            -57.542898,
            -38.001488
          ],
          [
            -57.54228,
            -38.000733
          ],
          [
            -57.542205,
            -38.000641
          ],
          [
            -57.542114,
            -38.000687
          ],
          [
            -57.541705,
            -38.000894
          ],
          [
            -57.541658,
            -38.000914
          ],
          [
            -57.541603,
            -38.000934
          ],
          [
            -57.541544,
            -38.000951
          ],
          [
            -57.541476,
            -38.000965
          ],
          [
            -57.541458,
            -38.000789
          ],
          [
            -57.541396,
            -38.000249
          ],
          [
            -57.541391,
            -38.000177
          ],
          [
            -57.541392,
            -38.000105
          ],
          [
            -57.541399,
            -38.00001
          ],
          [
            -57.541407,
            -37.99995
          ],
          [
            -57.54142,
            -37.999874
          ],
          [
            -57.541479,
            -37.999579
          ],
          [
            -57.541489,
            -37.999538
          ],
          [
            -57.541511,
            -37.99944
          ],
          [
            -57.541563,
            -37.999226
          ],
          [
            -57.541604,
            -37.999016
          ],
          [
            -57.54161,
            -37.998964
          ],
          [
            -57.541633,
            -37.998916
          ],
          [
            -57.541657,
            -37.998889
          ],
          [
            -57.541695,
            -37.998856
          ],
          [
            -57.541741,
            -37.998832
          ],
          [
            -57.541776,
            -37.998818
          ],
          [
            -57.541829,
            -37.998803
          ],
          [
            -57.5419,
            -37.998795
          ],
          [
            -57.541956,
            -37.998795
          ],
          [
            -57.542017,
            -37.998805
          ],
          [
            -57.542067,
            -37.998824
          ],
          [
            -57.54211,
            -37.998845
          ],
          [
            -57.542147,
            -37.998873
          ],
          [
            -57.542175,
            -37.998904
          ],
          [
            -57.542198,
            -37.998938
          ],
          [
            -57.542214,
            -37.998972
          ],
          [
            -57.542451,
            -37.999185
          ],
          [
            -57.542472,
            -37.999179
          ],
          [
            -57.5436,
            -37.998856
          ],
          [
            -57.544724,
            -37.998555
          ],
          [
            -57.545893,
            -37.998229
          ],
          [
            -57.545527,
            -37.997777
          ],
          [
            -57.546539,
            -37.99726
          ],
          [
            -57.547478,
            -37.99678
          ],
          [
            -57.547513,
            -37.996762
          ],
          [
            -57.547524,
            -37.996756
          ],
          [
            -57.548494,
            -37.99626
          ],
          [
            -57.549511,
            -37.995755
          ],
          [
            -57.550509,
            -37.995254
          ],
          [
            -57.549859,
            -37.994438
          ],
          [
            -57.548852,
            -37.994942
          ],
          [
            -57.547858,
            -37.995447
          ],
          [
            -57.547843,
            -37.995455
          ],
          [
            -57.547208,
            -37.994672
          ],
          [
            -57.548218,
            -37.994159
          ],
          [
            -57.549221,
            -37.993649
          ],
          [
            -57.548591,
            -37.992872
          ],
          [
            -57.547946,
            -37.992073
          ],
          [
            -57.547324,
            -37.991299
          ],
          [
            -57.54726,
            -37.991219
          ],
          [
            -57.547157,
            -37.991271
          ],
          [
            -57.546331,
            -37.991688
          ],
          [
            -57.546251,
            -37.991728
          ],
          [
            -57.546158,
            -37.991775
          ],
          [
            -57.546064,
            -37.991823
          ],
          [
            -57.545648,
            -37.992033
          ],
          [
            -57.545448,
            -37.992134
          ],
          [
            -57.545401,
            -37.992157
          ],
          [
            -57.545288,
            -37.992214
          ],
          [
            -57.545256,
            -37.992231
          ],
          [
            -57.5452,
            -37.992259
          ],
          [
            -57.545084,
            -37.992319
          ],
          [
            -57.545064,
            -37.992332
          ],
          [
            -57.545045,
            -37.99235
          ],
          [
            -57.545031,
            -37.99237
          ],
          [
            -57.545022,
            -37.992391
          ],
          [
            -57.544999,
            -37.992475
          ],
          [
            -57.545012,
            -37.992361
          ],
          [
            -57.545021,
            -37.992294
          ],
          [
            -57.545036,
            -37.992236
          ],
          [
            -57.545052,
            -37.992191
          ],
          [
            -57.545079,
            -37.992148
          ],
          [
            -57.545112,
            -37.992112
          ],
          [
            -57.545226,
            -37.992025
          ],
          [
            -57.545249,
            -37.992006
          ],
          [
            -57.545261,
            -37.991989
          ],
          [
            -57.545268,
            -37.991968
          ],
          [
            -57.545267,
            -37.991867
          ],
          [
            -57.545258,
            -37.990774
          ],
          [
            -57.545239,
            -37.98997
          ],
          [
            -57.545238,
            -37.98994
          ],
          [
            -57.545237,
            -37.989926
          ],
          [
            -57.545232,
            -37.989754
          ],
          [
            -57.545228,
            -37.989665
          ],
          [
            -57.545189,
            -37.989403
          ],
          [
            -57.545096,
            -37.988814
          ],
          [
            -57.545043,
            -37.988462
          ],
          [
            -57.544978,
            -37.987888
          ],
          [
            -57.544967,
            -37.987826
          ],
          [
            -57.545744,
            -37.987438
          ],
          [
            -57.545691,
            -37.987375
          ],
          [
            -57.545148,
            -37.986718
          ],
          [
            -57.5451,
            -37.986661
          ],
          [
            -57.545061,
            -37.986649
          ],
          [
            -57.544998,
            -37.986631
          ],
          [
            -57.544872,
            -37.986468
          ],
          [
            -57.544713,
            -37.986342
          ],
          [
            -57.544638,
            -37.986269
          ],
          [
            -57.54455,
            -37.985798
          ],
          [
            -57.544478,
            -37.984867
          ],
          [
            -57.544471,
            -37.984801
          ],
          [
            -57.544445,
            -37.984624
          ],
          [
            -57.544426,
            -37.984511
          ],
          [
            -57.544366,
            -37.984105
          ],
          [
            -57.544316,
            -37.983759
          ],
          [
            -57.54431,
            -37.983715
          ],
          [
            -57.544295,
            -37.983624
          ],
          [
            -57.544259,
            -37.983395
          ],
          [
            -57.544062,
            -37.982333
          ],
          [
            -57.543982,
            -37.98176
          ],
          [
            -57.543979,
            -37.981731
          ],
          [
            -57.543864,
            -37.980465
          ],
          [
            -57.543857,
            -37.980379
          ],
          [
            -57.543763,
            -37.979532
          ],
          [
            -57.543904,
            -37.979461
          ],
          [
            -57.544018,
            -37.979403
          ],
          [
            -57.544093,
            -37.979366
          ],
          [
            -57.544154,
            -37.979336
          ],
          [
            -57.544256,
            -37.980355
          ],
          [
            -57.544264,
            -37.980454
          ],
          [
            -57.544267,
            -37.98052
          ],
          [
            -57.544375,
            -37.981357
          ],
          [
            -57.544397,
            -37.981386
          ],
          [
            -57.544426,
            -37.981425
          ],
          [
            -57.545026,
            -37.981127
          ],
          [
            -57.54601,
            -37.980636
          ],
          [
            -57.54536,
            -37.979846
          ],
          [
            -57.544392,
            -37.980348
          ],
          [
            -57.544256,
            -37.980355
          ],
          [
            -57.544211,
            -37.980357
          ],
          [
            -57.544123,
            -37.980363
          ],
          [
            -57.543999,
            -37.98037
          ],
          [
            -57.543857,
            -37.980379
          ],
          [
            -57.543763,
            -37.979532
          ],
          [
            -57.543747,
            -37.979445
          ],
          [
            -57.543714,
            -37.979301
          ],
          [
            -57.543514,
            -37.978445
          ],
          [
            -57.543413,
            -37.977973
          ],
          [
            -57.543301,
            -37.977444
          ],
          [
            -57.543297,
            -37.977426
          ],
          [
            -57.543104,
            -37.976481
          ],
          [
            -57.54308,
            -37.976376
          ],
          [
            -57.542909,
            -37.975496
          ],
          [
            -57.543046,
            -37.975429
          ],
          [
            -57.543158,
            -37.975373
          ],
          [
            -57.543217,
            -37.975345
          ],
          [
            -57.543238,
            -37.975335
          ],
          [
            -57.543268,
            -37.97532
          ],
          [
            -57.544186,
            -37.974863
          ],
          [
            -57.54516,
            -37.974373
          ],
          [
            -57.546172,
            -37.973861
          ],
          [
            -57.545529,
            -37.973083
          ],
          [
            -57.544903,
            -37.972289
          ],
          [
            -57.544251,
            -37.971482
          ],
          [
            -57.543587,
            -37.970659
          ],
          [
            -57.543537,
            -37.970685
          ],
          [
            -57.543268,
            -37.970798
          ],
          [
            -57.543222,
            -37.970829
          ],
          [
            -57.543171,
            -37.970855
          ],
          [
            -57.543058,
            -37.970885
          ],
          [
            -57.54293,
            -37.970886
          ],
          [
            -57.542809,
            -37.970855
          ],
          [
            -57.542708,
            -37.970795
          ],
          [
            -57.542636,
            -37.970713
          ],
          [
            -57.542604,
            -37.970632
          ],
          [
            -57.542599,
            -37.970582
          ],
          [
            -57.542604,
            -37.970533
          ],
          [
            -57.542626,
            -37.970469
          ],
          [
            -57.542655,
            -37.970424
          ],
          [
            -57.542692,
            -37.970382
          ],
          [
            -57.542738,
            -37.970347
          ],
          [
            -57.542796,
            -37.970315
          ],
          [
            -57.542849,
            -37.970295
          ],
          [
            -57.542976,
            -37.970275
          ],
          [
            -57.543041,
            -37.970277
          ],
          [
            -57.543105,
            -37.970288
          ],
          [
            -57.5432,
            -37.970323
          ],
          [
            -57.543265,
            -37.970364
          ],
          [
            -57.543443,
            -37.970258
          ],
          [
            -57.543501,
            -37.970165
          ],
          [
            -57.543517,
            -37.970139
          ],
          [
            -57.543554,
            -37.97008
          ],
          [
            -57.543573,
            -37.97005
          ],
          [
            -57.543641,
            -37.970071
          ],
          [
            -57.543719,
            -37.970099
          ],
          [
            -57.543824,
            -37.970136
          ],
          [
            -57.54395,
            -37.970176
          ],
          [
            -57.544053,
            -37.970317
          ],
          [
            -57.544533,
            -37.970068
          ],
          [
            -57.544598,
            -37.970149
          ],
          [
            -57.543587,
            -37.970659
          ],
          [
            -57.543537,
            -37.970685
          ],
          [
            -57.543268,
            -37.970798
          ],
          [
            -57.543222,
            -37.970829
          ],
          [
            -57.543171,
            -37.970855
          ],
          [
            -57.543058,
            -37.970885
          ],
          [
            -57.54293,
            -37.970886
          ],
          [
            -57.542809,
            -37.970855
          ],
          [
            -57.542708,
            -37.970795
          ],
          [
            -57.542636,
            -37.970713
          ],
          [
            -57.542604,
            -37.970632
          ],
          [
            -57.542599,
            -37.970582
          ],
          [
            -57.542604,
            -37.970533
          ],
          [
            -57.542597,
            -37.970022
          ],
          [
            -57.542562,
            -37.969866
          ],
          [
            -57.542506,
            -37.96972
          ],
          [
            -57.541551,
            -37.967244
          ],
          [
            -57.541441,
            -37.966807
          ],
          [
            -57.541199,
            -37.96614
          ],
          [
            -57.541152,
            -37.966016
          ],
          [
            -57.54087,
            -37.965225
          ],
          [
            -57.540821,
            -37.965066
          ],
          [
            -57.540806,
            -37.965019
          ],
          [
            -57.540495,
            -37.963478
          ],
          [
            -57.540459,
            -37.963247
          ],
          [
            -57.540451,
            -37.963111
          ],
          [
            -57.540449,
            -37.962875
          ],
          [
            -57.540453,
            -37.961939
          ],
          [
            -57.540373,
            -37.961007
          ],
          [
            -57.540484,
            -37.960951
          ],
          [
            -57.540626,
            -37.960879
          ],
          [
            -57.540708,
            -37.962015
          ],
          [
            -57.540685,
            -37.963065
          ],
          [
            -57.540687,
            -37.963093
          ],
          [
            -57.540696,
            -37.963261
          ],
          [
            -57.540722,
            -37.96345
          ],
          [
            -57.540861,
            -37.964113
          ],
          [
            -57.541039,
            -37.96495
          ],
          [
            -57.541053,
            -37.964999
          ],
          [
            -57.541087,
            -37.965115
          ],
          [
            -57.540974,
            -37.965174
          ],
          [
            -57.54087,
            -37.965225
          ],
          [
            -57.54076,
            -37.965276
          ],
          [
            -57.540721,
            -37.965096
          ],
          [
            -57.540365,
            -37.963459
          ],
          [
            -57.540337,
            -37.96326
          ],
          [
            -57.540322,
            -37.963049
          ],
          [
            -57.540304,
            -37.961733
          ],
          [
            -57.540256,
            -37.961066
          ],
          [
            -57.540137,
            -37.959651
          ],
          [
            -57.540102,
            -37.959481
          ],
          [
            -57.540052,
            -37.959312
          ],
          [
            -57.539928,
            -37.959056
          ],
          [
            -57.539368,
            -37.958075
          ],
          [
            -57.538791,
            -37.95713
          ],
          [
            -57.538413,
            -37.956442
          ],
          [
            -57.538255,
            -37.956094
          ],
          [
            -57.537675,
            -37.954618
          ],
          [
            -57.537302,
            -37.953668
          ],
          [
            -57.537289,
            -37.953635
          ],
          [
            -57.536903,
            -37.952638
          ],
          [
            -57.536538,
            -37.951694
          ],
          [
            -57.53628,
            -37.950812
          ],
          [
            -57.535969,
            -37.949816
          ],
          [
            -57.535698,
            -37.948852
          ],
          [
            -57.535469,
            -37.947958
          ],
          [
            -57.53521,
            -37.946954
          ],
          [
            -57.53521,
            -37.946953
          ],
          [
            -57.534891,
            -37.945719
          ],
          [
            -57.53464,
            -37.944635
          ],
          [
            -57.534562,
            -37.944094
          ],
          [
            -57.534472,
            -37.943869
          ],
          [
            -57.534359,
            -37.943588
          ],
          [
            -57.534299,
            -37.94337
          ],
          [
            -57.534135,
            -37.942697
          ],
          [
            -57.533519,
            -37.939892
          ],
          [
            -57.53298,
            -37.937479
          ],
          [
            -57.532898,
            -37.937245
          ],
          [
            -57.532573,
            -37.93639
          ],
          [
            -57.532487,
            -37.936136
          ],
          [
            -57.532446,
            -37.935977
          ],
          [
            -57.532377,
            -37.935629
          ],
          [
            -57.532243,
            -37.934722
          ],
          [
            -57.532215,
            -37.9346
          ],
          [
            -57.53208,
            -37.934146
          ],
          [
            -57.531862,
            -37.933468
          ],
          [
            -57.5315,
            -37.932338
          ],
          [
            -57.531596,
            -37.932321
          ],
          [
            -57.531605,
            -37.932348
          ]
        ],
        "type": "LineString"
      },
      "properties": {
        "numero": "221",
        "nombre": "Línea 221",
        "linea": "221"
      }
    }
  ]
}