{
  "type": "FeatureCollection",
  "features": [
    {
      "type": "Feature",
      "geometry": {
        "coordinates": [
          [
            -57.631505,
            -37.994101
          ],
          [
            -57.63158,
            -37.994161
          ],
          [
            -57.632404,
            -37.994849
          ],
          [
            -57.631566,
            -37.995472
          ],
          [
            -57.630778,
            -37.994801
          ],
          [
            -57.630758,
            -37.994784
          ],
          [
            -57.629908,
            -37.995429
          ],
          [
            -57.629051,
            -37.99608
          ],
          [
            -57.628218,
            -37.996712
          ],
          [
            -57.627357,
            -37.997365
          ],
          [
            -57.626505,
            -37.998012
          ],
          [
            -57.625628,
            -37.998678
          ],
          [
            -57.624773,
            -37.999323
          ],
          [
            -57.625585,
            -38.000005
          ],
          [
            -57.625607,
            -38.000023
          ],
          [
            -57.626386,
            -38.000674
          ],
          [
            -57.625555,
            -38.001315
          ],
          [
            -57.624686,
            -38.001968
          ],
          [
            -57.623835,
            -38.002615
          ],
          [
            -57.622903,
            -38.003328
          ],
          [
            -57.622093,
            -38.002644
          ],
          [
            -57.622075,
            -38.002629
          ],
          [
            -57.621277,
            -38.001979
          ],
          [
            -57.620462,
            -38.001291
          ],
          [
            -57.620459,
            -38.001289
          ],
          [
            -57.619657,
            -38.000626
          ],
          [
            -57.618831,
            -37.999936
          ],
          [
            -57.617998,
            -37.99924
          ],
          [
            -57.617208,
            -37.998588
          ],
          [
            -57.616385,
            -37.997893
          ],
          [
            -57.61567,
            -37.997295
          ],
          [
            -57.615625,
            -37.997258
          ],
          [
            -57.614767,
            -37.996548
          ],
          [
            -57.613947,
            -37.995875
          ],
          [
            -57.613104,
            -37.995174
          ],
          [
            -57.612287,
            -37.994495
          ],
          [
            -57.61146,
            -37.993808
          ],
          [
            -57.610681,
            -37.993168
          ],
          [
            -57.60985,
            -37.992466
          ],
          [
            -57.609045,
            -37.991801
          ],
          [
            -57.608283,
            -37.991165
          ],
          [
            -57.608165,
            -37.991059
          ],
          [
            -57.60724,
            -37.991765
          ],
          [
            -57.606823,
            -37.992082
          ],
          [
            -57.606692,
            -37.99218
          ],
          [
            -57.606379,
            -37.992418
          ],
          [
            -57.605515,
            -37.993073
          ],
          [
            -57.60462,
            -37.993751
          ],
          [
            -57.604488,
            -37.99385
          ],
          [
            -57.603697,
            -37.994445
          ],
          [
            -57.602848,
            -37.995082
          ],
          [
            -57.602832,
            -37.995094
          ],
          [
            -57.601967,
            -37.995749
          ],
          [
            -57.601123,
            -37.996388
          ],
          [
            -57.60102,
            -37.996466
          ],
          [
            -57.600326,
            -37.996991
          ],
          [
            -57.60026,
            -37.997041
          ],
          [
            -57.599367,
            -37.997717
          ],
          [
            -57.598521,
            -37.998358
          ],
          [
            -57.598046,
            -37.998717
          ],
          [
            -57.597966,
            -37.998829
          ],
          [
            -57.597942,
            -37.998886
          ],
          [
            -57.597924,
            -37.998936
          ],
          [
            -57.597908,
            -37.999
          ],
          [
            -57.597901,
            -37.999055
          ],
          [
            -57.597901,
            -37.999118
          ],
          [
            -57.597912,
            -37.999191
          ],
          [
            -57.597928,
            -37.999268
          ],
          [
            -57.597938,
            -37.999303
          ],
          [
            -57.597943,
            -37.999323
          ],
          [
            -57.597965,
            -37.999402
          ],
          [
            -57.598005,
            -37.999454
          ],
          [
            -57.598035,
            -37.999531
          ],
          [
            -57.598044,
            -37.999592
          ],
          [
            -57.59804,
            -37.999655
          ],
          [
            -57.598022,
            -37.999718
          ],
          [
            -57.597995,
            -37.999768
          ],
          [
            -57.597964,
            -37.999805
          ],
          [
            -57.597921,
            -37.999839
          ],
          [
            -57.597879,
            -37.99986
          ],
          [
            -57.597825,
            -37.999883
          ],
          [
            -57.597758,
            -37.999901
          ],
          [
            -57.597709,
            -37.999907
          ],
          [
            -57.597651,
            -37.99991
          ],
          [
            -57.597603,
            -37.999909
          ],
          [
            -57.59754,
            -37.999899
          ],
          [
            -57.597463,
            -37.999869
          ],
          [
            -57.597318,
            -37.999793
          ],
          [
            -57.597219,
            -37.999734
          ],
          [
            -57.597148,
            -37.999688
          ],
          [
            -57.597104,
            -37.999653
          ],
          [
            -57.597069,
            -37.999622
          ],
          [
            -57.597033,
            -37.99959
          ],
          [
            -57.597,
            -37.999557
          ],
          [
            -57.596972,
            -37.999521
          ],
          [
            -57.596947,
            -37.99949
          ],
          [
            -57.59693,
            -37.999453
          ],
          [
            -57.59692,
            -37.999417
          ],
          [
            -57.596909,
            -37.999359
          ],
          [
            -57.596905,
            -37.999281
          ],
          [
            -57.596934,
            -37.999199
          ],
          [
            -57.59698,
            -37.999069
          ],
          [
            -57.597009,
            -37.998988
          ],
          [
            -57.597038,
            -37.998876
          ],
          [
            -57.597049,
            -37.998786
          ],
          [
            -57.597054,
            -37.998734
          ],
          [
            -57.597053,
            -37.998655
          ],
          [
            -57.597047,
            -37.998573
          ],
          [
            -57.597037,
            -37.998508
          ],
          [
            -57.597022,
            -37.998453
          ],
          [
            -57.596996,
            -37.998395
          ],
          [
            -57.596973,
            -37.998353
          ],
          [
            -57.596938,
            -37.9983
          ],
          [
            -57.5969,
            -37.998249
          ],
          [
            -57.596834,
            -37.998161
          ],
          [
            -57.595614,
            -37.996643
          ],
          [
            -57.594495,
            -37.995251
          ],
          [
            -57.594235,
            -37.994936
          ],
          [
            -57.594076,
            -37.994735
          ],
          [
            -57.593899,
            -37.99452
          ],
          [
            -57.593635,
            -37.994186
          ],
          [
            -57.592321,
            -37.992557
          ],
          [
            -57.592276,
            -37.992505
          ],
          [
            -57.592223,
            -37.992449
          ],
          [
            -57.592164,
            -37.992388
          ],
          [
            -57.592159,
            -37.992383
          ],
          [
            -57.592093,
            -37.992321
          ],
          [
            -57.592018,
            -37.992255
          ],
          [
            -57.591928,
            -37.992183
          ],
          [
            -57.591832,
            -37.992117
          ],
          [
            -57.591763,
            -37.992072
          ],
          [
            -57.591704,
            -37.992035
          ],
          [
            -57.591616,
            -37.991979
          ],
          [
            -57.591544,
            -37.991936
          ],
          [
            -57.591505,
            -37.991916
          ],
          [
            -57.591467,
            -37.9919
          ],
          [
            -57.591413,
            -37.991885
          ],
          [
            -57.591356,
            -37.991873
          ],
          [
            -57.591277,
            -37.991863
          ],
          [
            -57.591208,
            -37.991862
          ],
          [
            -57.591133,
            -37.991863
          ],
          [
            -57.591069,
            -37.991869
          ],
          [
            -57.591012,
            -37.991882
          ],
          [
            -57.590951,
            -37.991897
          ],
          [
            -57.590927,
            -37.991903
          ],
          [
            -57.590581,
            -37.992074
          ],
          [
            -57.589566,
            -37.992585
          ],
          [
            -57.588557,
            -37.993093
          ],
          [
            -57.587604,
            -37.993574
          ],
          [
            -57.58757,
            -37.993591
          ],
          [
            -57.587241,
            -37.993756
          ],
          [
            -57.586585,
            -37.994085
          ],
          [
            -57.585806,
            -37.994481
          ],
          [
            -57.585593,
            -37.99459
          ],
          [
            -57.585255,
            -37.99476
          ],
          [
            -57.58481,
            -37.994984
          ],
          [
            -57.584617,
            -37.995082
          ],
          [
            -57.584371,
            -37.995205
          ],
          [
            -57.583559,
            -37.995611
          ],
          [
            -57.583544,
            -37.995593
          ],
          [
            -57.582904,
            -37.994795
          ],
          [
            -57.582272,
            -37.994007
          ],
          [
            -57.581288,
            -37.994505
          ],
          [
            -57.580289,
            -37.99501
          ],
          [
            -57.579308,
            -37.995506
          ],
          [
            -57.578225,
            -37.996053
          ],
          [
            -57.578859,
            -37.996838
          ],
          [
            -57.579502,
            -37.997634
          ],
          [
            -57.579514,
            -37.997649
          ],
          [
            -57.580162,
            -37.99845
          ],
          [
            -57.580758,
            -37.999187
          ],
          [
            -57.579684,
            -37.999731
          ],
          [
            -57.578687,
            -38.000238
          ],
          [
            -57.577682,
            -38.000747
          ],
          [
            -57.576683,
            -38.001255
          ],
          [
            -57.575724,
            -38.001741
          ],
          [
            -57.574698,
            -38.002262
          ],
          [
            -57.573714,
            -38.002756
          ],
          [
            -57.572711,
            -38.00327
          ],
          [
            -57.572095,
            -38.002509
          ],
          [
            -57.571469,
            -38.001735
          ],
          [
            -57.57145,
            -38.001711
          ],
          [
            -57.570464,
            -38.002207
          ],
          [
            -57.569472,
            -38.002707
          ],
          [
            -57.568642,
            -38.003121
          ],
          [
            -57.568468,
            -38.003208
          ],
          [
            -57.568478,
            -38.00322
          ],
          [
            -57.569105,
            -38.003997
          ],
          [
            -57.569214,
            -38.003942
          ],
          [
            -57.57011,
            -38.003499
          ],
          [
            -57.569472,
            -38.002707
          ],
          [
            -57.568962,
            -38.002074
          ],
          [
            -57.568826,
            -38.001906
          ],
          [
            -57.568195,
            -38.001122
          ],
          [
            -57.567559,
            -38.000333
          ],
          [
            -57.566919,
            -37.999539
          ],
          [
            -57.566197,
            -37.999903
          ],
          [
            -57.565925,
            -38.000043
          ],
          [
            -57.564944,
            -38.000537
          ],
          [
            -57.564915,
            -38.000551
          ],
          [
            -57.563914,
            -38.001058
          ],
          [
            -57.56291,
            -38.001566
          ],
          [
            -57.561895,
            -38.002077
          ],
          [
            -57.560902,
            -38.002579
          ],
          [
            -57.559904,
            -38.003084
          ],
          [
            -57.558835,
            -38.003624
          ],
          [
            -57.558203,
            -38.002842
          ],
          [
            -57.557541,
            -38.002023
          ],
          [
            -57.556908,
            -38.001252
          ],
          [
            -57.556234,
            -38.000408
          ],
          [
            -57.556219,
            -38.00039
          ],
          [
            -57.55596,
            -38.000075
          ],
          [
            -57.555308,
            -37.999907
          ],
          [
            -57.554959,
            -37.999818
          ],
          [
            -57.555266,
            -37.999663
          ],
          [
            -57.555533,
            -37.999528
          ],
          [
            -57.555699,
            -37.999444
          ],
          [
            -57.556613,
            -37.999007
          ],
          [
            -57.557444,
            -37.998586
          ],
          [
            -57.55761,
            -37.998502
          ],
          [
            -57.55697,
            -37.997721
          ],
          [
            -57.556316,
            -37.996906
          ],
          [
            -57.555325,
            -37.997406
          ],
          [
            -57.554252,
            -37.997947
          ],
          [
            -57.554228,
            -37.997959
          ],
          [
            -57.55361,
            -37.997185
          ],
          [
            -57.552988,
            -37.996405
          ],
          [
            -57.552302,
            -37.995549
          ],
          [
            -57.552278,
            -37.995561
          ],
          [
            -57.551213,
            -37.996103
          ],
          [
            -57.550204,
            -37.996611
          ],
          [
            -57.549192,
            -37.997121
          ],
          [
            -57.548816,
            -37.997319
          ],
          [
            -57.548703,
            -37.997399
          ],
          [
            -57.54864,
            -37.997446
          ],
          [
            -57.548576,
            -37.9975
          ],
          [
            -57.548546,
            -37.997526
          ],
          [
            -57.548534,
            -37.997536
          ],
          [
            -57.548485,
            -37.997588
          ],
          [
            -57.548396,
            -37.997705
          ],
          [
            -57.54835,
            -37.997755
          ],
          [
            -57.548295,
            -37.997784
          ],
          [
            -57.548231,
            -37.997799
          ],
          [
            -57.548165,
            -37.997797
          ],
          [
            -57.548095,
            -37.997775
          ],
          [
            -57.54804,
            -37.997736
          ],
          [
            -57.548005,
            -37.997683
          ],
          [
            -57.547996,
            -37.997625
          ],
          [
            -57.548009,
            -37.997577
          ],
          [
            -57.548038,
            -37.997535
          ],
          [
            -57.548081,
            -37.997501
          ],
          [
            -57.548138,
            -37.997478
          ],
          [
            -57.548201,
            -37.997469
          ],
          [
            -57.548372,
            -37.997444
          ],
          [
            -57.548488,
            -37.997418
          ],
          [
            -57.548606,
            -37.997382
          ],
          [
            -57.548816,
            -37.997319
          ],
          [
            -57.549192,
            -37.997121
          ],
          [
            -57.550204,
            -37.996611
          ],
          [
            -57.551213,
            -37.996103
          ],
          [
            -57.551197,
            -37.996084
          ],
          [
            -57.550509,
            -37.995254
          ],
          [
            -57.549859,
            -37.994438
          ],
          [
            -57.548852,
            -37.994942
          ],
          [
            -57.547843,
            -37.995455
          ],
          [
            -57.546857,
            -37.995959
          ],
          [
            -57.547513,
            -37.996762
          ],
          [
            -57.547586,
            -37.996852
          ],
          [
            -57.54802,
            -37.997421
          ],
          [
            -57.548081,
            -37.997501
          ],
          [
            -57.548138,
            -37.997478
          ],
          [
            -57.548201,
            -37.997469
          ],
          [
            -57.548372,
            -37.997444
          ],
          [
            -57.548488,
            -37.997418
          ],
          [
            -57.548606,
            -37.997382
          ],
          [
            -57.548816,
            -37.997319
          ],
          [
            -57.549192,
            -37.997121
          ],
          [
            -57.549174,
            -37.997099
          ],
          [
            -57.548494,
            -37.99626
          ],
          [
            -57.547843,
            -37.995455
          ],
          [
            -57.546857,
            -37.995959
          ],
          [
            -57.546832,
            -37.995972
          ],
          [
            -57.545881,
            -37.996452
          ],
          [
            -57.546539,
            -37.99726
          ],
          [
            -57.546578,
            -37.997323
          ],
          [
            -57.546961,
            -37.997797
          ],
          [
            -57.54699,
            -37.997832
          ],
          [
            -57.547038,
            -37.997892
          ],
          [
            -57.547054,
            -37.997912
          ],
          [
            -57.547214,
            -37.998109
          ],
          [
            -57.546221,
            -37.99861
          ],
          [
            -57.546208,
            -37.998617
          ],
          [
            -57.545859,
            -37.998794
          ],
          [
            -57.545187,
            -37.999133
          ],
          [
            -57.544205,
            -37.99963
          ],
          [
            -57.543219,
            -38.000128
          ],
          [
            -57.543129,
            -38.000174
          ],
          [
            -57.542287,
            -38.0006
          ],
          [
            -57.542205,
            -38.000641
          ],
          [
            -57.542114,
            -38.000687
          ],
          [
            -57.541705,
            -38.000894
          ],
          [
            -57.541658,
            -38.000914
          ],
          [
            -57.541603,
            -38.000934
          ],
          [
            -57.541607,
            -38.000947
          ],
          [
            -57.541643,
            -38.001076
          ],
          [
            -57.541819,
            -38.001776
          ],
          [
            -57.541834,
            -38.001827
          ],
          [
            -57.541857,
            -38.00189
          ],
          [
            -57.541871,
            -38.001921
          ],
          [
            -57.541899,
            -38.00198
          ],
          [
            -57.541936,
            -38.002045
          ],
          [
            -57.542454,
            -38.002787
          ],
          [
            -57.542507,
            -38.002849
          ],
          [
            -57.543072,
            -38.003542
          ],
          [
            -57.543133,
            -38.003618
          ],
          [
            -57.543191,
            -38.00369
          ],
          [
            -57.54371,
            -38.004338
          ],
          [
            -57.543761,
            -38.004403
          ],
          [
            -57.544823,
            -38.003866
          ],
          [
            -57.544172,
            -38.003067
          ],
          [
            -57.543191,
            -38.003587
          ],
          [
            -57.543133,
            -38.003618
          ],
          [
            -57.543191,
            -38.00369
          ],
          [
            -57.54371,
            -38.004338
          ],
          [
            -57.543761,
            -38.004403
          ],
          [
            -57.543846,
            -38.004504
          ],
          [
            -57.544385,
            -38.00516
          ],
          [
            -57.544427,
            -38.005211
          ],
          [
            -57.544477,
            -38.005277
          ],
          [
            -57.545001,
            -38.00591
          ],
          [
            -57.545111,
            -38.006042
          ],
          [
            -57.545805,
            -38.006885
          ],
          [
            -57.54643,
            -38.007645
          ],
          [
            -57.547099,
            -38.008457
          ],
          [
            -57.548135,
            -38.007938
          ],
          [
            -57.549137,
            -38.007423
          ],
          [
            -57.550118,
            -38.006927
          ],
          [
            -57.551116,
            -38.006423
          ],
          [
            -57.551751,
            -38.007202
          ],
          [
            -57.551758,
            -38.007211
          ],
          [
            -57.552407,
            -38.007993
          ],
          [
            -57.553399,
            -38.007492
          ],
          [
            -57.552754,
            -38.006697
          ],
          [
            -57.551751,
            -38.007202
          ],
          [
            -57.55075,
            -38.00771
          ],
          [
            -57.549768,
            -38.008206
          ],
          [
            -57.548773,
            -38.008708
          ],
          [
            -57.547783,
            -38.00922
          ],
          [
            -57.547744,
            -38.00924
          ],
          [
            -57.546792,
            -38.009723
          ],
          [
            -57.545779,
            -38.01024
          ],
          [
            -57.545775,
            -38.010242
          ],
          [
            -57.544817,
            -38.01073
          ],
          [
            -57.544318,
            -38.010978
          ],
          [
            -57.543768,
            -38.011252
          ],
          [
            -57.542845,
            -38.01172
          ],
          [
            -57.542788,
            -38.011749
          ],
          [
            -57.542785,
            -38.01175
          ],
          [
            -57.541776,
            -38.012254
          ],
          [
            -57.542419,
            -38.013043
          ],
          [
            -57.542433,
            -38.013036
          ],
          [
            -57.542482,
            -38.013011
          ],
          [
            -57.54342,
            -38.012536
          ],
          [
            -57.543209,
            -38.012274
          ],
          [
            -57.542788,
            -38.011749
          ],
          [
            -57.541776,
            -38.012254
          ],
          [
            -57.540739,
            -38.012769
          ],
          [
            -57.539764,
            -38.013261
          ],
          [
            -57.540403,
            -38.014056
          ],
          [
            -57.541053,
            -38.014862
          ],
          [
            -57.541685,
            -38.015648
          ],
          [
            -57.542299,
            -38.016392
          ],
          [
            -57.541299,
            -38.0169
          ],
          [
            -57.540298,
            -38.01741
          ],
          [
            -57.539282,
            -38.017922
          ],
          [
            -57.538301,
            -38.018426
          ],
          [
            -57.537298,
            -38.018938
          ],
          [
            -57.536283,
            -38.01945
          ],
          [
            -57.535321,
            -38.019943
          ],
          [
            -57.534326,
            -38.020453
          ],
          [
            -57.533324,
            -38.020959
          ],
          [
            -57.532336,
            -38.021462
          ],
          [
            -57.532334,
            -38.021463
          ],
          [
            -57.531327,
            -38.021975
          ],
          [
            -57.530292,
            -38.022495
          ],
          [
            -57.530946,
            -38.023313
          ],
          [
            -57.53157,
            -38.024095
          ],
          [
            -57.532213,
            -38.024899
          ],
          [
            -57.533056,
            -38.024473
          ],
          [
            -57.533259,
            -38.024371
          ],
          [
            -57.533542,
            -38.024229
          ],
          [
            -57.534268,
            -38.023863
          ],
          [
            -57.534882,
            -38.024625
          ],
          [
            -57.535553,
            -38.025458
          ],
          [
            -57.536171,
            -38.026225
          ],
          [
            -57.536835,
            -38.027051
          ],
          [
            -57.537443,
            -38.027792
          ],
          [
            -57.537447,
            -38.027797
          ],
          [
            -57.5381,
            -38.028621
          ],
          [
            -57.538735,
            -38.029399
          ],
          [
            -57.537735,
            -38.029906
          ],
          [
            -57.539012,
            -38.031497
          ],
          [
            -57.53906,
            -38.031557
          ],
          [
            -57.539748,
            -38.032407
          ],
          [
            -57.540391,
            -38.033201
          ],
          [
            -57.541022,
            -38.033981
          ],
          [
            -57.541663,
            -38.034774
          ],
          [
            -57.54193,
            -38.035103
          ],
          [
            -57.542285,
            -38.035542
          ],
          [
            -57.542977,
            -38.036396
          ],
          [
            -57.542984,
            -38.036405
          ],
          [
            -57.543553,
            -38.037108
          ],
          [
            -57.544207,
            -38.037916
          ],
          [
            -57.54488,
            -38.038747
          ],
          [
            -57.545777,
            -38.038071
          ],
          [
            -57.545868,
            -38.03815
          ],
          [
            -57.544998,
            -38.038806
          ],
          [
            -57.544951,
            -38.038842
          ],
          [
            -57.544037,
            -38.039531
          ],
          [
            -57.543182,
            -38.040175
          ],
          [
            -57.542494,
            -38.040693
          ],
          [
            -57.542387,
            -38.040772
          ],
          [
            -57.542444,
            -38.04084
          ],
          [
            -57.542962,
            -38.04162
          ],
          [
            -57.543516,
            -38.042507
          ],
          [
            -57.543991,
            -38.042155
          ],
          [
            -57.544803,
            -38.042842
          ],
          [
            -57.545605,
            -38.043536
          ],
          [
            -57.546445,
            -38.042908
          ],
          [
            -57.54646,
            -38.042896
          ],
          [
            -57.547267,
            -38.043568
          ],
          [
            -57.546414,
            -38.044205
          ],
          [
            -57.546387,
            -38.044225
          ]
        ],
        "type": "LineString"
      },
      "properties": {
        "linea": "571",
        "ramal": "principal",
        "nombre": "Línea 571 - principal"
      }
    },
    {
      "type": "Feature",
      "geometry": {
        "type": "Point",
        "coordinates": [
          -57.631527,
          -37.9940842
        ]
      },
      "properties": {
        "linea": "571",
        "ramal": "principal",
        "numero_camara": "603",
        "direccion": "Calle 238 y Tripulante Fournier, Mar del Plata, Provincia de Buenos Aires, Argentina",
        "orden": 1
      }
    },
    {
      "type": "Feature",
      "geometry": {
        "type": "Point",
        "coordinates": [
          -57.6307827,
          -37.9947965
        ]
      },
      "properties": {
        "linea": "571",
        "ramal": "principal",
        "numero_camara": "229",
        "direccion": "Tripulantes del Fournier & Calle 236, Mar del Plata, Provincia de Buenos Aires, Argentina",
        "orden": 2
      }
    },
    {
      "type": "Feature",
      "geometry": {
        "type": "Point",
        "coordinates": [
          -57.6255826,
          -38.0000058
        ]
      },
      "properties": {
        "linea": "571",
        "ramal": "principal",
        "numero_camara": "319",
        "direccion": "Soler 11094, Mar del Plata, Provincia de Buenos Aires, Argentina",
        "orden": 3
      }
    },
    {
      "type": "Feature",
      "geometry": {
        "type": "Point",
        "coordinates": [
          -57.6220938,
          -38.0026437
        ]
      },
      "properties": {
        "linea": "571",
        "ramal": "principal",
        "numero_camara": "17",
        "direccion": "Avenida Carlos Gardel & Soler, Mar del Plata, Provincia de Buenos Aires, Argentina",
        "orden": 4
      }
    },
    {
      "type": "Feature",
      "geometry": {
        "type": "Point",
        "coordinates": [
          -57.6204576,
          -38.00129
        ]
      },
      "properties": {
        "linea": "571",
        "ramal": "principal",
        "numero_camara": "227",
        "direccion": "Avenida Carlos Gardel & Rosales, Mar del Plata, Provincia de Buenos Aires, Argentina",
        "orden": 5
      }
    },
    {
      "type": "Feature",
      "geometry": {
        "type": "Point",
        "coordinates": [
          -57.6028352,
          -37.9950965
        ]
      },
      "properties": {
        "linea": "571",
        "ramal": "principal",
        "numero_camara": "47",
        "direccion": "Avenida Juan B. Justo & Fernández J. N. , Mar del Plata, Provincia de Buenos Aires, Argentina",
        "orden": 6
      }
    },
    {
      "type": "Feature",
      "geometry": {
        "type": "Point",
        "coordinates": [
          -57.5979268,
          -37.9993052
        ]
      },
      "properties": {
        "linea": "571",
        "ramal": "principal",
        "numero_camara": "122",
        "direccion": "Avenida Centenario, Mar del Plata, Provincia de Buenos Aires, Argentina",
        "orden": 7
      }
    },
    {
      "type": "Feature",
      "geometry": {
        "type": "Point",
        "coordinates": [
          -57.5875485,
          -37.9935647
        ]
      },
      "properties": {
        "linea": "571",
        "ramal": "principal",
        "numero_camara": "150",
        "direccion": "Teodoro Bronzini & Alvarado, Mar del Plata, Provincia de Buenos Aires, Argentina",
        "orden": 8
      }
    },
    {
      "type": "Feature",
      "geometry": {
        "type": "Point",
        "coordinates": [
          -57.583558,
          -37.9955858
        ]
      },
      "properties": {
        "linea": "571",
        "ramal": "principal",
        "numero_camara": "84",
        "direccion": "Chile & Alvarado, Mar del Plata, Provincia de Buenos Aires, Argentina",
        "orden": 9
      }
    },
    {
      "type": "Feature",
      "geometry": {
        "type": "Point",
        "coordinates": [
          -57.5795038,
          -37.997633
        ]
      },
      "properties": {
        "linea": "571",
        "ramal": "principal",
        "numero_camara": "562",
        "direccion": "Avenida Juan Héctor Jara & Alvarado, Mar del Plata, Provincia de Buenos Aires, Argentina",
        "orden": 10
      }
    },
    {
      "type": "Feature",
      "geometry": {
        "type": "Point",
        "coordinates": [
          -57.5714747,
          -38.0017324
        ]
      },
      "properties": {
        "linea": "571",
        "ramal": "principal",
        "numero_camara": "8",
        "direccion": "San Juan & Alvarado, Mar del Plata, Provincia de Buenos Aires, Argentina",
        "orden": 11
      }
    },
    {
      "type": "Feature",
      "geometry": {
        "type": "Point",
        "coordinates": [
          -57.5684679,
          -38.0032254
        ]
      },
      "properties": {
        "linea": "571",
        "ramal": "principal",
        "numero_camara": "420",
        "direccion": "Tomás Guido & Alvarado, Mar del Plata, Provincia de Buenos Aires, Argentina",
        "orden": 12
      }
    },
    {
      "type": "Feature",
      "geometry": {
        "type": "Point",
        "coordinates": [
          -57.5649334,
          -38.0005727
        ]
      },
      "properties": {
        "linea": "571",
        "ramal": "principal",
        "numero_camara": "481",
        "direccion": "Alberti & Dorrego, Mar del Plata, Provincia de Buenos Aires, Argentina",
        "orden": 13
      }
    },
    {
      "type": "Feature",
      "geometry": {
        "type": "Point",
        "coordinates": [
          -57.5562156,
          -38.0003923
        ]
      },
      "properties": {
        "linea": "571",
        "ramal": "principal",
        "numero_camara": "700",
        "direccion": "Avenida Colon y Avenida Independencia, Mar del Plata, Provincia de Buenos Aires, Argentina",
        "orden": 14
      }
    },
    {
      "type": "Feature",
      "geometry": {
        "type": "Point",
        "coordinates": [
          -57.5542638,
          -37.9979617
        ]
      },
      "properties": {
        "linea": "571",
        "ramal": "principal",
        "numero_camara": "581",
        "direccion": "Avenida Independencia & Belgrano, Mar del Plata, Provincia de Buenos Aires, Argentina",
        "orden": 15
      }
    },
    {
      "type": "Feature",
      "geometry": {
        "type": "Point",
        "coordinates": [
          -57.5522649,
          -37.9955452
        ]
      },
      "properties": {
        "linea": "571",
        "ramal": "principal",
        "numero_camara": "596",
        "direccion": "Avenida Independencia & Avenida Pedro Luro, Mar del Plata, Provincia de Buenos Aires, Argentina",
        "orden": 16
      }
    },
    {
      "type": "Feature",
      "geometry": {
        "type": "Point",
        "coordinates": [
          -57.5512087,
          -37.9960776
        ]
      },
      "properties": {
        "linea": "571",
        "ramal": "principal",
        "numero_camara": "56",
        "direccion": "Avenida Pedro Luro & Catamarca, Mar del Plata, Provincia de Buenos Aires, Argentina",
        "orden": 17
      }
    },
    {
      "type": "Feature",
      "geometry": {
        "type": "Point",
        "coordinates": [
          -57.5491867,
          -37.9970932
        ]
      },
      "properties": {
        "linea": "571",
        "ramal": "principal",
        "numero_camara": "57",
        "direccion": "Avenida Pedro Luro & Hipólito Yrigoyen, Mar del Plata, Provincia de Buenos Aires, Argentina",
        "orden": 18
      }
    },
    {
      "type": "Feature",
      "geometry": {
        "type": "Point",
        "coordinates": [
          -57.5470348,
          -37.9978925
        ]
      },
      "properties": {
        "linea": "571",
        "ramal": "principal",
        "numero_camara": "85",
        "direccion": "Diagonal Alberdi Sur & San Luis, Mar del Plata, Provincia de Buenos Aires, Argentina",
        "orden": 19
      }
    },
    {
      "type": "Feature",
      "geometry": {
        "type": "Point",
        "coordinates": [
          -57.5462189,
          -37.9986082
        ]
      },
      "properties": {
        "linea": "571",
        "ramal": "principal",
        "numero_camara": "436",
        "direccion": "Avenida Pedro Luro & Córdoba, Mar del Plata, Provincia de Buenos Aires, Argentina",
        "orden": 20
      }
    },
    {
      "type": "Feature",
      "geometry": {
        "type": "Point",
        "coordinates": [
          -57.5415961,
          -38.0009489
        ]
      },
      "properties": {
        "linea": "571",
        "ramal": "principal",
        "numero_camara": "705",
        "direccion": "Avenida Pedro Luro & Buenos Aires, Mar del Plata, Provincia de Buenos Aires, Argentina",
        "orden": 21
      }
    },
    {
      "type": "Feature",
      "geometry": {
        "type": "Point",
        "coordinates": [
          -57.5431804,
          -38.0035742
        ]
      },
      "properties": {
        "linea": "571",
        "ramal": "principal",
        "numero_camara": "80",
        "direccion": "Buenos Aires 1900, Mar del Plata, Provincia de Buenos Aires, Argentina",
        "orden": 22
      }
    },
    {
      "type": "Feature",
      "geometry": {
        "type": "Point",
        "coordinates": [
          -57.551756,
          -38.0072118
        ]
      },
      "properties": {
        "linea": "571",
        "ramal": "principal",
        "numero_camara": "419",
        "direccion": "Alberti & Santiago del Estero, Mar del Plata, Provincia de Buenos Aires, Argentina",
        "orden": 23
      }
    },
    {
      "type": "Feature",
      "geometry": {
        "type": "Point",
        "coordinates": [
          -57.5477932,
          -38.0092309
        ]
      },
      "properties": {
        "linea": "571",
        "ramal": "principal",
        "numero_camara": "571",
        "direccion": "Alberti & Buenos Aires, Mar del Plata, Provincia de Buenos Aires, Argentina",
        "orden": 24
      }
    },
    {
      "type": "Feature",
      "geometry": {
        "type": "Point",
        "coordinates": [
          -57.5457799,
          -38.0102407
        ]
      },
      "properties": {
        "linea": "571",
        "ramal": "principal",
        "numero_camara": "570",
        "direccion": "Alberti & Arenales, Mar del Plata, Provincia de Buenos Aires, Argentina",
        "orden": 25
      }
    },
    {
      "type": "Feature",
      "geometry": {
        "type": "Point",
        "coordinates": [
          -57.5427843,
          -38.0117488
        ]
      },
      "properties": {
        "linea": "571",
        "ramal": "principal",
        "numero_camara": "456",
        "direccion": "Alberti & Sarmiento, Mar del Plata, Provincia de Buenos Aires, Argentina",
        "orden": 26
      }
    },
    {
      "type": "Feature",
      "geometry": {
        "type": "Point",
        "coordinates": [
          -57.5424318,
          -38.0130341
        ]
      },
      "properties": {
        "linea": "571",
        "ramal": "principal",
        "numero_camara": "551",
        "direccion": "Alsina & Rawson, Mar del Plata, Provincia de Buenos Aires, Argentina",
        "orden": 27
      }
    },
    {
      "type": "Feature",
      "geometry": {
        "type": "Point",
        "coordinates": [
          -57.5323329,
          -38.0214616
        ]
      },
      "properties": {
        "linea": "571",
        "ramal": "principal",
        "numero_camara": "379",
        "direccion": "Bernardo de Irigoyen & Alvarado, Mar del Plata, Provincia de Buenos Aires, Argentina",
        "orden": 28
      }
    },
    {
      "type": "Feature",
      "geometry": {
        "type": "Point",
        "coordinates": [
          -57.5374419,
          -38.0277994
        ]
      },
      "properties": {
        "linea": "571",
        "ramal": "principal",
        "numero_camara": "378",
        "direccion": "Matheu 302, Mar del Plata, Provincia de Buenos Aires, Argentina",
        "orden": 29
      }
    },
    {
      "type": "Feature",
      "geometry": {
        "type": "Point",
        "coordinates": [
          -57.5389864,
          -38.0315096
        ]
      },
      "properties": {
        "linea": "571",
        "ramal": "principal",
        "numero_camara": "371",
        "direccion": "Avenida Juan José Paso & Leandro N. Alem, Mar del Plata, Provincia de Buenos Aires, Argentina",
        "orden": 30
      }
    },
    {
      "type": "Feature",
      "geometry": {
        "type": "Point",
        "coordinates": [
          -57.5429809,
          -38.0364073
        ]
      },
      "properties": {
        "linea": "571",
        "ramal": "principal",
        "numero_camara": "369",
        "direccion": "Leandro N. Alem & Martín Rodríguez, Mar del Plata, Provincia de Buenos Aires, Argentina",
        "orden": 31
      }
    },
    {
      "type": "Feature",
      "geometry": {
        "type": "Point",
        "coordinates": [
          -57.5449921,
          -38.0388014
        ]
      },
      "properties": {
        "linea": "571",
        "ramal": "principal",
        "numero_camara": "358",
        "direccion": "Avenida Juan B. Justo & Avenida Edison, Mar del Plata, Provincia de Buenos Aires, Argentina",
        "orden": 32
      }
    },
    {
      "type": "Feature",
      "geometry": {
        "type": "Point",
        "coordinates": [
          -57.5464388,
          -38.0429034
        ]
      },
      "properties": {
        "linea": "571",
        "ramal": "principal",
        "numero_camara": "382",
        "direccion": "12 de Octubre & Bermejo, Mar del Plata, Provincia de Buenos Aires, Argentina",
        "orden": 33
      }
    },
    {
      "type": "Feature",
      "geometry": {
        "type": "Point",
        "coordinates": [
          -57.5464008,
          -38.0442365
        ]
      },
      "properties": {
        "linea": "571",
        "ramal": "principal",
        "numero_camara": "211",
        "direccion": "Magallanes & Figueroa Alcorta, Mar del Plata, Provincia de Buenos Aires, Argentina",
        "orden": 34
      }
    },
    {
      "type": "Feature",
      "geometry": {
        "coordinates": [
          [
            -57.539789,
            -38.013248
          ],
          [
            -57.539764,
            -38.013261
          ],
          [
            -57.538767,
            -38.013764
          ],
          [
            -57.537762,
            -38.014272
          ],
          [
            -57.536752,
            -38.014784
          ],
          [
            -57.535766,
            -38.01528
          ],
          [
            -57.534753,
            -38.015806
          ],
          [
            -57.533747,
            -38.016297
          ],
          [
            -57.532767,
            -38.016796
          ],
          [
            -57.531764,
            -38.017305
          ],
          [
            -57.530774,
            -38.017803
          ],
          [
            -57.52979,
            -38.0183
          ],
          [
            -57.528786,
            -38.018805
          ],
          [
            -57.527758,
            -38.019322
          ],
          [
            -57.528391,
            -38.020115
          ],
          [
            -57.529039,
            -38.020926
          ],
          [
            -57.529668,
            -38.021713
          ],
          [
            -57.530292,
            -38.022495
          ],
          [
            -57.530946,
            -38.023313
          ],
          [
            -57.53157,
            -38.024095
          ],
          [
            -57.532213,
            -38.024899
          ],
          [
            -57.533056,
            -38.024473
          ],
          [
            -57.533259,
            -38.024371
          ],
          [
            -57.533251,
            -38.024362
          ],
          [
            -57.532613,
            -38.023575
          ],
          [
            -57.531976,
            -38.022791
          ],
          [
            -57.531327,
            -38.021975
          ],
          [
            -57.530699,
            -38.021192
          ],
          [
            -57.531709,
            -38.020683
          ],
          [
            -57.532704,
            -38.020198
          ],
          [
            -57.533724,
            -38.019688
          ],
          [
            -57.533743,
            -38.019678
          ],
          [
            -57.534713,
            -38.019185
          ],
          [
            -57.535674,
            -38.018691
          ],
          [
            -57.536678,
            -38.018175
          ],
          [
            -57.537688,
            -38.017665
          ],
          [
            -57.538673,
            -38.017168
          ],
          [
            -57.539688,
            -38.016656
          ],
          [
            -57.540692,
            -38.016149
          ],
          [
            -57.541685,
            -38.015648
          ],
          [
            -57.542682,
            -38.015122
          ],
          [
            -57.54205,
            -38.014357
          ],
          [
            -57.541391,
            -38.013559
          ],
          [
            -57.540739,
            -38.012769
          ],
          [
            -57.539789,
            -38.013248
          ],
          [
            -57.539764,
            -38.013261
          ],
          [
            -57.538767,
            -38.013764
          ],
          [
            -57.537762,
            -38.014272
          ],
          [
            -57.536752,
            -38.014784
          ],
          [
            -57.535766,
            -38.01528
          ],
          [
            -57.534753,
            -38.015806
          ],
          [
            -57.533747,
            -38.016297
          ],
          [
            -57.532767,
            -38.016796
          ],
          [
            -57.531764,
            -38.017305
          ],
          [
            -57.530774,
            -38.017803
          ],
          [
            -57.52979,
            -38.0183
          ],
          [
            -57.528786,
            -38.018805
          ],
          [
            -57.527758,
            -38.019322
          ],
          [
            -57.528391,
            -38.020115
          ],
          [
            -57.529039,
            -38.020926
          ],
          [
            -57.529668,
            -38.021713
          ],
          [
            -57.530292,
            -38.022495
          ],
          [
            -57.530946,
            -38.023313
          ],
          [
            -57.53157,
            -38.024095
          ],
          [
            -57.532213,
            -38.024899
          ],
          [
            -57.533056,
            -38.024473
          ],
          [
            -57.533259,
            -38.024371
          ],
          [
            -57.533251,
            -38.024362
          ]
        ],
        "type": "LineString"
      },
      "properties": {
        "linea": "571",
        "ramal": "B Puerto",
        "nombre": "Línea 571 - B Puerto"
      }
    },
    {
      "type": "Feature",
      "geometry": {
        "type": "Point",
        "coordinates": [
          -57.5397985,
          -38.0132603
        ]
      },
      "properties": {
        "linea": "571",
        "ramal": "B Puerto",
        "numero_camara": "546",
        "direccion": "Martín Miguel de Güemes & Alberti, Mar del Plata, Provincia de Buenos Aires, Argentina",
        "orden": 35
      }
    },
    {
      "type": "Feature",
      "geometry": {
        "type": "Point",
        "coordinates": [
          -57.533249,
          -38.0243633
        ]
      },
      "properties": {
        "linea": "571",
        "ramal": "B Puerto",
        "numero_camara": "112",
        "direccion": "General Roca & Leandro N. Alem, Mar del Plata, Provincia de Buenos Aires, Argentina",
        "orden": 36
      }
    },
    {
      "type": "Feature",
      "geometry": {
        "type": "Point",
        "coordinates": [
          -57.5397985,
          -38.0132603
        ]
      },
      "properties": {
        "linea": "571",
        "ramal": "B Puerto",
        "numero_camara": "546",
        "direccion": "Martín Miguel de Güemes & Alberti, Mar del Plata, Provincia de Buenos Aires, Argentina",
        "orden": 293
      }
    },
    {
      "type": "Feature",
      "geometry": {
        "type": "Point",
        "coordinates": [
          -57.533249,
          -38.0243633
        ]
      },
      "properties": {
        "linea": "571",
        "ramal": "B Puerto",
        "numero_camara": "112",
        "direccion": "General Roca & Leandro N. Alem, Mar del Plata, Provincia de Buenos Aires, Argentina",
        "orden": 294
      }
    },
    {
      "type": "Feature",
      "geometry": {
        "coordinates": [
          [
            -57.546387,
            -38.044225
          ],
          [
            -57.545559,
            -38.04485
          ],
          [
            -57.544753,
            -38.044174
          ],
          [
            -57.545605,
            -38.043536
          ],
          [
            -57.546445,
            -38.042908
          ],
          [
            -57.54646,
            -38.042896
          ],
          [
            -57.547324,
            -38.042249
          ],
          [
            -57.548202,
            -38.041592
          ],
          [
            -57.547369,
            -38.040902
          ],
          [
            -57.546554,
            -38.040228
          ],
          [
            -57.545752,
            -38.039565
          ],
          [
            -57.545011,
            -38.038962
          ],
          [
            -57.544951,
            -38.038842
          ],
          [
            -57.54488,
            -38.038747
          ],
          [
            -57.545777,
            -38.038071
          ],
          [
            -57.545868,
            -38.03815
          ],
          [
            -57.544998,
            -38.038806
          ],
          [
            -57.544951,
            -38.038842
          ],
          [
            -57.544037,
            -38.039531
          ],
          [
            -57.543944,
            -38.039452
          ],
          [
            -57.54488,
            -38.038747
          ],
          [
            -57.544207,
            -38.037916
          ],
          [
            -57.543553,
            -38.037108
          ],
          [
            -57.542984,
            -38.036405
          ],
          [
            -57.542977,
            -38.036396
          ],
          [
            -57.542285,
            -38.035542
          ],
          [
            -57.54193,
            -38.035103
          ],
          [
            -57.541663,
            -38.034774
          ],
          [
            -57.541022,
            -38.033981
          ],
          [
            -57.540391,
            -38.033201
          ],
          [
            -57.539748,
            -38.032407
          ],
          [
            -57.53906,
            -38.031557
          ],
          [
            -57.539012,
            -38.031497
          ],
          [
            -57.537735,
            -38.029906
          ],
          [
            -57.537106,
            -38.029123
          ],
          [
            -57.536446,
            -38.0283
          ],
          [
            -57.535844,
            -38.027553
          ],
          [
            -57.536835,
            -38.027051
          ],
          [
            -57.537443,
            -38.027792
          ],
          [
            -57.537447,
            -38.027797
          ],
          [
            -57.5381,
            -38.028621
          ],
          [
            -57.539103,
            -38.028114
          ],
          [
            -57.538571,
            -38.027455
          ],
          [
            -57.538422,
            -38.027271
          ],
          [
            -57.538272,
            -38.027085
          ],
          [
            -57.537835,
            -38.026544
          ],
          [
            -57.53717,
            -38.025721
          ],
          [
            -57.536549,
            -38.024952
          ],
          [
            -57.535879,
            -38.024123
          ],
          [
            -57.535265,
            -38.023363
          ],
          [
            -57.534611,
            -38.022553
          ],
          [
            -57.533982,
            -38.021775
          ],
          [
            -57.533324,
            -38.020959
          ],
          [
            -57.532336,
            -38.021462
          ],
          [
            -57.532334,
            -38.021463
          ],
          [
            -57.531327,
            -38.021975
          ],
          [
            -57.530699,
            -38.021192
          ],
          [
            -57.530071,
            -38.020408
          ],
          [
            -57.529414,
            -38.019589
          ],
          [
            -57.53042,
            -38.019082
          ],
          [
            -57.531406,
            -38.018586
          ],
          [
            -57.532396,
            -38.018087
          ],
          [
            -57.533413,
            -38.017575
          ],
          [
            -57.534381,
            -38.017085
          ],
          [
            -57.535385,
            -38.016583
          ],
          [
            -57.536402,
            -38.01607
          ],
          [
            -57.53739,
            -38.015575
          ],
          [
            -57.538402,
            -38.015064
          ],
          [
            -57.539407,
            -38.014557
          ],
          [
            -57.540403,
            -38.014056
          ],
          [
            -57.541391,
            -38.013559
          ],
          [
            -57.542419,
            -38.013043
          ],
          [
            -57.542433,
            -38.013036
          ],
          [
            -57.542482,
            -38.013011
          ],
          [
            -57.54342,
            -38.012536
          ],
          [
            -57.543209,
            -38.012274
          ],
          [
            -57.542788,
            -38.011749
          ],
          [
            -57.542785,
            -38.01175
          ],
          [
            -57.541776,
            -38.012254
          ],
          [
            -57.542419,
            -38.013043
          ],
          [
            -57.542482,
            -38.013011
          ],
          [
            -57.54342,
            -38.012536
          ],
          [
            -57.543498,
            -38.012498
          ],
          [
            -57.544391,
            -38.012057
          ],
          [
            -57.544429,
            -38.012039
          ],
          [
            -57.545459,
            -38.011529
          ],
          [
            -57.546413,
            -38.01103
          ],
          [
            -57.547417,
            -38.010512
          ],
          [
            -57.546792,
            -38.009723
          ],
          [
            -57.545779,
            -38.01024
          ],
          [
            -57.545775,
            -38.010242
          ],
          [
            -57.546413,
            -38.01103
          ],
          [
            -57.547417,
            -38.010512
          ],
          [
            -57.548391,
            -38.010026
          ],
          [
            -57.549411,
            -38.009508
          ],
          [
            -57.548773,
            -38.008708
          ],
          [
            -57.547783,
            -38.00922
          ],
          [
            -57.547744,
            -38.00924
          ],
          [
            -57.548391,
            -38.010026
          ],
          [
            -57.549411,
            -38.009508
          ],
          [
            -57.550409,
            -38.009004
          ],
          [
            -57.551392,
            -38.008506
          ],
          [
            -57.552407,
            -38.007993
          ],
          [
            -57.553399,
            -38.007492
          ],
          [
            -57.552754,
            -38.006697
          ],
          [
            -57.551751,
            -38.007202
          ],
          [
            -57.551758,
            -38.007211
          ],
          [
            -57.552407,
            -38.007993
          ],
          [
            -57.553045,
            -38.008784
          ],
          [
            -57.552031,
            -38.009298
          ],
          [
            -57.551046,
            -38.009796
          ],
          [
            -57.550045,
            -38.010303
          ],
          [
            -57.549411,
            -38.009508
          ],
          [
            -57.548773,
            -38.008708
          ],
          [
            -57.548135,
            -38.007938
          ],
          [
            -57.547469,
            -38.007119
          ],
          [
            -57.546852,
            -38.006361
          ],
          [
            -57.546161,
            -38.005512
          ],
          [
            -57.545477,
            -38.004669
          ],
          [
            -57.544823,
            -38.003866
          ],
          [
            -57.544172,
            -38.003067
          ],
          [
            -57.543191,
            -38.003587
          ],
          [
            -57.543133,
            -38.003618
          ],
          [
            -57.543031,
            -38.003673
          ],
          [
            -57.542847,
            -38.00377
          ],
          [
            -57.54281,
            -38.003783
          ],
          [
            -57.542771,
            -38.003792
          ],
          [
            -57.542726,
            -38.0038
          ],
          [
            -57.542661,
            -38.003806
          ],
          [
            -57.542583,
            -38.003808
          ],
          [
            -57.54253,
            -38.003803
          ],
          [
            -57.542468,
            -38.003786
          ],
          [
            -57.542204,
            -38.003188
          ],
          [
            -57.542163,
            -38.003096
          ],
          [
            -57.542358,
            -38.002932
          ],
          [
            -57.542507,
            -38.002849
          ],
          [
            -57.543554,
            -38.002313
          ],
          [
            -57.542898,
            -38.001488
          ],
          [
            -57.54228,
            -38.000733
          ],
          [
            -57.542205,
            -38.000641
          ],
          [
            -57.542114,
            -38.000687
          ],
          [
            -57.541705,
            -38.000894
          ],
          [
            -57.541658,
            -38.000914
          ],
          [
            -57.541603,
            -38.000934
          ],
          [
            -57.541607,
            -38.000947
          ],
          [
            -57.541643,
            -38.001076
          ],
          [
            -57.541819,
            -38.001776
          ],
          [
            -57.541834,
            -38.001827
          ],
          [
            -57.541857,
            -38.00189
          ],
          [
            -57.541871,
            -38.001921
          ],
          [
            -57.541899,
            -38.00198
          ],
          [
            -57.541936,
            -38.002045
          ],
          [
            -57.542454,
            -38.002787
          ],
          [
            -57.542507,
            -38.002849
          ],
          [
            -57.543554,
            -38.002313
          ],
          [
            -57.542898,
            -38.001488
          ],
          [
            -57.54228,
            -38.000733
          ],
          [
            -57.542205,
            -38.000641
          ],
          [
            -57.542114,
            -38.000687
          ],
          [
            -57.541705,
            -38.000894
          ],
          [
            -57.541658,
            -38.000914
          ],
          [
            -57.541603,
            -38.000934
          ],
          [
            -57.541544,
            -38.000951
          ],
          [
            -57.541476,
            -38.000965
          ],
          [
            -57.541458,
            -38.000789
          ],
          [
            -57.541396,
            -38.000249
          ],
          [
            -57.541391,
            -38.000177
          ],
          [
            -57.541392,
            -38.000105
          ],
          [
            -57.541399,
            -38.00001
          ],
          [
            -57.541407,
            -37.99995
          ],
          [
            -57.54142,
            -37.999874
          ],
          [
            -57.541479,
            -37.999579
          ],
          [
            -57.541489,
            -37.999538
          ],
          [
            -57.541511,
            -37.99944
          ],
          [
            -57.541563,
            -37.999226
          ],
          [
            -57.541604,
            -37.999016
          ],
          [
            -57.54161,
            -37.998964
          ],
          [
            -57.541633,
            -37.998916
          ],
          [
            -57.541657,
            -37.998889
          ],
          [
            -57.541695,
            -37.998856
          ],
          [
            -57.541741,
            -37.998832
          ],
          [
            -57.541776,
            -37.998818
          ],
          [
            -57.541829,
            -37.998803
          ],
          [
            -57.5419,
            -37.998795
          ],
          [
            -57.541956,
            -37.998795
          ],
          [
            -57.542017,
            -37.998805
          ],
          [
            -57.542067,
            -37.998824
          ],
          [
            -57.54211,
            -37.998845
          ],
          [
            -57.542147,
            -37.998873
          ],
          [
            -57.542175,
            -37.998904
          ],
          [
            -57.542198,
            -37.998938
          ],
          [
            -57.542214,
            -37.998972
          ],
          [
            -57.542451,
            -37.999185
          ],
          [
            -57.5436,
            -37.998856
          ],
          [
            -57.544724,
            -37.998555
          ],
          [
            -57.545893,
            -37.998229
          ],
          [
            -57.547054,
            -37.997912
          ],
          [
            -57.547214,
            -37.998109
          ],
          [
            -57.546221,
            -37.99861
          ],
          [
            -57.546208,
            -37.998617
          ],
          [
            -57.545893,
            -37.998229
          ],
          [
            -57.547054,
            -37.997912
          ],
          [
            -57.547595,
            -37.997758
          ],
          [
            -57.547839,
            -37.997677
          ],
          [
            -57.547904,
            -37.997642
          ],
          [
            -57.547908,
            -37.99764
          ],
          [
            -57.548038,
            -37.997535
          ],
          [
            -57.548081,
            -37.997501
          ],
          [
            -57.548138,
            -37.997478
          ],
          [
            -57.548201,
            -37.997469
          ],
          [
            -57.548372,
            -37.997444
          ],
          [
            -57.548488,
            -37.997418
          ],
          [
            -57.548606,
            -37.997382
          ],
          [
            -57.548816,
            -37.997319
          ],
          [
            -57.549192,
            -37.997121
          ],
          [
            -57.549174,
            -37.997099
          ],
          [
            -57.548494,
            -37.99626
          ],
          [
            -57.549511,
            -37.995755
          ],
          [
            -57.550204,
            -37.996611
          ],
          [
            -57.551213,
            -37.996103
          ],
          [
            -57.551197,
            -37.996084
          ],
          [
            -57.550509,
            -37.995254
          ],
          [
            -57.551606,
            -37.994695
          ],
          [
            -57.552685,
            -37.994144
          ],
          [
            -57.553384,
            -37.994999
          ],
          [
            -57.552302,
            -37.995549
          ],
          [
            -57.552278,
            -37.995561
          ],
          [
            -57.551213,
            -37.996103
          ],
          [
            -57.550204,
            -37.996611
          ],
          [
            -57.550887,
            -37.997453
          ],
          [
            -57.551529,
            -37.998246
          ],
          [
            -57.552548,
            -37.997727
          ],
          [
            -57.55361,
            -37.997185
          ],
          [
            -57.553945,
            -37.99701
          ],
          [
            -57.554702,
            -37.996633
          ],
          [
            -57.555325,
            -37.997406
          ],
          [
            -57.554252,
            -37.997947
          ],
          [
            -57.554228,
            -37.997959
          ],
          [
            -57.554898,
            -37.998769
          ],
          [
            -57.555533,
            -37.999528
          ],
          [
            -57.55596,
            -38.000075
          ],
          [
            -57.556219,
            -38.00039
          ],
          [
            -57.556234,
            -38.000408
          ],
          [
            -57.556908,
            -38.001252
          ],
          [
            -57.557541,
            -38.002023
          ],
          [
            -57.558203,
            -38.002842
          ],
          [
            -57.558835,
            -38.003624
          ],
          [
            -57.559478,
            -38.004419
          ],
          [
            -57.560546,
            -38.003879
          ],
          [
            -57.561545,
            -38.003374
          ],
          [
            -57.562538,
            -38.002872
          ],
          [
            -57.563551,
            -38.002363
          ],
          [
            -57.564555,
            -38.001852
          ],
          [
            -57.565581,
            -38.001333
          ],
          [
            -57.564944,
            -38.000537
          ],
          [
            -57.564915,
            -38.000551
          ],
          [
            -57.563914,
            -38.001058
          ],
          [
            -57.564555,
            -38.001852
          ],
          [
            -57.565581,
            -38.001333
          ],
          [
            -57.566555,
            -38.000835
          ],
          [
            -57.566824,
            -38.000699
          ],
          [
            -57.567559,
            -38.000333
          ],
          [
            -57.568546,
            -37.999834
          ],
          [
            -57.569184,
            -38.000623
          ],
          [
            -57.569816,
            -38.001406
          ],
          [
            -57.57017,
            -38.001844
          ],
          [
            -57.570464,
            -38.002207
          ],
          [
            -57.571109,
            -38.003005
          ],
          [
            -57.572095,
            -38.002509
          ],
          [
            -57.571469,
            -38.001735
          ],
          [
            -57.57145,
            -38.001711
          ],
          [
            -57.570801,
            -38.000908
          ],
          [
            -57.571804,
            -38.000401
          ],
          [
            -57.572788,
            -37.999904
          ],
          [
            -57.573818,
            -37.999384
          ],
          [
            -57.574778,
            -37.9989
          ],
          [
            -57.57578,
            -37.998393
          ],
          [
            -57.576784,
            -37.997886
          ],
          [
            -57.577787,
            -37.997379
          ],
          [
            -57.578859,
            -37.996838
          ],
          [
            -57.579502,
            -37.997634
          ],
          [
            -57.579514,
            -37.997649
          ],
          [
            -57.580162,
            -37.99845
          ],
          [
            -57.581245,
            -37.997905
          ],
          [
            -57.58223,
            -37.99741
          ],
          [
            -57.583234,
            -37.996904
          ],
          [
            -57.584205,
            -37.996416
          ],
          [
            -57.583559,
            -37.995611
          ],
          [
            -57.583544,
            -37.995593
          ],
          [
            -57.582904,
            -37.994795
          ],
          [
            -57.583954,
            -37.994264
          ],
          [
            -57.584931,
            -37.99377
          ],
          [
            -57.585925,
            -37.993268
          ],
          [
            -57.586943,
            -37.992754
          ],
          [
            -57.587895,
            -37.992273
          ],
          [
            -57.588557,
            -37.993093
          ],
          [
            -57.587604,
            -37.993574
          ],
          [
            -57.58757,
            -37.993591
          ],
          [
            -57.587241,
            -37.993756
          ],
          [
            -57.586585,
            -37.994085
          ],
          [
            -57.587045,
            -37.994719
          ],
          [
            -57.58738,
            -37.995145
          ],
          [
            -57.587602,
            -37.995427
          ],
          [
            -57.587616,
            -37.995455
          ],
          [
            -57.587622,
            -37.99549
          ],
          [
            -57.587599,
            -37.995607
          ],
          [
            -57.587567,
            -37.99573
          ],
          [
            -57.587546,
            -37.995767
          ],
          [
            -57.587509,
            -37.995801
          ],
          [
            -57.587123,
            -37.996012
          ],
          [
            -57.587137,
            -37.996041
          ],
          [
            -57.587138,
            -37.996071
          ],
          [
            -57.587126,
            -37.9961
          ],
          [
            -57.587103,
            -37.996125
          ],
          [
            -57.587072,
            -37.996142
          ],
          [
            -57.587035,
            -37.99615
          ],
          [
            -57.586996,
            -37.996149
          ],
          [
            -57.58696,
            -37.996138
          ],
          [
            -57.586931,
            -37.996118
          ],
          [
            -57.586839,
            -37.996161
          ],
          [
            -57.587388,
            -37.996852
          ],
          [
            -57.587493,
            -37.996983
          ],
          [
            -57.587508,
            -37.997003
          ],
          [
            -57.588097,
            -37.997744
          ],
          [
            -57.588525,
            -37.997526
          ],
          [
            -57.588706,
            -37.997434
          ],
          [
            -57.588839,
            -37.997366
          ],
          [
            -57.589441,
            -37.997059
          ],
          [
            -57.590131,
            -37.996708
          ],
          [
            -57.591085,
            -37.996222
          ],
          [
            -57.59209,
            -37.99571
          ],
          [
            -57.593102,
            -37.995195
          ],
          [
            -57.593933,
            -37.994772
          ],
          [
            -57.594076,
            -37.994735
          ],
          [
            -57.594179,
            -37.994682
          ],
          [
            -57.594342,
            -37.994885
          ],
          [
            -57.594602,
            -37.995207
          ],
          [
            -57.595732,
            -37.996613
          ],
          [
            -57.596833,
            -37.997981
          ],
          [
            -57.596933,
            -37.998107
          ],
          [
            -57.596982,
            -37.998172
          ],
          [
            -57.597045,
            -37.99826
          ],
          [
            -57.597145,
            -37.998402
          ],
          [
            -57.597187,
            -37.998507
          ],
          [
            -57.597212,
            -37.998595
          ],
          [
            -57.597223,
            -37.998672
          ],
          [
            -57.597229,
            -37.998769
          ],
          [
            -57.597238,
            -37.998812
          ],
          [
            -57.597257,
            -37.998857
          ],
          [
            -57.597292,
            -37.998902
          ],
          [
            -57.59733,
            -37.998936
          ],
          [
            -57.597381,
            -37.99897
          ],
          [
            -57.59745,
            -37.999009
          ],
          [
            -57.597475,
            -37.999016
          ],
          [
            -57.597561,
            -37.999008
          ],
          [
            -57.597621,
            -37.998998
          ],
          [
            -57.597696,
            -37.998976
          ],
          [
            -57.597766,
            -37.998946
          ],
          [
            -57.597829,
            -37.998907
          ],
          [
            -57.597883,
            -37.998864
          ],
          [
            -57.598046,
            -37.998717
          ],
          [
            -57.597966,
            -37.998829
          ],
          [
            -57.597942,
            -37.998886
          ],
          [
            -57.597924,
            -37.998936
          ],
          [
            -57.597908,
            -37.999
          ],
          [
            -57.597901,
            -37.999055
          ],
          [
            -57.597901,
            -37.999118
          ],
          [
            -57.597912,
            -37.999191
          ],
          [
            -57.597928,
            -37.999268
          ],
          [
            -57.597938,
            -37.999303
          ],
          [
            -57.597943,
            -37.999323
          ],
          [
            -57.597965,
            -37.999402
          ],
          [
            -57.598005,
            -37.999454
          ],
          [
            -57.598035,
            -37.999531
          ],
          [
            -57.598044,
            -37.999592
          ],
          [
            -57.59804,
            -37.999655
          ],
          [
            -57.598022,
            -37.999718
          ],
          [
            -57.597995,
            -37.999768
          ],
          [
            -57.597964,
            -37.999805
          ],
          [
            -57.597921,
            -37.999839
          ],
          [
            -57.597879,
            -37.99986
          ],
          [
            -57.597825,
            -37.999883
          ],
          [
            -57.597758,
            -37.999901
          ],
          [
            -57.597709,
            -37.999907
          ],
          [
            -57.597651,
            -37.99991
          ],
          [
            -57.597603,
            -37.999909
          ],
          [
            -57.59754,
            -37.999899
          ],
          [
            -57.597463,
            -37.999869
          ],
          [
            -57.597318,
            -37.999793
          ],
          [
            -57.597219,
            -37.999734
          ],
          [
            -57.597148,
            -37.999688
          ],
          [
            -57.597104,
            -37.999653
          ],
          [
            -57.597069,
            -37.999622
          ],
          [
            -57.597033,
            -37.99959
          ],
          [
            -57.597,
            -37.999557
          ],
          [
            -57.596972,
            -37.999521
          ],
          [
            -57.596947,
            -37.99949
          ],
          [
            -57.59693,
            -37.999453
          ],
          [
            -57.59692,
            -37.999417
          ],
          [
            -57.596909,
            -37.999359
          ],
          [
            -57.596905,
            -37.999281
          ],
          [
            -57.596934,
            -37.999199
          ],
          [
            -57.596977,
            -37.999145
          ],
          [
            -57.597023,
            -37.999105
          ],
          [
            -57.597076,
            -37.999073
          ],
          [
            -57.597144,
            -37.999045
          ],
          [
            -57.597217,
            -37.999022
          ],
          [
            -57.597285,
            -37.999007
          ],
          [
            -57.597342,
            -37.999003
          ],
          [
            -57.597385,
            -37.999001
          ],
          [
            -57.59745,
            -37.999009
          ],
          [
            -57.597475,
            -37.999016
          ],
          [
            -57.597561,
            -37.999008
          ],
          [
            -57.597621,
            -37.998998
          ],
          [
            -57.597696,
            -37.998976
          ],
          [
            -57.597766,
            -37.998946
          ],
          [
            -57.597829,
            -37.998907
          ],
          [
            -57.597883,
            -37.998864
          ],
          [
            -57.598046,
            -37.998717
          ],
          [
            -57.598521,
            -37.998358
          ],
          [
            -57.599367,
            -37.997717
          ],
          [
            -57.60026,
            -37.997041
          ],
          [
            -57.600326,
            -37.996991
          ],
          [
            -57.60102,
            -37.996466
          ],
          [
            -57.601123,
            -37.996388
          ],
          [
            -57.601967,
            -37.995749
          ],
          [
            -57.602832,
            -37.995094
          ],
          [
            -57.602848,
            -37.995082
          ],
          [
            -57.603697,
            -37.994445
          ],
          [
            -57.604488,
            -37.99385
          ],
          [
            -57.60462,
            -37.993751
          ],
          [
            -57.605515,
            -37.993073
          ],
          [
            -57.606379,
            -37.992418
          ],
          [
            -57.606692,
            -37.99218
          ],
          [
            -57.606823,
            -37.992082
          ],
          [
            -57.60724,
            -37.991765
          ],
          [
            -57.608165,
            -37.991059
          ],
          [
            -57.608283,
            -37.991165
          ],
          [
            -57.609045,
            -37.991801
          ],
          [
            -57.60985,
            -37.992466
          ],
          [
            -57.610681,
            -37.993168
          ],
          [
            -57.61146,
            -37.993808
          ],
          [
            -57.612287,
            -37.994495
          ],
          [
            -57.613104,
            -37.995174
          ],
          [
            -57.613947,
            -37.995875
          ],
          [
            -57.614767,
            -37.996548
          ],
          [
            -57.615625,
            -37.997258
          ],
          [
            -57.61567,
            -37.997295
          ],
          [
            -57.616385,
            -37.997893
          ],
          [
            -57.617208,
            -37.998588
          ],
          [
            -57.617998,
            -37.99924
          ],
          [
            -57.618831,
            -37.999936
          ],
          [
            -57.619657,
            -38.000626
          ],
          [
            -57.620459,
            -38.001289
          ],
          [
            -57.620462,
            -38.001291
          ],
          [
            -57.621277,
            -38.001979
          ],
          [
            -57.622212,
            -38.00127
          ],
          [
            -57.623075,
            -38.000615
          ],
          [
            -57.623938,
            -37.999961
          ],
          [
            -57.624773,
            -37.999323
          ],
          [
            -57.625628,
            -37.998678
          ],
          [
            -57.626505,
            -37.998012
          ],
          [
            -57.627357,
            -37.997365
          ],
          [
            -57.628218,
            -37.996712
          ],
          [
            -57.629051,
            -37.99608
          ],
          [
            -57.629908,
            -37.995429
          ],
          [
            -57.630758,
            -37.994784
          ],
          [
            -57.630778,
            -37.994801
          ]
        ],
        "type": "LineString"
      },
      "properties": {
        "linea": "571",
        "ramal": "A Puerto",
        "nombre": "Línea 571 - A Puerto"
      }
    },
    {
      "type": "Feature",
      "geometry": {
        "type": "Point",
        "coordinates": [
          -57.5464008,
          -38.0442365
        ]
      },
      "properties": {
        "linea": "571",
        "ramal": "A Puerto",
        "numero_camara": "211",
        "direccion": "Magallanes & Figueroa Alcorta, Mar del Plata, Provincia de Buenos Aires, Argentina",
        "orden": 264
      }
    },
    {
      "type": "Feature",
      "geometry": {
        "type": "Point",
        "coordinates": [
          -57.5464388,
          -38.0429034
        ]
      },
      "properties": {
        "linea": "571",
        "ramal": "A Puerto",
        "numero_camara": "382",
        "direccion": "12 de Octubre & Bermejo, Mar del Plata, Provincia de Buenos Aires, Argentina",
        "orden": 265
      }
    },
    {
      "type": "Feature",
      "geometry": {
        "type": "Point",
        "coordinates": [
          -57.5449921,
          -38.0388014
        ]
      },
      "properties": {
        "linea": "571",
        "ramal": "A Puerto",
        "numero_camara": "358",
        "direccion": "Avenida Juan B. Justo & Avenida Edison, Mar del Plata, Provincia de Buenos Aires, Argentina",
        "orden": 266
      }
    },
    {
      "type": "Feature",
      "geometry": {
        "type": "Point",
        "coordinates": [
          -57.5429809,
          -38.0364073
        ]
      },
      "properties": {
        "linea": "571",
        "ramal": "A Puerto",
        "numero_camara": "369",
        "direccion": "Leandro N. Alem & Martín Rodríguez, Mar del Plata, Provincia de Buenos Aires, Argentina",
        "orden": 267
      }
    },
    {
      "type": "Feature",
      "geometry": {
        "type": "Point",
        "coordinates": [
          -57.5389864,
          -38.0315096
        ]
      },
      "properties": {
        "linea": "571",
        "ramal": "A Puerto",
        "numero_camara": "371",
        "direccion": "Avenida Juan José Paso & Leandro N. Alem, Mar del Plata, Provincia de Buenos Aires, Argentina",
        "orden": 268
      }
    },
    {
      "type": "Feature",
      "geometry": {
        "type": "Point",
        "coordinates": [
          -57.5374419,
          -38.0277994
        ]
      },
      "properties": {
        "linea": "571",
        "ramal": "A Puerto",
        "numero_camara": "378",
        "direccion": "Matheu 302, Mar del Plata, Provincia de Buenos Aires, Argentina",
        "orden": 269
      }
    },
    {
      "type": "Feature",
      "geometry": {
        "type": "Point",
        "coordinates": [
          -57.5323329,
          -38.0214616
        ]
      },
      "properties": {
        "linea": "571",
        "ramal": "A Puerto",
        "numero_camara": "379",
        "direccion": "Bernardo de Irigoyen & Alvarado, Mar del Plata, Provincia de Buenos Aires, Argentina",
        "orden": 270
      }
    },
    {
      "type": "Feature",
      "geometry": {
        "type": "Point",
        "coordinates": [
          -57.5424318,
          -38.0130341
        ]
      },
      "properties": {
        "linea": "571",
        "ramal": "A Puerto",
        "numero_camara": "551",
        "direccion": "Alsina & Rawson, Mar del Plata, Provincia de Buenos Aires, Argentina",
        "orden": 271
      }
    },
    {
      "type": "Feature",
      "geometry": {
        "type": "Point",
        "coordinates": [
          -57.5427843,
          -38.0117488
        ]
      },
      "properties": {
        "linea": "571",
        "ramal": "A Puerto",
        "numero_camara": "456",
        "direccion": "Alberti & Sarmiento, Mar del Plata, Provincia de Buenos Aires, Argentina",
        "orden": 272
      }
    },
    {
      "type": "Feature",
      "geometry": {
        "type": "Point",
        "coordinates": [
          -57.5457799,
          -38.0102407
        ]
      },
      "properties": {
        "linea": "571",
        "ramal": "A Puerto",
        "numero_camara": "570",
        "direccion": "Alberti & Arenales, Mar del Plata, Provincia de Buenos Aires, Argentina",
        "orden": 273
      }
    },
    {
      "type": "Feature",
      "geometry": {
        "type": "Point",
        "coordinates": [
          -57.5477932,
          -38.0092309
        ]
      },
      "properties": {
        "linea": "571",
        "ramal": "A Puerto",
        "numero_camara": "571",
        "direccion": "Alberti & Buenos Aires, Mar del Plata, Provincia de Buenos Aires, Argentina",
        "orden": 274
      }
    },
    {
      "type": "Feature",
      "geometry": {
        "type": "Point",
        "coordinates": [
          -57.551756,
          -38.0072118
        ]
      },
      "properties": {
        "linea": "571",
        "ramal": "A Puerto",
        "numero_camara": "419",
        "direccion": "Alberti & Santiago del Estero, Mar del Plata, Provincia de Buenos Aires, Argentina",
        "orden": 275
      }
    },
    {
      "type": "Feature",
      "geometry": {
        "type": "Point",
        "coordinates": [
          -57.5431804,
          -38.0035742
        ]
      },
      "properties": {
        "linea": "571",
        "ramal": "A Puerto",
        "numero_camara": "80",
        "direccion": "Buenos Aires 1900, Mar del Plata, Provincia de Buenos Aires, Argentina",
        "orden": 276
      }
    },
    {
      "type": "Feature",
      "geometry": {
        "type": "Point",
        "coordinates": [
          -57.5415961,
          -38.0009489
        ]
      },
      "properties": {
        "linea": "571",
        "ramal": "A Puerto",
        "numero_camara": "705",
        "direccion": "Avenida Pedro Luro & Buenos Aires, Mar del Plata, Provincia de Buenos Aires, Argentina",
        "orden": 277
      }
    },
    {
      "type": "Feature",
      "geometry": {
        "type": "Point",
        "coordinates": [
          -57.5462189,
          -37.9986082
        ]
      },
      "properties": {
        "linea": "571",
        "ramal": "A Puerto",
        "numero_camara": "436",
        "direccion": "Avenida Pedro Luro & Córdoba, Mar del Plata, Provincia de Buenos Aires, Argentina",
        "orden": 278
      }
    },
    {
      "type": "Feature",
      "geometry": {
        "type": "Point",
        "coordinates": [
          -57.5491867,
          -37.9970932
        ]
      },
      "properties": {
        "linea": "571",
        "ramal": "A Puerto",
        "numero_camara": "57",
        "direccion": "Avenida Pedro Luro & Hipólito Yrigoyen, Mar del Plata, Provincia de Buenos Aires, Argentina",
        "orden": 279
      }
    },
    {
      "type": "Feature",
      "geometry": {
        "type": "Point",
        "coordinates": [
          -57.5512087,
          -37.9960776
        ]
      },
      "properties": {
        "linea": "571",
        "ramal": "A Puerto",
        "numero_camara": "56",
        "direccion": "Avenida Pedro Luro & Catamarca, Mar del Plata, Provincia de Buenos Aires, Argentina",
        "orden": 280
      }
    },
    {
      "type": "Feature",
      "geometry": {
        "type": "Point",
        "coordinates": [
          -57.5522649,
          -37.9955452
        ]
      },
      "properties": {
        "linea": "571",
        "ramal": "A Puerto",
        "numero_camara": "596",
        "direccion": "Avenida Independencia & Avenida Pedro Luro, Mar del Plata, Provincia de Buenos Aires, Argentina",
        "orden": 281
      }
    },
    {
      "type": "Feature",
      "geometry": {
        "type": "Point",
        "coordinates": [
          -57.5542638,
          -37.9979617
        ]
      },
      "properties": {
        "linea": "571",
        "ramal": "A Puerto",
        "numero_camara": "581",
        "direccion": "Avenida Independencia & Belgrano, Mar del Plata, Provincia de Buenos Aires, Argentina",
        "orden": 282
      }
    },
    {
      "type": "Feature",
      "geometry": {
        "type": "Point",
        "coordinates": [
          -57.5562156,
          -38.0003923
        ]
      },
      "properties": {
        "linea": "571",
        "ramal": "A Puerto",
        "numero_camara": "700",
        "direccion": "Avenida Colon y Avenida Independencia, Mar del Plata, Provincia de Buenos Aires, Argentina",
        "orden": 283
      }
    },
    {
      "type": "Feature",
      "geometry": {
        "type": "Point",
        "coordinates": [
          -57.5649334,
          -38.0005727
        ]
      },
      "properties": {
        "linea": "571",
        "ramal": "A Puerto",
        "numero_camara": "481",
        "direccion": "Alberti & Dorrego, Mar del Plata, Provincia de Buenos Aires, Argentina",
        "orden": 284
      }
    },
    {
      "type": "Feature",
      "geometry": {
        "type": "Point",
        "coordinates": [
          -57.5714747,
          -38.0017324
        ]
      },
      "properties": {
        "linea": "571",
        "ramal": "A Puerto",
        "numero_camara": "8",
        "direccion": "San Juan & Alvarado, Mar del Plata, Provincia de Buenos Aires, Argentina",
        "orden": 285
      }
    },
    {
      "type": "Feature",
      "geometry": {
        "type": "Point",
        "coordinates": [
          -57.5795038,
          -37.997633
        ]
      },
      "properties": {
        "linea": "571",
        "ramal": "A Puerto",
        "numero_camara": "562",
        "direccion": "Avenida Juan Héctor Jara & Alvarado, Mar del Plata, Provincia de Buenos Aires, Argentina",
        "orden": 286
      }
    },
    {
      "type": "Feature",
      "geometry": {
        "type": "Point",
        "coordinates": [
          -57.583558,
          -37.9955858
        ]
      },
      "properties": {
        "linea": "571",
        "ramal": "A Puerto",
        "numero_camara": "84",
        "direccion": "Chile & Alvarado, Mar del Plata, Provincia de Buenos Aires, Argentina",
        "orden": 287
      }
    },
    {
      "type": "Feature",
      "geometry": {
        "type": "Point",
        "coordinates": [
          -57.5875485,
          -37.9935647
        ]
      },
      "properties": {
        "linea": "571",
        "ramal": "A Puerto",
        "numero_camara": "150",
        "direccion": "Teodoro Bronzini & Alvarado, Mar del Plata, Provincia de Buenos Aires, Argentina",
        "orden": 288
      }
    },
    {
      "type": "Feature",
      "geometry": {
        "type": "Point",
        "coordinates": [
          -57.5979268,
          -37.9993052
        ]
      },
      "properties": {
        "linea": "571",
        "ramal": "A Puerto",
        "numero_camara": "122",
        "direccion": "Avenida Centenario, Mar del Plata, Provincia de Buenos Aires, Argentina",
        "orden": 289
      }
    },
    {
      "type": "Feature",
      "geometry": {
        "type": "Point",
        "coordinates": [
          -57.6028352,
          -37.9950965
        ]
      },
      "properties": {
        "linea": "571",
        "ramal": "A Puerto",
        "numero_camara": "47",
        "direccion": "Avenida Juan B. Justo & Fernández J. N. , Mar del Plata, Provincia de Buenos Aires, Argentina",
        "orden": 290
      }
    },
    {
      "type": "Feature",
      "geometry": {
        "type": "Point",
        "coordinates": [
          -57.6204576,
          -38.00129
        ]
      },
      "properties": {
        "linea": "571",
        "ramal": "A Puerto",
        "numero_camara": "227",
        "direccion": "Avenida Carlos Gardel & Rosales, Mar del Plata, Provincia de Buenos Aires, Argentina",
        "orden": 291
      }
    },
    {
      "type": "Feature",
      "geometry": {
        "type": "Point",
        "coordinates": [
          -57.6307827,
          -37.9947965
        ]
      },
      "properties": {
        "linea": "571",
        "ramal": "A Puerto",
        "numero_camara": "229",
        "direccion": "Tripulantes del Fournier & Calle 236, Mar del Plata, Provincia de Buenos Aires, Argentina",
        "orden": 292
      }
    },
    {
      "type": "Feature",
      "geometry": {
        "coordinates": [
          [
            -57.630778,
            -37.994801
          ],
          [
            -57.630758,
            -37.994784
          ],
          [
            -57.629908,
            -37.995429
          ],
          [
            -57.629051,
            -37.99608
          ],
          [
            -57.628218,
            -37.996712
          ],
          [
            -57.627357,
            -37.997365
          ],
          [
            -57.626505,
            -37.998012
          ],
          [
            -57.625628,
            -37.998678
          ],
          [
            -57.624773,
            -37.999323
          ],
          [
            -57.623938,
            -37.999961
          ],
          [
            -57.623075,
            -38.000615
          ],
          [
            -57.622212,
            -38.00127
          ],
          [
            -57.621277,
            -38.001979
          ],
          [
            -57.620462,
            -38.001291
          ],
          [
            -57.620459,
            -38.001289
          ],
          [
            -57.619657,
            -38.000626
          ],
          [
            -57.618831,
            -37.999936
          ],
          [
            -57.617998,
            -37.99924
          ],
          [
            -57.617208,
            -37.998588
          ],
          [
            -57.616385,
            -37.997893
          ],
          [
            -57.61567,
            -37.997295
          ],
          [
            -57.615625,
            -37.997258
          ],
          [
            -57.614767,
            -37.996548
          ],
          [
            -57.613947,
            -37.995875
          ],
          [
            -57.613104,
            -37.995174
          ],
          [
            -57.612287,
            -37.994495
          ],
          [
            -57.61146,
            -37.993808
          ],
          [
            -57.610681,
            -37.993168
          ],
          [
            -57.60985,
            -37.992466
          ],
          [
            -57.609045,
            -37.991801
          ],
          [
            -57.608283,
            -37.991165
          ],
          [
            -57.608165,
            -37.991059
          ],
          [
            -57.60724,
            -37.991765
          ],
          [
            -57.606823,
            -37.992082
          ],
          [
            -57.606692,
            -37.99218
          ],
          [
            -57.606379,
            -37.992418
          ],
          [
            -57.605515,
            -37.993073
          ],
          [
            -57.60462,
            -37.993751
          ],
          [
            -57.604488,
            -37.99385
          ],
          [
            -57.603697,
            -37.994445
          ],
          [
            -57.602848,
            -37.995082
          ],
          [
            -57.602832,
            -37.995094
          ],
          [
            -57.601967,
            -37.995749
          ],
          [
            -57.601123,
            -37.996388
          ],
          [
            -57.60102,
            -37.996466
          ],
          [
            -57.600326,
            -37.996991
          ],
          [
            -57.60026,
            -37.997041
          ],
          [
            -57.599367,
            -37.997717
          ],
          [
            -57.598521,
            -37.998358
          ],
          [
            -57.598046,
            -37.998717
          ],
          [
            -57.597966,
            -37.998829
          ],
          [
            -57.597942,
            -37.998886
          ],
          [
            -57.597924,
            -37.998936
          ],
          [
            -57.597908,
            -37.999
          ],
          [
            -57.597901,
            -37.999055
          ],
          [
            -57.597901,
            -37.999118
          ],
          [
            -57.597912,
            -37.999191
          ],
          [
            -57.597928,
            -37.999268
          ],
          [
            -57.597938,
            -37.999303
          ],
          [
            -57.597943,
            -37.999323
          ],
          [
            -57.597965,
            -37.999402
          ],
          [
            -57.598005,
            -37.999454
          ],
          [
            -57.598035,
            -37.999531
          ],
          [
            -57.598044,
            -37.999592
          ],
          [
            -57.59804,
            -37.999655
          ],
          [
            -57.598022,
            -37.999718
          ],
          [
            -57.597995,
            -37.999768
          ],
          [
            -57.597964,
            -37.999805
          ],
          [
            -57.597921,
            -37.999839
          ],
          [
            -57.597879,
            -37.99986
          ],
          [
            -57.597825,
            -37.999883
          ],
          [
            -57.597758,
            -37.999901
          ],
          [
            -57.597709,
            -37.999907
          ],
          [
            -57.597651,
            -37.99991
          ],
          [
            -57.597603,
            -37.999909
          ],
          [
            -57.59754,
            -37.999899
          ],
          [
            -57.597463,
            -37.999869
          ],
          [
            -57.597318,
            -37.999793
          ],
          [
            -57.597219,
            -37.999734
          ],
          [
            -57.597148,
            -37.999688
          ],
          [
            -57.597104,
            -37.999653
          ],
          [
            -57.597069,
            -37.999622
          ],
          [
            -57.597033,
            -37.99959
          ],
          [
            -57.597,
            -37.999557
          ],
          [
            -57.596972,
            -37.999521
          ],
          [
            -57.596947,
            -37.99949
          ],
          [
            -57.59693,
            -37.999453
          ],
          [
            -57.59692,
            -37.999417
          ],
          [
            -57.596909,
            -37.999359
          ],
          [
            -57.596905,
            -37.999281
          ],
          [
            -57.596934,
            -37.999199
          ],
          [
            -57.59698,
            -37.999069
          ],
          [
            -57.597009,
            -37.998988
          ],
          [
            -57.597038,
            -37.998876
          ],
          [
            -57.597049,
            -37.998786
          ],
          [
            -57.597054,
            -37.998734
          ],
          [
            -57.597053,
            -37.998655
          ],
          [
            -57.597047,
            -37.998573
          ],
          [
            -57.597037,
            -37.998508
          ],
          [
            -57.597022,
            -37.998453
          ],
          [
            -57.596996,
            -37.998395
          ],
          [
            -57.596973,
            -37.998353
          ],
          [
            -57.596938,
            -37.9983
          ],
          [
            -57.5969,
            -37.998249
          ],
          [
            -57.596834,
            -37.998161
          ],
          [
            -57.595614,
            -37.996643
          ],
          [
            -57.594495,
            -37.995251
          ],
          [
            -57.594235,
            -37.994936
          ],
          [
            -57.594076,
            -37.994735
          ],
          [
            -57.593899,
            -37.99452
          ],
          [
            -57.593635,
            -37.994186
          ],
          [
            -57.592321,
            -37.992557
          ],
          [
            -57.592276,
            -37.992505
          ],
          [
            -57.592223,
            -37.992449
          ],
          [
            -57.592164,
            -37.992388
          ],
          [
            -57.592159,
            -37.992383
          ],
          [
            -57.592093,
            -37.992321
          ],
          [
            -57.592018,
            -37.992255
          ],
          [
            -57.591928,
            -37.992183
          ],
          [
            -57.591832,
            -37.992117
          ],
          [
            -57.591763,
            -37.992072
          ],
          [
            -57.591704,
            -37.992035
          ],
          [
            -57.591616,
            -37.991979
          ],
          [
            -57.591544,
            -37.991936
          ],
          [
            -57.591505,
            -37.991916
          ],
          [
            -57.591467,
            -37.9919
          ],
          [
            -57.591413,
            -37.991885
          ],
          [
            -57.591356,
            -37.991873
          ],
          [
            -57.591277,
            -37.991863
          ],
          [
            -57.591208,
            -37.991862
          ],
          [
            -57.591133,
            -37.991863
          ],
          [
            -57.591069,
            -37.991869
          ],
          [
            -57.591012,
            -37.991882
          ],
          [
            -57.590951,
            -37.991897
          ],
          [
            -57.590927,
            -37.991903
          ],
          [
            -57.590581,
            -37.992074
          ],
          [
            -57.589566,
            -37.992585
          ],
          [
            -57.588557,
            -37.993093
          ],
          [
            -57.587604,
            -37.993574
          ],
          [
            -57.58757,
            -37.993591
          ],
          [
            -57.587241,
            -37.993756
          ],
          [
            -57.586585,
            -37.994085
          ],
          [
            -57.585806,
            -37.994481
          ],
          [
            -57.585593,
            -37.99459
          ],
          [
            -57.585255,
            -37.99476
          ],
          [
            -57.58481,
            -37.994984
          ],
          [
            -57.584617,
            -37.995082
          ],
          [
            -57.584371,
            -37.995205
          ],
          [
            -57.583559,
            -37.995611
          ],
          [
            -57.583544,
            -37.995593
          ],
          [
            -57.582904,
            -37.994795
          ],
          [
            -57.582272,
            -37.994007
          ],
          [
            -57.581288,
            -37.994505
          ],
          [
            -57.580289,
            -37.99501
          ],
          [
            -57.579308,
            -37.995506
          ],
          [
            -57.578225,
            -37.996053
          ],
          [
            -57.578859,
            -37.996838
          ],
          [
            -57.579502,
            -37.997634
          ],
          [
            -57.579514,
            -37.997649
          ],
          [
            -57.580162,
            -37.99845
          ],
          [
            -57.580758,
            -37.999187
          ],
          [
            -57.579684,
            -37.999731
          ],
          [
            -57.578687,
            -38.000238
          ],
          [
            -57.577682,
            -38.000747
          ],
          [
            -57.576683,
            -38.001255
          ],
          [
            -57.575724,
            -38.001741
          ],
          [
            -57.574698,
            -38.002262
          ],
          [
            -57.573714,
            -38.002756
          ],
          [
            -57.572711,
            -38.00327
          ],
          [
            -57.572095,
            -38.002509
          ],
          [
            -57.571469,
            -38.001735
          ],
          [
            -57.57145,
            -38.001711
          ],
          [
            -57.570801,
            -38.000908
          ],
          [
            -57.570168,
            -38.000125
          ],
          [
            -57.569531,
            -37.999337
          ],
          [
            -57.568889,
            -37.998543
          ],
          [
            -57.567904,
            -37.999041
          ],
          [
            -57.566919,
            -37.999539
          ],
          [
            -57.566197,
            -37.999903
          ],
          [
            -57.565925,
            -38.000043
          ],
          [
            -57.564944,
            -38.000537
          ],
          [
            -57.564915,
            -38.000551
          ],
          [
            -57.563914,
            -38.001058
          ],
          [
            -57.56291,
            -38.001566
          ],
          [
            -57.561895,
            -38.002077
          ],
          [
            -57.560902,
            -38.002579
          ],
          [
            -57.559904,
            -38.003084
          ],
          [
            -57.558835,
            -38.003624
          ],
          [
            -57.558203,
            -38.002842
          ],
          [
            -57.557541,
            -38.002023
          ],
          [
            -57.556908,
            -38.001252
          ],
          [
            -57.556234,
            -38.000408
          ],
          [
            -57.556219,
            -38.00039
          ],
          [
            -57.55596,
            -38.000075
          ],
          [
            -57.555308,
            -37.999907
          ],
          [
            -57.554959,
            -37.999818
          ],
          [
            -57.555266,
            -37.999663
          ],
          [
            -57.555533,
            -37.999528
          ],
          [
            -57.555699,
            -37.999444
          ],
          [
            -57.556613,
            -37.999007
          ],
          [
            -57.557444,
            -37.998586
          ],
          [
            -57.55761,
            -37.998502
          ],
          [
            -57.55697,
            -37.997721
          ],
          [
            -57.556316,
            -37.996906
          ],
          [
            -57.555325,
            -37.997406
          ],
          [
            -57.554252,
            -37.997947
          ],
          [
            -57.554228,
            -37.997959
          ],
          [
            -57.55361,
            -37.997185
          ],
          [
            -57.552988,
            -37.996405
          ],
          [
            -57.552302,
            -37.995549
          ],
          [
            -57.552278,
            -37.995561
          ],
          [
            -57.551213,
            -37.996103
          ],
          [
            -57.550204,
            -37.996611
          ],
          [
            -57.549192,
            -37.997121
          ],
          [
            -57.548816,
            -37.997319
          ],
          [
            -57.548703,
            -37.997399
          ],
          [
            -57.54864,
            -37.997446
          ],
          [
            -57.548576,
            -37.9975
          ],
          [
            -57.548546,
            -37.997526
          ],
          [
            -57.548534,
            -37.997536
          ],
          [
            -57.548485,
            -37.997588
          ],
          [
            -57.548396,
            -37.997705
          ],
          [
            -57.54835,
            -37.997755
          ],
          [
            -57.548295,
            -37.997784
          ],
          [
            -57.548231,
            -37.997799
          ],
          [
            -57.548165,
            -37.997797
          ],
          [
            -57.548095,
            -37.997775
          ],
          [
            -57.54804,
            -37.997736
          ],
          [
            -57.548005,
            -37.997683
          ],
          [
            -57.547996,
            -37.997625
          ],
          [
            -57.548009,
            -37.997577
          ],
          [
            -57.548038,
            -37.997535
          ],
          [
            -57.548081,
            -37.997501
          ],
          [
            -57.548138,
            -37.997478
          ],
          [
            -57.548201,
            -37.997469
          ],
          [
            -57.548372,
            -37.997444
          ],
          [
            -57.548488,
            -37.997418
          ],
          [
            -57.548606,
            -37.997382
          ],
          [
            -57.548816,
            -37.997319
          ],
          [
            -57.549192,
            -37.997121
          ],
          [
            -57.550204,
            -37.996611
          ],
          [
            -57.551213,
            -37.996103
          ],
          [
            -57.551197,
            -37.996084
          ],
          [
            -57.550509,
            -37.995254
          ],
          [
            -57.549859,
            -37.994438
          ],
          [
            -57.548852,
            -37.994942
          ],
          [
            -57.547843,
            -37.995455
          ],
          [
            -57.546857,
            -37.995959
          ],
          [
            -57.547513,
            -37.996762
          ],
          [
            -57.547586,
            -37.996852
          ],
          [
            -57.54802,
            -37.997421
          ],
          [
            -57.548081,
            -37.997501
          ],
          [
            -57.548138,
            -37.997478
          ],
          [
            -57.548201,
            -37.997469
          ],
          [
            -57.548372,
            -37.997444
          ],
          [
            -57.548488,
            -37.997418
          ],
          [
            -57.548606,
            -37.997382
          ],
          [
            -57.548816,
            -37.997319
          ],
          [
            -57.549192,
            -37.997121
          ],
          [
            -57.549174,
            -37.997099
          ],
          [
            -57.548494,
            -37.99626
          ],
          [
            -57.547843,
            -37.995455
          ],
          [
            -57.546857,
            -37.995959
          ],
          [
            -57.546832,
            -37.995972
          ],
          [
            -57.545881,
            -37.996452
          ],
          [
            -57.546539,
            -37.99726
          ],
          [
            -57.546578,
            -37.997323
          ],
          [
            -57.546961,
            -37.997797
          ],
          [
            -57.54699,
            -37.997832
          ],
          [
            -57.547038,
            -37.997892
          ],
          [
            -57.547054,
            -37.997912
          ],
          [
            -57.547214,
            -37.998109
          ],
          [
            -57.546221,
            -37.99861
          ],
          [
            -57.546208,
            -37.998617
          ],
          [
            -57.545859,
            -37.998794
          ],
          [
            -57.545187,
            -37.999133
          ],
          [
            -57.544205,
            -37.99963
          ],
          [
            -57.543219,
            -38.000128
          ],
          [
            -57.543129,
            -38.000174
          ],
          [
            -57.542287,
            -38.0006
          ],
          [
            -57.542205,
            -38.000641
          ],
          [
            -57.542114,
            -38.000687
          ],
          [
            -57.541705,
            -38.000894
          ],
          [
            -57.541658,
            -38.000914
          ],
          [
            -57.541603,
            -38.000934
          ],
          [
            -57.541607,
            -38.000947
          ],
          [
            -57.541643,
            -38.001076
          ],
          [
            -57.541819,
            -38.001776
          ],
          [
            -57.541834,
            -38.001827
          ],
          [
            -57.541857,
            -38.00189
          ],
          [
            -57.541871,
            -38.001921
          ],
          [
            -57.541899,
            -38.00198
          ],
          [
            -57.541936,
            -38.002045
          ],
          [
            -57.542454,
            -38.002787
          ],
          [
            -57.542507,
            -38.002849
          ],
          [
            -57.543072,
            -38.003542
          ],
          [
            -57.543133,
            -38.003618
          ],
          [
            -57.543191,
            -38.00369
          ],
          [
            -57.54371,
            -38.004338
          ],
          [
            -57.543761,
            -38.004403
          ],
          [
            -57.544823,
            -38.003866
          ],
          [
            -57.544172,
            -38.003067
          ],
          [
            -57.543191,
            -38.003587
          ],
          [
            -57.543133,
            -38.003618
          ],
          [
            -57.543191,
            -38.00369
          ],
          [
            -57.54371,
            -38.004338
          ],
          [
            -57.543761,
            -38.004403
          ],
          [
            -57.543846,
            -38.004504
          ],
          [
            -57.544385,
            -38.00516
          ],
          [
            -57.544427,
            -38.005211
          ],
          [
            -57.544477,
            -38.005277
          ],
          [
            -57.545001,
            -38.00591
          ],
          [
            -57.545111,
            -38.006042
          ],
          [
            -57.545805,
            -38.006885
          ],
          [
            -57.54643,
            -38.007645
          ],
          [
            -57.547099,
            -38.008457
          ],
          [
            -57.548135,
            -38.007938
          ],
          [
            -57.549137,
            -38.007423
          ],
          [
            -57.550118,
            -38.006927
          ],
          [
            -57.551116,
            -38.006423
          ],
          [
            -57.551751,
            -38.007202
          ],
          [
            -57.551758,
            -38.007211
          ],
          [
            -57.552407,
            -38.007993
          ],
          [
            -57.553399,
            -38.007492
          ],
          [
            -57.552754,
            -38.006697
          ],
          [
            -57.551751,
            -38.007202
          ],
          [
            -57.55075,
            -38.00771
          ],
          [
            -57.549768,
            -38.008206
          ],
          [
            -57.548773,
            -38.008708
          ],
          [
            -57.547783,
            -38.00922
          ],
          [
            -57.547744,
            -38.00924
          ],
          [
            -57.546792,
            -38.009723
          ],
          [
            -57.545779,
            -38.01024
          ],
          [
            -57.545775,
            -38.010242
          ],
          [
            -57.544817,
            -38.01073
          ],
          [
            -57.544318,
            -38.010978
          ],
          [
            -57.543768,
            -38.011252
          ],
          [
            -57.542845,
            -38.01172
          ],
          [
            -57.542788,
            -38.011749
          ],
          [
            -57.542785,
            -38.01175
          ],
          [
            -57.541776,
            -38.012254
          ],
          [
            -57.540739,
            -38.012769
          ],
          [
            -57.539789,
            -38.013248
          ],
          [
            -57.539764,
            -38.013261
          ],
          [
            -57.538767,
            -38.013764
          ],
          [
            -57.537762,
            -38.014272
          ],
          [
            -57.536752,
            -38.014784
          ],
          [
            -57.535766,
            -38.01528
          ],
          [
            -57.534753,
            -38.015806
          ],
          [
            -57.533747,
            -38.016297
          ],
          [
            -57.532767,
            -38.016796
          ],
          [
            -57.531764,
            -38.017305
          ],
          [
            -57.530774,
            -38.017803
          ],
          [
            -57.52979,
            -38.0183
          ],
          [
            -57.528786,
            -38.018805
          ],
          [
            -57.527758,
            -38.019322
          ],
          [
            -57.528391,
            -38.020115
          ],
          [
            -57.529039,
            -38.020926
          ],
          [
            -57.529668,
            -38.021713
          ],
          [
            -57.530292,
            -38.022495
          ],
          [
            -57.530946,
            -38.023313
          ],
          [
            -57.53157,
            -38.024095
          ],
          [
            -57.532213,
            -38.024899
          ],
          [
            -57.533056,
            -38.024473
          ],
          [
            -57.533259,
            -38.024371
          ],
          [
            -57.533251,
            -38.024362
          ],
          [
            -57.532613,
            -38.023575
          ],
          [
            -57.531976,
            -38.022791
          ],
          [
            -57.531327,
            -38.021975
          ],
          [
            -57.530699,
            -38.021192
          ],
          [
            -57.530071,
            -38.020408
          ],
          [
            -57.529414,
            -38.019589
          ],
          [
            -57.53042,
            -38.019082
          ],
          [
            -57.531406,
            -38.018586
          ],
          [
            -57.532396,
            -38.018087
          ],
          [
            -57.533413,
            -38.017575
          ],
          [
            -57.534381,
            -38.017085
          ],
          [
            -57.535385,
            -38.016583
          ],
          [
            -57.536402,
            -38.01607
          ],
          [
            -57.53739,
            -38.015575
          ],
          [
            -57.538402,
            -38.015064
          ],
          [
            -57.539407,
            -38.014557
          ],
          [
            -57.540403,
            -38.014056
          ],
          [
            -57.541391,
            -38.013559
          ],
          [
            -57.542419,
            -38.013043
          ],
          [
            -57.542433,
            -38.013036
          ],
          [
            -57.542482,
            -38.013011
          ],
          [
            -57.54342,
            -38.012536
          ],
          [
            -57.543209,
            -38.012274
          ],
          [
            -57.542788,
            -38.011749
          ],
          [
            -57.541776,
            -38.012254
          ],
          [
            -57.540739,
            -38.012769
          ],
          [
            -57.539764,
            -38.013261
          ],
          [
            -57.538767,
            -38.013764
          ],
          [
            -57.537762,
            -38.014272
          ],
          [
            -57.536752,
            -38.014784
          ],
          [
            -57.535766,
            -38.01528
          ],
          [
            -57.534753,
            -38.015806
          ],
          [
            -57.533747,
            -38.016297
          ],
          [
            -57.532767,
            -38.016796
          ],
          [
            -57.531764,
            -38.017305
          ],
          [
            -57.530774,
            -38.017803
          ],
          [
            -57.52979,
            -38.0183
          ],
          [
            -57.53042,
            -38.019082
          ],
          [
            -57.531081,
            -38.019903
          ],
          [
            -57.531709,
            -38.020683
          ],
          [
            -57.532336,
            -38.021462
          ],
          [
            -57.532991,
            -38.022276
          ],
          [
            -57.533618,
            -38.023055
          ],
          [
            -57.534268,
            -38.023863
          ],
          [
            -57.534882,
            -38.024625
          ],
          [
            -57.535553,
            -38.025458
          ],
          [
            -57.536171,
            -38.026225
          ],
          [
            -57.536835,
            -38.027051
          ],
          [
            -57.537443,
            -38.027792
          ],
          [
            -57.537447,
            -38.027797
          ],
          [
            -57.5381,
            -38.028621
          ],
          [
            -57.538735,
            -38.029399
          ],
          [
            -57.537735,
            -38.029906
          ],
          [
            -57.539012,
            -38.031497
          ],
          [
            -57.53906,
            -38.031557
          ],
          [
            -57.539748,
            -38.032407
          ],
          [
            -57.540391,
            -38.033201
          ],
          [
            -57.541022,
            -38.033981
          ],
          [
            -57.541663,
            -38.034774
          ],
          [
            -57.54193,
            -38.035103
          ],
          [
            -57.542285,
            -38.035542
          ],
          [
            -57.542977,
            -38.036396
          ],
          [
            -57.542984,
            -38.036405
          ],
          [
            -57.543553,
            -38.037108
          ],
          [
            -57.544207,
            -38.037916
          ],
          [
            -57.54488,
            -38.038747
          ],
          [
            -57.545777,
            -38.038071
          ],
          [
            -57.545868,
            -38.03815
          ],
          [
            -57.544998,
            -38.038806
          ],
          [
            -57.544951,
            -38.038842
          ],
          [
            -57.544037,
            -38.039531
          ],
          [
            -57.543182,
            -38.040175
          ],
          [
            -57.542494,
            -38.040693
          ],
          [
            -57.542387,
            -38.040772
          ],
          [
            -57.542304,
            -38.040833
          ],
          [
            -57.542225,
            -38.040891
          ],
          [
            -57.541939,
            -38.0411
          ],
          [
            -57.541907,
            -38.041011
          ],
          [
            -57.542172,
            -38.040814
          ],
          [
            -57.542264,
            -38.040742
          ],
          [
            -57.54223,
            -38.040659
          ],
          [
            -57.542322,
            -38.040695
          ],
          [
            -57.542328,
            -38.040702
          ],
          [
            -57.542387,
            -38.040772
          ],
          [
            -57.542444,
            -38.04084
          ],
          [
            -57.542962,
            -38.04162
          ],
          [
            -57.543516,
            -38.042507
          ],
          [
            -57.543991,
            -38.042155
          ],
          [
            -57.544803,
            -38.042842
          ],
          [
            -57.545605,
            -38.043536
          ],
          [
            -57.546445,
            -38.042908
          ],
          [
            -57.54646,
            -38.042896
          ],
          [
            -57.547324,
            -38.042249
          ],
          [
            -57.546491,
            -38.041559
          ],
          [
            -57.545637,
            -38.042212
          ],
          [
            -57.544803,
            -38.042842
          ],
          [
            -57.543873,
            -38.043534
          ],
          [
            -57.54391,
            -38.043759
          ],
          [
            -57.544076,
            -38.044659
          ]
        ],
        "type": "LineString"
      },
      "properties": {
        "linea": "571",
        "ramal": "VERDE",
        "nombre": "Línea 571 - VERDE"
      }
    },
    {
      "type": "Feature",
      "geometry": {
        "type": "Point",
        "coordinates": [
          -57.6307827,
          -37.9947965
        ]
      },
      "properties": {
        "linea": "571",
        "ramal": "VERDE",
        "numero_camara": "229",
        "direccion": "Tripulantes del Fournier & Calle 236, Mar del Plata, Provincia de Buenos Aires, Argentina",
        "orden": 320
      }
    },
    {
      "type": "Feature",
      "geometry": {
        "type": "Point",
        "coordinates": [
          -57.6204576,
          -38.00129
        ]
      },
      "properties": {
        "linea": "571",
        "ramal": "VERDE",
        "numero_camara": "227",
        "direccion": "Avenida Carlos Gardel & Rosales, Mar del Plata, Provincia de Buenos Aires, Argentina",
        "orden": 321
      }
    },
    {
      "type": "Feature",
      "geometry": {
        "type": "Point",
        "coordinates": [
          -57.6028352,
          -37.9950965
        ]
      },
      "properties": {
        "linea": "571",
        "ramal": "VERDE",
        "numero_camara": "47",
        "direccion": "Avenida Juan B. Justo & Fernández J. N. , Mar del Plata, Provincia de Buenos Aires, Argentina",
        "orden": 322
      }
    },
    {
      "type": "Feature",
      "geometry": {
        "type": "Point",
        "coordinates": [
          -57.5979268,
          -37.9993052
        ]
      },
      "properties": {
        "linea": "571",
        "ramal": "VERDE",
        "numero_camara": "122",
        "direccion": "Avenida Centenario, Mar del Plata, Provincia de Buenos Aires, Argentina",
        "orden": 323
      }
    },
    {
      "type": "Feature",
      "geometry": {
        "type": "Point",
        "coordinates": [
          -57.5875485,
          -37.9935647
        ]
      },
      "properties": {
        "linea": "571",
        "ramal": "VERDE",
        "numero_camara": "150",
        "direccion": "Teodoro Bronzini & Alvarado, Mar del Plata, Provincia de Buenos Aires, Argentina",
        "orden": 324
      }
    },
    {
      "type": "Feature",
      "geometry": {
        "type": "Point",
        "coordinates": [
          -57.583558,
          -37.9955858
        ]
      },
      "properties": {
        "linea": "571",
        "ramal": "VERDE",
        "numero_camara": "84",
        "direccion": "Chile & Alvarado, Mar del Plata, Provincia de Buenos Aires, Argentina",
        "orden": 325
      }
    },
    {
      "type": "Feature",
      "geometry": {
        "type": "Point",
        "coordinates": [
          -57.5795038,
          -37.997633
        ]
      },
      "properties": {
        "linea": "571",
        "ramal": "VERDE",
        "numero_camara": "562",
        "direccion": "Avenida Juan Héctor Jara & Alvarado, Mar del Plata, Provincia de Buenos Aires, Argentina",
        "orden": 326
      }
    },
    {
      "type": "Feature",
      "geometry": {
        "type": "Point",
        "coordinates": [
          -57.5714747,
          -38.0017324
        ]
      },
      "properties": {
        "linea": "571",
        "ramal": "VERDE",
        "numero_camara": "8",
        "direccion": "San Juan & Alvarado, Mar del Plata, Provincia de Buenos Aires, Argentina",
        "orden": 327
      }
    },
    {
      "type": "Feature",
      "geometry": {
        "type": "Point",
        "coordinates": [
          -57.5649334,
          -38.0005727
        ]
      },
      "properties": {
        "linea": "571",
        "ramal": "VERDE",
        "numero_camara": "481",
        "direccion": "Alberti & Dorrego, Mar del Plata, Provincia de Buenos Aires, Argentina",
        "orden": 328
      }
    },
    {
      "type": "Feature",
      "geometry": {
        "type": "Point",
        "coordinates": [
          -57.5562156,
          -38.0003923
        ]
      },
      "properties": {
        "linea": "571",
        "ramal": "VERDE",
        "numero_camara": "700",
        "direccion": "Avenida Colon y Avenida Independencia, Mar del Plata, Provincia de Buenos Aires, Argentina",
        "orden": 329
      }
    },
    {
      "type": "Feature",
      "geometry": {
        "type": "Point",
        "coordinates": [
          -57.5542638,
          -37.9979617
        ]
      },
      "properties": {
        "linea": "571",
        "ramal": "VERDE",
        "numero_camara": "581",
        "direccion": "Avenida Independencia & Belgrano, Mar del Plata, Provincia de Buenos Aires, Argentina",
        "orden": 330
      }
    },
    {
      "type": "Feature",
      "geometry": {
        "type": "Point",
        "coordinates": [
          -57.5522649,
          -37.9955452
        ]
      },
      "properties": {
        "linea": "571",
        "ramal": "VERDE",
        "numero_camara": "596",
        "direccion": "Avenida Independencia & Avenida Pedro Luro, Mar del Plata, Provincia de Buenos Aires, Argentina",
        "orden": 331
      }
    },
    {
      "type": "Feature",
      "geometry": {
        "type": "Point",
        "coordinates": [
          -57.5512087,
          -37.9960776
        ]
      },
      "properties": {
        "linea": "571",
        "ramal": "VERDE",
        "numero_camara": "56",
        "direccion": "Avenida Pedro Luro & Catamarca, Mar del Plata, Provincia de Buenos Aires, Argentina",
        "orden": 332
      }
    },
    {
      "type": "Feature",
      "geometry": {
        "type": "Point",
        "coordinates": [
          -57.5491867,
          -37.9970932
        ]
      },
      "properties": {
        "linea": "571",
        "ramal": "VERDE",
        "numero_camara": "57",
        "direccion": "Avenida Pedro Luro & Hipólito Yrigoyen, Mar del Plata, Provincia de Buenos Aires, Argentina",
        "orden": 333
      }
    },
    {
      "type": "Feature",
      "geometry": {
        "type": "Point",
        "coordinates": [
          -57.5470348,
          -37.9978925
        ]
      },
      "properties": {
        "linea": "571",
        "ramal": "VERDE",
        "numero_camara": "85",
        "direccion": "Diagonal Alberdi Sur & San Luis, Mar del Plata, Provincia de Buenos Aires, Argentina",
        "orden": 334
      }
    },
    {
      "type": "Feature",
      "geometry": {
        "type": "Point",
        "coordinates": [
          -57.5462189,
          -37.9986082
        ]
      },
      "properties": {
        "linea": "571",
        "ramal": "VERDE",
        "numero_camara": "436",
        "direccion": "Avenida Pedro Luro & Córdoba, Mar del Plata, Provincia de Buenos Aires, Argentina",
        "orden": 335
      }
    },
    {
      "type": "Feature",
      "geometry": {
        "type": "Point",
        "coordinates": [
          -57.5415961,
          -38.0009489
        ]
      },
      "properties": {
        "linea": "571",
        "ramal": "VERDE",
        "numero_camara": "705",
        "direccion": "Avenida Pedro Luro & Buenos Aires, Mar del Plata, Provincia de Buenos Aires, Argentina",
        "orden": 336
      }
    },
    {
      "type": "Feature",
      "geometry": {
        "type": "Point",
        "coordinates": [
          -57.5431804,
          -38.0035742
        ]
      },
      "properties": {
        "linea": "571",
        "ramal": "VERDE",
        "numero_camara": "80",
        "direccion": "Buenos Aires 1900, Mar del Plata, Provincia de Buenos Aires, Argentina",
        "orden": 337
      }
    },
    {
      "type": "Feature",
      "geometry": {
        "type": "Point",
        "coordinates": [
          -57.551756,
          -38.0072118
        ]
      },
      "properties": {
        "linea": "571",
        "ramal": "VERDE",
        "numero_camara": "419",
        "direccion": "Alberti & Santiago del Estero, Mar del Plata, Provincia de Buenos Aires, Argentina",
        "orden": 338
      }
    },
    {
      "type": "Feature",
      "geometry": {
        "type": "Point",
        "coordinates": [
          -57.5477932,
          -38.0092309
        ]
      },
      "properties": {
        "linea": "571",
        "ramal": "VERDE",
        "numero_camara": "571",
        "direccion": "Alberti & Buenos Aires, Mar del Plata, Provincia de Buenos Aires, Argentina",
        "orden": 339
      }
    },
    {
      "type": "Feature",
      "geometry": {
        "type": "Point",
        "coordinates": [
          -57.5457799,
          -38.0102407
        ]
      },
      "properties": {
        "linea": "571",
        "ramal": "VERDE",
        "numero_camara": "570",
        "direccion": "Alberti & Arenales, Mar del Plata, Provincia de Buenos Aires, Argentina",
        "orden": 340
      }
    },
    {
      "type": "Feature",
      "geometry": {
        "type": "Point",
        "coordinates": [
          -57.5427843,
          -38.0117488
        ]
      },
      "properties": {
        "linea": "571",
        "ramal": "VERDE",
        "numero_camara": "456",
        "direccion": "Alberti & Sarmiento, Mar del Plata, Provincia de Buenos Aires, Argentina",
        "orden": 341
      }
    },
    {
      "type": "Feature",
      "geometry": {
        "type": "Point",
        "coordinates": [
          -57.5397985,
          -38.0132603
        ]
      },
      "properties": {
        "linea": "571",
        "ramal": "VERDE",
        "numero_camara": "546",
        "direccion": "Martín Miguel de Güemes & Alberti, Mar del Plata, Provincia de Buenos Aires, Argentina",
        "orden": 342
      }
    },
    {
      "type": "Feature",
      "geometry": {
        "type": "Point",
        "coordinates": [
          -57.533249,
          -38.0243633
        ]
      },
      "properties": {
        "linea": "571",
        "ramal": "VERDE",
        "numero_camara": "112",
        "direccion": "General Roca & Leandro N. Alem, Mar del Plata, Provincia de Buenos Aires, Argentina",
        "orden": 343
      }
    },
    {
      "type": "Feature",
      "geometry": {
        "type": "Point",
        "coordinates": [
          -57.5424318,
          -38.0130341
        ]
      },
      "properties": {
        "linea": "571",
        "ramal": "VERDE",
        "numero_camara": "551",
        "direccion": "Alsina & Rawson, Mar del Plata, Provincia de Buenos Aires, Argentina",
        "orden": 344
      }
    },
    {
      "type": "Feature",
      "geometry": {
        "type": "Point",
        "coordinates": [
          -57.5374419,
          -38.0277994
        ]
      },
      "properties": {
        "linea": "571",
        "ramal": "VERDE",
        "numero_camara": "378",
        "direccion": "Matheu 302, Mar del Plata, Provincia de Buenos Aires, Argentina",
        "orden": 345
      }
    },
    {
      "type": "Feature",
      "geometry": {
        "type": "Point",
        "coordinates": [
          -57.5389864,
          -38.0315096
        ]
      },
      "properties": {
        "linea": "571",
        "ramal": "VERDE",
        "numero_camara": "371",
        "direccion": "Avenida Juan José Paso & Leandro N. Alem, Mar del Plata, Provincia de Buenos Aires, Argentina",
        "orden": 346
      }
    },
    {
      "type": "Feature",
      "geometry": {
        "type": "Point",
        "coordinates": [
          -57.5429809,
          -38.0364073
        ]
      },
      "properties": {
        "linea": "571",
        "ramal": "VERDE",
        "numero_camara": "369",
        "direccion": "Leandro N. Alem & Martín Rodríguez, Mar del Plata, Provincia de Buenos Aires, Argentina",
        "orden": 347
      }
    },
    {
      "type": "Feature",
      "geometry": {
        "type": "Point",
        "coordinates": [
          -57.5449921,
          -38.0388014
        ]
      },
      "properties": {
        "linea": "571",
        "ramal": "VERDE",
        "numero_camara": "358",
        "direccion": "Avenida Juan B. Justo & Avenida Edison, Mar del Plata, Provincia de Buenos Aires, Argentina",
        "orden": 348
      }
    },
    {
      "type": "Feature",
      "geometry": {
        "type": "Point",
        "coordinates": [
          -57.5423252,
          -38.0407029
        ]
      },
      "properties": {
        "linea": "571",
        "ramal": "VERDE",
        "numero_camara": "708",
        "direccion": "Avenida de los Trabajadores & Avenida Juan B. Justo, Mar del Plata, Provincia de Buenos Aires, Argentina",
        "orden": 349
      }
    },
    {
      "type": "Feature",
      "geometry": {
        "type": "Point",
        "coordinates": [
          -57.5464388,
          -38.0429034
        ]
      },
      "properties": {
        "linea": "571",
        "ramal": "VERDE",
        "numero_camara": "382",
        "direccion": "12 de Octubre & Bermejo, Mar del Plata, Provincia de Buenos Aires, Argentina",
        "orden": 350
      }
    },
    {
      "type": "Feature",
      "geometry": {
        "type": "Point",
        "coordinates": [
          -57.5440553,
          -38.044661
        ]
      },
      "properties": {
        "linea": "571",
        "ramal": "VERDE",
        "numero_camara": "61",
        "direccion": "Avenida de los Trabajadores & 12 de Octubre, Mar del Plata, Provincia de Buenos Aires, Argentina",
        "orden": 351
      }
    }
  ]
}