Orden,Linea Colectivo,Ramal,Nº Camara,Ciudad,Latitud,Longitud,Direccion
1,571,,603,Mar del Plata,-57.631527,-37.9940842,"Calle 238 y Tripulante Fournier, Mar del Plata, Provincia de Buenos Aires, Argentina"
2,571,,229,Mar del Plata,-57.6307827,-37.9947965,"Tripulantes del Fournier & Calle 236, Mar del Plata, Provincia de Buenos Aires, Argentina"
3,571,,319,Mar del Plata,-57.6255826,-38.0000058,"Soler 11094, Mar del Plata, Provincia de Buenos Aires, Argentina"
4,571,,17,Mar del Plata,-57.6220938,-38.0026437,"Avenida Carlos Gardel & Soler, Mar del Plata, Provincia de Buenos Aires, Argentina"
5,571,,227,Mar del Plata,-57.6204576,-38.00129,"Avenida Carlos Gardel & Rosales, Mar del Plata, Provincia de Buenos Aires, Argentina"
6,571,,47,Mar del Plata,-57.6028352,-37.9950965,"Avenida Juan B. Justo & Fernández J. N. , Mar del Plata, Provincia de Buenos Aires, Argentina"
7,571,,122,Mar del Plata,-57.5979268,-37.9993052,"Avenida Centenario, Mar del Plata, Provincia de Buenos Aires, Argentina"
8,571,,150,Mar del Plata,-57.5875485,-37.9935647,"Teodoro Bronzini & Alvarado, Mar del Plata, Provincia de Buenos Aires, Argentina"
9,571,,84,Mar del Plata,-57.583558,-37.9955858,"Chile & Alvarado, Mar del Plata, Provincia de Buenos Aires, Argentina"
10,571,,562,Mar del Plata,-57.5795038,-37.997633,"Avenida Juan Héctor Jara & Alvarado, Mar del Plata, Provincia de Buenos Aires, Argentina"
11,571,,8,Mar del Plata,-57.5714747,-38.0017324,"San Juan & Alvarado, Mar del Plata, Provincia de Buenos Aires, Argentina"
12,571,,420,Mar del Plata,-57.5684679,-38.0032254,"Tomás Guido & Alvarado, Mar del Plata, Provincia de Buenos Aires, Argentina"
13,571,,481,Mar del Plata,-57.5649334,-38.0005727,"Alberti & Dorrego, Mar del Plata, Provincia de Buenos Aires, Argentina"
14,571,,700,Mar del Plata,-57.5562156,-38.0003923,"Avenida Colon y Avenida Independencia, Mar del Plata, Provincia de Buenos Aires, Argentina"
15,571,,581,Mar del Plata,-57.5542638,-37.9979617,"Avenida Independencia & Belgrano, Mar del Plata, Provincia de Buenos Aires, Argentina"
16,571,,596,Mar del Plata,-57.5522649,-37.9955452,"Avenida Independencia & Avenida Pedro Luro, Mar del Plata, Provincia de Buenos Aires, Argentina"
17,571,,56,Mar del Plata,-57.5512087,-37.9960776,"Avenida Pedro Luro & Catamarca, Mar del Plata, Provincia de Buenos Aires, Argentina"
18,571,,57,Mar del Plata,-57.5491867,-37.9970932,"Avenida Pedro Luro & Hipólito Yrigoyen, Mar del Plata, Provincia de Buenos Aires, Argentina"
19,571,,85,Mar del Plata,-57.5470348,-37.9978925,"Diagonal Alberdi Sur & San Luis, Mar del Plata, Provincia de Buenos Aires, Argentina"
20,571,,436,Mar del Plata,-57.5462189,-37.9986082,"Avenida Pedro Luro & Córdoba, Mar del Plata, Provincia de Buenos Aires, Argentina"
21,571,,705,Mar del Plata,-57.5415961,-38.0009489,"Avenida Pedro Luro & Buenos Aires, Mar del Plata, Provincia de Buenos Aires, Argentina"
22,571,,80,Mar del Plata,-57.5431804,-38.0035742,"Buenos Aires 1900, Mar del Plata, Provincia de Buenos Aires, Argentina"
23,571,,419,Mar del Plata,-57.551756,-38.0072118,"Alberti & Santiago del Estero, Mar del Plata, Provincia de Buenos Aires, Argentina"
24,571,,571,Mar del Plata,-57.5477932,-38.0092309,"Alberti & Buenos Aires, Mar del Plata, Provincia de Buenos Aires, Argentina"
25,571,,570,Mar del Plata,-57.5457799,-38.0102407,"Alberti & Arenales, Mar del Plata, Provincia de Buenos Aires, Argentina"
26,571,,456,Mar del Plata,-57.5427843,-38.0117488,"Alberti & Sarmiento, Mar del Plata, Provincia de Buenos Aires, Argentina"
27,571,,551,Mar del Plata,-57.5424318,-38.0130341,"Alsina & Rawson, Mar del Plata, Provincia de Buenos Aires, Argentina"
28,571,,379,Mar del Plata,-57.5323329,-38.0214616,"Bernardo de Irigoyen & Alvarado, Mar del Plata, Provincia de Buenos Aires, Argentina"
29,571,,378,Mar del Plata,-57.5374419,-38.0277994,"Matheu 302, Mar del Plata, Provincia de Buenos Aires, Argentina"
30,571,,371,Mar del Plata,-57.5389864,-38.0315096,"Avenida Juan José Paso & Leandro N. Alem, Mar del Plata, Provincia de Buenos Aires, Argentina"
31,571,,369,Mar del Plata,-57.5429809,-38.0364073,"Leandro N. Alem & Martín Rodríguez, Mar del Plata, Provincia de Buenos Aires, Argentina"
32,571,,358,Mar del Plata,-57.5449921,-38.0388014,"Avenida Juan B. Justo & Avenida Edison, Mar del Plata, Provincia de Buenos Aires, Argentina"
33,571,,382,Mar del Plata,-57.5464388,-38.0429034,"12 de Octubre & Bermejo, Mar del Plata, Provincia de Buenos Aires, Argentina"
34,571,,211,Mar del Plata,-57.5464008,-38.0442365,"Magallanes & Figueroa Alcorta, Mar del Plata, Provincia de Buenos Aires, Argentina"
35,571,B Puerto,546,Mar del Plata,-57.5397985,-38.0132603,"Martín Miguel de Güemes & Alberti, Mar del Plata, Provincia de Buenos Aires, Argentina"
36,571,B Puerto,112,Mar del Plata,-57.533249,-38.0243633,"General Roca & Leandro N. Alem, Mar del Plata, Provincia de Buenos Aires, Argentina"
37,221,Santa Clara,364,Mar del Plata,-57.5698726,-38.1050888,"Ruta Provincial 11 & Calle 431 San Jacinto, Mar del Plata, Provincia de Buenos Aires, Argentina"
38,221,Santa Clara,493,Mar del Plata,-57.5584912,-38.0990638,"Diagonal Centro, Mar del Plata, Provincia de Buenos Aires, Argentina"
39,221,Santa Clara,274,Mar del Plata,-57.5388552,-38.0815723,"Avenida de los Trabajadores & Racedo, Mar del Plata, Provincia de Buenos Aires, Argentina"
40,221,Santa Clara,362,Mar del Plata,-57.5443845,-37.9813924,"Avenida Félix U. Camet & Río Negro, Mar del Plata, Provincia de Buenos Aires, Argentina"
41,221,Santa Clara,39,Mar del Plata,-57.5467061,-38.0634685,"Avenida de los Trabajadores & Avenida Fortunato de la Plaza, Mar del Plata, Provincia de Buenos Aires, Argentina"
42,221,Santa Clara,497,Mar del Plata,-57.5451502,-38.0583449,"Avenida de los Trabajadores & Vergara, Mar del Plata, Provincia de Buenos Aires, Argentina"
43,221,Santa Clara,277,Mar del Plata,-57.547044,-38.0538764,"Avenida de los Trabajadores & Avenida Vertiz, Mar del Plata, Provincia de Buenos Aires, Argentina"
44,221,Santa Clara,61,Mar del Plata,-57.5440553,-38.044661,"Avenida de los Trabajadores & 12 de Octubre, Mar del Plata, Provincia de Buenos Aires, Argentina"
45,221,Santa Clara,708,Mar del Plata,-57.5423252,-38.0407029,"Avenida de los Trabajadores & Avenida Juan B. Justo, Mar del Plata, Provincia de Buenos Aires, Argentina"
46,221,Santa Clara,306,Mar del Plata,-57.5346001,-38.0298261,"Avenida Patricio Peralta Ramos & Formosa, Mar del Plata, Provincia de Buenos Aires, Argentina"
47,221,Santa Clara,308,Mar del Plata,-57.5310174,-38.0254904,"Avenida Patricio Peralta Ramos & General Roca, Mar del Plata, Provincia de Buenos Aires, Argentina"
48,221,Santa Clara,442,Mar del Plata,-57.5288615,-38.0245478,"Avellaneda 26 , Mar del Plata, Provincia de Buenos Aires, Argentina"
49,221,Santa Clara,381,Mar del Plata,-57.5255168,-38.0193099,"Cabo Corrientes Center, Mar del Plata, Provincia de Buenos Aires, Argentina"
50,221,Santa Clara,440,Mar del Plata,-57.5325835,-38.0127563,"Avenida Patricio Peralta Ramos, Mar del Plata, Provincia de Buenos Aires, Argentina"
51,221,Santa Clara,205,Mar del Plata,-57.5332108,-38.0086859,"Avenida Patricio Peralta Ramos & Viamonte, Mar del Plata, Provincia de Buenos Aires, Argentina"
52,221,Santa Clara,578,Mar del Plata,-57.5385752,-38.0082574,"Alsina 2100, Mar del Plata, Provincia de Buenos Aires, Argentina"
53,221,Santa Clara,108,Mar del Plata,-57.5423229,-38.0058564,"Avenida Patricio Peralta Ramos & Arenales, Mar del Plata, Provincia de Buenos Aires, Argentina"
54,221,Santa Clara,80,Mar del Plata,-57.5431804,-38.0035742,"Buenos Aires 1900, Mar del Plata, Provincia de Buenos Aires, Argentina"
55,221,Santa Clara,705,Mar del Plata,-57.5415961,-38.0009489,"Avenida Pedro Luro & Buenos Aires, Mar del Plata, Provincia de Buenos Aires, Argentina"
56,221,Santa Clara,438,Mar del Plata,-57.5424627,-37.9991601,"Diagonal Alberdi Sur & Corrientes, Mar del Plata, Provincia de Buenos Aires, Argentina"
57,221,Santa Clara,437,Mar del Plata,-57.5475205,-37.9967517,"25 de Mayo 2800, Mar del Plata, Provincia de Buenos Aires, Argentina"
58,221,Santa Clara,519,Mar del Plata,-57.5478602,-37.9954485,"Nueve de Julio y Hipólito Yrigoyen, Mar del Plata, Provincia de Buenos Aires, Argentina"
59,221,Santa Clara,443,Mar del Plata,-57.5452828,-37.9922084,"Avenida Libertad & Avenida Patricio Peralta Ramos, Mar del Plata, Provincia de Buenos Aires, Argentina"
60,221,Santa Clara,804,Mar del Plata,-57.5452102,-37.9899409,"Avenida Patricio Peralta Ramos & Chacabuco, Mar del Plata, Provincia de Buenos Aires, Argentina"
61,221,Santa Clara,41,Mar del Plata,-57.5450508,-37.9866704,"Avenida Independencia & Necochea, Mar del Plata, Provincia de Buenos Aires, Argentina"
62,221,Santa Clara,262,Mar del Plata,-57.5443845,-37.9813924,"Avenida Félix U. Camet & Río Negro, Mar del Plata, Provincia de Buenos Aires, Argentina"
63,221,Santa Clara,587,Mar del Plata,-57.5432396,-37.975338,"Avenida Félix U. Camet & Florisbelo Acosta, Mar del Plata, Provincia de Buenos Aires, Argentina"
64,221,Santa Clara,29,Mar del Plata,-57.543546,-37.9701501,"Constitucion y la Costa, Mar del Plata, Provincia de Buenos Aires, Argentina"
65,221,Santa Clara,251,Mar del Plata,-57.5406799,-37.9630928,"Avenida Félix U. Camet & Pascuala Mugaburu, Mar del Plata, Provincia de Buenos Aires, Argentina"
66,221,Santa Clara,498,Mar del Plata,-57.5372696,-37.95364,"Avenida Félix U. Camet & Lucio Mansilla, Mar del Plata, Provincia de Buenos Aires, Argentina"
67,221,Santa Clara,499,Mar del Plata,-57.5352097,-37.9469528,"Avenida Félix U. Camet & Avenida Fray Luis Beltrán, Mar del Plata, Provincia de Buenos Aires, Argentina"
68,221,Santa Clara,589,Mar del Plata,-57.5315803,-37.9323532,"Ruta Provincial 11 & Calle Scaglia, Mar del Plata, Provincia de Buenos Aires, Argentina"
69,523,,273,Mar del Plata,-57.5496172,-38.0772836,"Avenida Mario Bravo & Vélez Sársfield, Mar del Plata, Provincia de Buenos Aires, Argentina"
70,523,,39,Mar del Plata,-57.5467061,-38.0634685,"Avenida de los Trabajadores & Avenida Fortunato de la Plaza, Mar del Plata, Provincia de Buenos Aires, Argentina"
71,523,,276,Mar del Plata,-57.5518873,-38.0596213,"Avenida Fortunato de la Plaza & Vernet, Mar del Plata, Provincia de Buenos Aires, Argentina"
72,523,,282,Mar del Plata,-57.5570053,-38.0557516,"Avenida Fortunato de la Plaza & Beltrami, Mar del Plata, Provincia de Buenos Aires, Argentina"
73,523,,279,Mar del Plata,-57.5613839,-38.0524728,"Avenida Edison & Avenida Fortunato de la Plaza, Mar del Plata, Provincia de Buenos Aires, Argentina"
74,523,,288,Mar del Plata,-57.5658079,-38.0491337,"Elisa Alvear de Bosch & Avenida Fortunato de la Plaza, Mar del Plata, Provincia de Buenos Aires, Argentina"
75,523,,290,Mar del Plata,-57.5683127,-38.0472493,"Avenida Fortunato de la Plaza & Juramento, Mar del Plata, Provincia de Buenos Aires, Argentina"
76,523,,232,Mar del Plata,-57.5683519,-38.0432101,"Marcelo T. de Alvear & Soler, Mar del Plata, Provincia de Buenos Aires, Argentina"
77,523,,355,Mar del Plata,-57.5593685,-38.0357709,"Ayolas & Marcelo T. de Alvear, Mar del Plata, Provincia de Buenos Aires, Argentina"
78,523,,367,Mar del Plata,-57.5545189,-38.0314965,"Avenida Juan B. Justo & Martín Miguel de Güemes, Mar del Plata, Provincia de Buenos Aires, Argentina"
79,523,,352,Mar del Plata,-57.5701584,-38.0278514,"Diagonal José Garibaldi & Mateotti, Mar del Plata, Provincia de Buenos Aires, Argentina"
80,523,,376,Mar del Plata,-57.5570445,-38.0224444,"Avenida Juan José Paso & Tucumán, Mar del Plata, Provincia de Buenos Aires, Argentina"
81,523,,558,Mar del Plata,-57.5518769,-38.0160455,"Rodríguez Peña & Tucumán, Mar del Plata, Provincia de Buenos Aires, Argentina"
82,523,,457,Mar del Plata,-57.5450599,-38.0128302,"Garay & Las Heras, Mar del Plata, Provincia de Buenos Aires, Argentina"
83,523,,103,Mar del Plata,-57.5441499,-38.0064477,"Avenida Colon y Tucuman, Mar del Plata, Provincia de Buenos Aires, Argentina"
84,523,,80,Mar del Plata,-57.5431804,-38.0035742,"Buenos Aires 1900, Mar del Plata, Provincia de Buenos Aires, Argentina"
85,523,,705,Mar del Plata,-57.5415961,-38.0009489,"Avenida Pedro Luro & Buenos Aires, Mar del Plata, Provincia de Buenos Aires, Argentina"
86,523,,436,Mar del Plata,-57.5462189,-37.9986082,"Avenida Pedro Luro & Córdoba, Mar del Plata, Provincia de Buenos Aires, Argentina"
87,523,,57,Mar del Plata,-57.5491867,-37.9970932,"Avenida Pedro Luro & Hipólito Yrigoyen, Mar del Plata, Provincia de Buenos Aires, Argentina"
88,523,,56,Mar del Plata,-57.5512087,-37.9960776,"Avenida Pedro Luro & Catamarca, Mar del Plata, Provincia de Buenos Aires, Argentina"
89,523,,581,Mar del Plata,-57.5542638,-37.9979617,"Avenida Independencia & Belgrano, Mar del Plata, Provincia de Buenos Aires, Argentina"
90,523,,482,Mar del Plata,-57.5583435,-37.9959136,"Belgrano & 20 de Septiembre, Mar del Plata, Provincia de Buenos Aires, Argentina"
91,523,,117,Mar del Plata,-57.5643311,-37.9928746,"San Juan & Belgrano, Mar del Plata, Provincia de Buenos Aires, Argentina"
92,523,,540,Mar del Plata,-57.5702828,-37.9898498,"Don Bosco & Belgrano, Mar del Plata, Provincia de Buenos Aires, Argentina"
93,523,,23,Mar del Plata,-57.5743265,-37.991243,"Avenida Colon y Avenida Juan Héctor Jara, Mar del Plata, Provincia de Buenos Aires, Argentina"
94,523,,448,Mar del Plata,-57.5769418,-37.9944888,"Avenida Juan Héctor Jara & Alberti, Mar del Plata, Provincia de Buenos Aires, Argentina"
95,523,,562,Mar del Plata,-57.5795038,-37.997633,"Avenida Juan Héctor Jara & Alvarado, Mar del Plata, Provincia de Buenos Aires, Argentina"
96,523,,135,Mar del Plata,-57.580792,-37.9991874,"Avenida Juan Héctor Jara & San Lorenzo, Mar del Plata, Provincia de Buenos Aires, Argentina"
97,523,,447,Mar del Plata,-57.5846452,-38.0039636,"Avenida Juan Héctor Jara & Matheu, Mar del Plata, Provincia de Buenos Aires, Argentina"
98,523,,145,Mar del Plata,-57.5871294,-38.0069555,"Avenida Juan B. Justo & Avenida Juan Héctor Jara, Mar del Plata, Provincia de Buenos Aires, Argentina"
99,523,,468,Mar del Plata,-57.5904583,-38.009728,"Avenida Polonia & 12 de Octubre, Mar del Plata, Provincia de Buenos Aires, Argentina"
100,523,,406,Mar del Plata,-57.592101,-38.0110968,"Avenida Polonia & Ayolas, Mar del Plata, Provincia de Buenos Aires, Argentina"
101,523,,74,Mar del Plata,-57.602293,-38.0111245,"Avenida Vertiz & Reforma Universitaria, Mar del Plata, Provincia de Buenos Aires, Argentina"
102,523,,219,Mar del Plata,-57.6055768,-38.0138275,"Reforma Universitaria & Tripulantes del Fournier, Mar del Plata, Provincia de Buenos Aires, Argentina"
103,523,,325,Mar del Plata,-57.6058552,-38.0154213,"J. Goñi & Soler, Mar del Plata, Provincia de Buenos Aires, Argentina"
104,523,,472,Mar del Plata,-57.6140272,-38.0127544,"Fortunato de la Plaza y Tetamanti, Mar del Plata, Provincia de Buenos Aires, Argentina"
105,523,,323,Mar del Plata,-57.6198932,-38.0174776,"Avenida Victorio Tetamanti & Gutemberg, Mar del Plata, Provincia de Buenos Aires, Argentina"
106,523,,578,Mar del Plata,-57.5385752,-38.0082574,"Alsina 2100, Mar del Plata, Provincia de Buenos Aires, Argentina"
107,531,Belisario Roldan,310,Mar del Plata,-57.6073873,-37.9517839,"Beruti 9600, Mar del Plata, Provincia de Buenos Aires, Argentina"
108,531,Belisario Roldan,599,Mar del Plata,-57.6044113,-37.9532762,"Beruti & República Árabe Siria, Mar del Plata, Provincia de Buenos Aires, Argentina"
109,531,Belisario Roldan,14,Mar del Plata,-57.5853132,-37.9629357,"Avenida Doctor Arturo Alió & Beruti, Mar del Plata, Provincia de Buenos Aires, Argentina"
110,531,Belisario Roldan,13,Mar del Plata,-57.5878912,-37.9661062,"Avenida Doctor Arturo Alió & Ituzaingó, Mar del Plata, Provincia de Buenos Aires, Argentina"
111,531,Belisario Roldan,327,Mar del Plata,-57.5905714,-37.9692425,"Avenida Libertad & Avenida Doctor Arturo Alió, Mar del Plata, Provincia de Buenos Aires, Argentina"
112,531,Belisario Roldan,432,Mar del Plata,-57.5874362,-37.9708284,"Avenida Libertad & Remedios de Escalada, Mar del Plata, Provincia de Buenos Aires, Argentina"
113,531,Belisario Roldan,341,Mar del Plata,-57.5865058,-37.9714155,"Avenida Libertad & Estado de Israel, Mar del Plata, Provincia de Buenos Aires, Argentina"
114,531,Belisario Roldan,125,Mar del Plata,-57.5792254,-37.9748161,"Libertad y champagnat, Mar del Plata, Provincia de Buenos Aires, Argentina"
115,531,Belisario Roldan,137,Mar del Plata,-57.574544,-37.9774175,"Avenida Libertad & Teodoro Bronzini, Mar del Plata, Provincia de Buenos Aires, Argentina"
116,531,Belisario Roldan,537,Mar del Plata,-57.5715179,-37.9789566,"México & Avenida Libertad, Mar del Plata, Provincia de Buenos Aires, Argentina"
117,531,Belisario Roldan,51,Mar del Plata,-57.5685616,-37.980484,"Avenida Libertad & Marconi, Mar del Plata, Provincia de Buenos Aires, Argentina"
118,531,Belisario Roldan,49,Mar del Plata,-57.5665035,-37.9814584,"Avenida Libertad & Avenida Juan Héctor Jara, Mar del Plata, Provincia de Buenos Aires, Argentina"
119,531,Belisario Roldan,431,Mar del Plata,-57.5624579,-37.9835775,"Avenida Libertad 4600, Mar del Plata, Provincia de Buenos Aires, Argentina"
120,531,Belisario Roldan,102,Mar del Plata,-57.558436,-37.9855698,"Avenida Libertad & San Juan, Mar del Plata, Provincia de Buenos Aires, Argentina"
121,531,Belisario Roldan,508,Mar del Plata,-57.5504221,-37.9896194,"Avenida Libertad & Jujuy, Mar del Plata, Provincia de Buenos Aires, Argentina"
122,531,Belisario Roldan,703,Mar del Plata,-57.5483354,-37.9906601,"Avenida Libertad & Avenida Independencia, Mar del Plata, Provincia de Buenos Aires, Argentina"
123,531,Belisario Roldan,202,Mar del Plata,-57.5503209,-37.9930958,"Avenida Independencia & 3 de Febrero, Mar del Plata, Provincia de Buenos Aires, Argentina"
124,531,Belisario Roldan,59,Mar del Plata,-57.5533841,-37.9949944,"Avenida Pedro Luro & Salta, Mar del Plata, Provincia de Buenos Aires, Argentina"
125,531,Belisario Roldan,596,Mar del Plata,-57.5522649,-37.9955452,"Avenida Independencia & Avenida Pedro Luro, Mar del Plata, Provincia de Buenos Aires, Argentina"
126,531,Belisario Roldan,56,Mar del Plata,-57.5512087,-37.9960776,"Avenida Pedro Luro & Catamarca, Mar del Plata, Provincia de Buenos Aires, Argentina"
127,531,Belisario Roldan,57,Mar del Plata,-57.5491867,-37.9970932,"Avenida Pedro Luro & Hipólito Yrigoyen, Mar del Plata, Provincia de Buenos Aires, Argentina"
128,531,Belisario Roldan,85,Mar del Plata,-57.5470348,-37.9978925,"Diagonal Alberdi Sur & San Luis, Mar del Plata, Provincia de Buenos Aires, Argentina"
129,531,Belisario Roldan,436,Mar del Plata,-57.5462189,-37.9986082,"Avenida Pedro Luro & Córdoba, Mar del Plata, Provincia de Buenos Aires, Argentina"
130,531,Belisario Roldan,705,Mar del Plata,-57.5415961,-38.0009489,"Avenida Pedro Luro & Buenos Aires, Mar del Plata, Provincia de Buenos Aires, Argentina"
131,531,Belisario Roldan,80,Mar del Plata,-57.5431804,-38.0035742,"Buenos Aires 1900, Mar del Plata, Provincia de Buenos Aires, Argentina"
132,531,Belisario Roldan,571,Mar del Plata,-57.5477932,-38.0092309,"Alberti & Buenos Aires, Mar del Plata, Provincia de Buenos Aires, Argentina"
133,531,Belisario Roldan,570,Mar del Plata,-57.5457799,-38.0102407,"Alberti & Arenales, Mar del Plata, Provincia de Buenos Aires, Argentina"
134,531,Belisario Roldan,457,Mar del Plata,-57.5450599,-38.0128302,"Garay & Las Heras, Mar del Plata, Provincia de Buenos Aires, Argentina"
135,531,Belisario Roldan,151,Mar del Plata,-57.5568695,-38.013544,"Santiago del Estero & Rodríguez Peña, Mar del Plata, Provincia de Buenos Aires, Argentina"
136,531,Belisario Roldan,88,Mar del Plata,-57.5700073,-38.0068817,"Dorrego & Rodríguez Peña, Mar del Plata, Provincia de Buenos Aires, Argentina"
137,531,Belisario Roldan,398,Mar del Plata,-57.5861177,-37.9987317,"Chile & Rodríguez Peña, Mar del Plata, Provincia de Buenos Aires, Argentina"
138,531,Belisario Roldan,114,Mar del Plata,-57.5901096,-37.9967059,"Rodríguez Peña & Teodoro Bronzini, Mar del Plata, Provincia de Buenos Aires, Argentina"
139,531,Belisario Roldan,563,Mar del Plata,-57.5921228,-37.9956927,"Rodríguez Peña & Juncal, Mar del Plata, Provincia de Buenos Aires, Argentina"
140,531,Belisario Roldan,128,Mar del Plata,-57.5980671,-37.9926624,"Rodríguez Peña & Tres Arroyos, Mar del Plata, Provincia de Buenos Aires, Argentina"
141,531,Belisario Roldan,127,Mar del Plata,-57.5995298,-37.9875027,"Alvarado & Estado de Israel, Mar del Plata, Provincia de Buenos Aires, Argentina"
142,531,Belisario Roldan,16,Mar del Plata,-57.6035806,-37.9854445,"Avenida Doctor Arturo Alió & Alvarado, Mar del Plata, Provincia de Buenos Aires, Argentina"
143,531,Belisario Roldan,396,Mar del Plata,-57.6100177,-37.9810674,"Castelli 8099, Mar del Plata, Provincia de Buenos Aires, Argentina"
144,532,Barrio Regional,16,Mar del Plata,-57.6035806,-37.9854445,"Avenida Doctor Arturo Alió & Alvarado, Mar del Plata, Provincia de Buenos Aires, Argentina"
145,532,Barrio Regional,475,Mar del Plata,-57.6061479,-37.9885865,"Avenida Doctor Arturo Alió & Rodríguez Peña,, Mar del Plata, Provincia de Buenos Aires, Argentina"
146,532,Barrio Regional,25,Mar del Plata,-57.6030559,-37.9901575,"Remedios de Escalada & Rodríguez Peña, Mar del Plata, Provincia de Buenos Aires, Argentina"
147,532,Barrio Regional,128,Mar del Plata,-57.5980671,-37.9926624,"Rodríguez Peña & Tres Arroyos, Mar del Plata, Provincia de Buenos Aires, Argentina"
148,532,Barrio Regional,563,Mar del Plata,-57.5921228,-37.9956927,"Rodríguez Peña & Juncal, Mar del Plata, Provincia de Buenos Aires, Argentina"
149,532,Barrio Regional,114,Mar del Plata,-57.5901096,-37.9967059,"Rodríguez Peña & Teodoro Bronzini, Mar del Plata, Provincia de Buenos Aires, Argentina"
150,532,Barrio Regional,398,Mar del Plata,-57.5861177,-37.9987317,"Chile & Rodríguez Peña, Mar del Plata, Provincia de Buenos Aires, Argentina"
151,532,Barrio Regional,88,Mar del Plata,-57.5700073,-38.0068817,"Dorrego & Rodríguez Peña, Mar del Plata, Provincia de Buenos Aires, Argentina"
152,532,Barrio Regional,151,Mar del Plata,-57.5568695,-38.013544,"Santiago del Estero & Rodríguez Peña, Mar del Plata, Provincia de Buenos Aires, Argentina"
153,532,Barrio Regional,457,Mar del Plata,-57.5450599,-38.0128302,"Garay & Las Heras, Mar del Plata, Provincia de Buenos Aires, Argentina"
154,532,Barrio Regional,570,Mar del Plata,-57.5457799,-38.0102407,"Alberti & Arenales, Mar del Plata, Provincia de Buenos Aires, Argentina"
155,532,Barrio Regional,571,Mar del Plata,-57.5477932,-38.0092309,"Alberti & Buenos Aires, Mar del Plata, Provincia de Buenos Aires, Argentina"
156,532,Barrio Regional,80,Mar del Plata,-57.5431804,-38.0035742,"Buenos Aires 1900, Mar del Plata, Provincia de Buenos Aires, Argentina"
157,532,Barrio Regional,705,Mar del Plata,-57.5415961,-38.0009489,"Avenida Pedro Luro & Buenos Aires, Mar del Plata, Provincia de Buenos Aires, Argentina"
158,532,Barrio Regional,436,Mar del Plata,-57.5462189,-37.9986082,"Avenida Pedro Luro & Córdoba, Mar del Plata, Provincia de Buenos Aires, Argentina"
159,532,Barrio Regional,85,Mar del Plata,-57.5470348,-37.9978925,"Diagonal Alberdi Sur & San Luis, Mar del Plata, Provincia de Buenos Aires, Argentina"
160,532,Barrio Regional,57,Mar del Plata,-57.5491867,-37.9970932,"Avenida Pedro Luro & Hipólito Yrigoyen, Mar del Plata, Provincia de Buenos Aires, Argentina"
161,532,Barrio Regional,56,Mar del Plata,-57.5512087,-37.9960776,"Avenida Pedro Luro & Catamarca, Mar del Plata, Provincia de Buenos Aires, Argentina"
162,532,Barrio Regional,596,Mar del Plata,-57.5522649,-37.9955452,"Avenida Independencia & Avenida Pedro Luro, Mar del Plata, Provincia de Buenos Aires, Argentina"
163,532,Barrio Regional,59,Mar del Plata,-57.5533841,-37.9949944,"Avenida Pedro Luro & Salta, Mar del Plata, Provincia de Buenos Aires, Argentina"
164,532,Barrio Regional,202,Mar del Plata,-57.5503209,-37.9930958,"Avenida Independencia & 3 de Febrero, Mar del Plata, Provincia de Buenos Aires, Argentina"
165,532,Barrio Regional,703,Mar del Plata,-57.5483354,-37.9906601,"Avenida Libertad & Avenida Independencia, Mar del Plata, Provincia de Buenos Aires, Argentina"
166,532,Barrio Regional,508,Mar del Plata,-57.5504221,-37.9896194,"Avenida Libertad & Jujuy, Mar del Plata, Provincia de Buenos Aires, Argentina"
167,532,Barrio Regional,102,Mar del Plata,-57.558436,-37.9855698,"Avenida Libertad & San Juan, Mar del Plata, Provincia de Buenos Aires, Argentina"
168,532,Barrio Regional,431,Mar del Plata,-57.5624579,-37.9835775,"Avenida Libertad 4600, Mar del Plata, Provincia de Buenos Aires, Argentina"
169,532,Barrio Regional,49,Mar del Plata,-57.5665035,-37.9814584,"Avenida Libertad & Avenida Juan Héctor Jara, Mar del Plata, Provincia de Buenos Aires, Argentina"
170,532,Barrio Regional,51,Mar del Plata,-57.5685616,-37.980484,"Avenida Libertad & Marconi, Mar del Plata, Provincia de Buenos Aires, Argentina"
171,532,Barrio Regional,537,Mar del Plata,-57.5715179,-37.9789566,"México & Avenida Libertad, Mar del Plata, Provincia de Buenos Aires, Argentina"
172,532,Barrio Regional,137,Mar del Plata,-57.574544,-37.9774175,"Avenida Libertad & Teodoro Bronzini, Mar del Plata, Provincia de Buenos Aires, Argentina"
173,532,Barrio Regional,125,Mar del Plata,-57.5792254,-37.9748161,"Libertad y champagnat, Mar del Plata, Provincia de Buenos Aires, Argentina"
174,532,Barrio Regional,341,Mar del Plata,-57.5865058,-37.9714155,"Avenida Libertad & Estado de Israel, Mar del Plata, Provincia de Buenos Aires, Argentina"
175,532,Barrio Regional,432,Mar del Plata,-57.5874362,-37.9708284,"Avenida Libertad & Remedios de Escalada, Mar del Plata, Provincia de Buenos Aires, Argentina"
176,532,Barrio Regional,327,Mar del Plata,-57.5905714,-37.9692425,"Avenida Libertad & Avenida Doctor Arturo Alió, Mar del Plata, Provincia de Buenos Aires, Argentina"
177,532,Barrio Regional,13,Mar del Plata,-57.5878912,-37.9661062,"Avenida Doctor Arturo Alió & Ituzaingó, Mar del Plata, Provincia de Buenos Aires, Argentina"
178,532,Barrio Regional,14,Mar del Plata,-57.5853132,-37.9629357,"Avenida Doctor Arturo Alió & Beruti, Mar del Plata, Provincia de Buenos Aires, Argentina"
179,532,Barrio Regional,599,Mar del Plata,-57.6044113,-37.9532762,"Beruti & República Árabe Siria, Mar del Plata, Provincia de Buenos Aires, Argentina"
180,532,Barrio Regional,310,Mar del Plata,-57.6073873,-37.9517839,"Beruti 9600, Mar del Plata, Provincia de Buenos Aires, Argentina"
181,532,Barrio Regional,317,Mar del Plata,-57.588342,-37.9525605,"Eduardo Bradley F Acosta, Mar del Plata, Provincia de Buenos Aires, Argentina"
182,533,Puerto,211,Mar del Plata,-57.5464008,-38.0442365,"Magallanes & Figueroa Alcorta, Mar del Plata, Provincia de Buenos Aires, Argentina"
183,533,Puerto,357,Mar del Plata,-57.5534127,-38.0389714,"Magallanes 4000, Mar del Plata, Provincia de Buenos Aires, Argentina"
184,533,Puerto,367,Mar del Plata,-57.5545189,-38.0314965,"Avenida Juan B. Justo & Martín Miguel de Güemes, Mar del Plata, Provincia de Buenos Aires, Argentina"
185,533,Puerto,457,Mar del Plata,-57.5450599,-38.0128302,"Garay & Las Heras, Mar del Plata, Provincia de Buenos Aires, Argentina"
186,533,Puerto,103,Mar del Plata,-57.5441499,-38.0064477,"Avenida Colon y Tucuman, Mar del Plata, Provincia de Buenos Aires, Argentina"
187,533,Puerto,80,Mar del Plata,-57.5431804,-38.0035742,"Buenos Aires 1900, Mar del Plata, Provincia de Buenos Aires, Argentina"
188,533,Puerto,705,Mar del Plata,-57.5415961,-38.0009489,"Avenida Pedro Luro & Buenos Aires, Mar del Plata, Provincia de Buenos Aires, Argentina"
189,533,Puerto,436,Mar del Plata,-57.5462189,-37.9986082,"Avenida Pedro Luro & Córdoba, Mar del Plata, Provincia de Buenos Aires, Argentina"
190,533,Puerto,85,Mar del Plata,-57.5470348,-37.9978925,"Diagonal Alberdi Sur & San Luis, Mar del Plata, Provincia de Buenos Aires, Argentina"
191,533,Puerto,57,Mar del Plata,-57.5491867,-37.9970932,"Avenida Pedro Luro & Hipólito Yrigoyen, Mar del Plata, Provincia de Buenos Aires, Argentina"
192,533,Puerto,56,Mar del Plata,-57.5512087,-37.9960776,"Avenida Pedro Luro & Catamarca, Mar del Plata, Provincia de Buenos Aires, Argentina"
193,533,Puerto,596,Mar del Plata,-57.5522649,-37.9955452,"Avenida Independencia & Avenida Pedro Luro, Mar del Plata, Provincia de Buenos Aires, Argentina"
194,533,Puerto,59,Mar del Plata,-57.5533841,-37.9949944,"Avenida Pedro Luro & Salta, Mar del Plata, Provincia de Buenos Aires, Argentina"
195,533,Puerto,3,Mar del Plata,-57.5610421,-37.9887983,"San Juan & 9 de Julio,  Mar del Plata, Provincia de Buenos Aires, Argentina"
196,533,Puerto,509,Mar del Plata,-57.5650311,-37.9867903,"9 de Julio & Italia, Mar del Plata, Provincia de Buenos Aires, Argentina"
197,533,Puerto,484,Mar del Plata,-57.5751349,-37.9816377,"9 de Julio & Perú, Mar del Plata, Provincia de Buenos Aires, Argentina"
198,533,Puerto,139,Mar del Plata,-57.5774929,-37.9668045,"Beruti 6654, Mar del Plata, Provincia de Buenos Aires, Argentina"
199,533,Puerto,14,Mar del Plata,-57.5853132,-37.9629357,"Avenida Doctor Arturo Alió & Beruti, Mar del Plata, Provincia de Buenos Aires, Argentina"
200,533,Puerto,599,Mar del Plata,-57.6044113,-37.9532762,"Beruti & República Árabe Siria, Mar del Plata, Provincia de Buenos Aires, Argentina"
201,533,Puerto,310,Mar del Plata,-57.6073873,-37.9517839,"Beruti 9600, Mar del Plata, Provincia de Buenos Aires, Argentina"
202,541,Las Maravillas,589,Mar del Plata,-57.5315803,-37.9323532,"Ruta Provincial 11 & Calle Scaglia, Mar del Plata, Provincia de Buenos Aires, Argentina"
203,541,Las Maravillas,250,Mar del Plata,-57.5427289,-37.9238923,"Calle Scaglia & Los Granados, Mar del Plata, Provincia de Buenos Aires, Argentina"
204,541,Las Maravillas,249,Mar del Plata,-57.5454262,-37.9261278,"Kraglievich & Los Granados, Mar del Plata, Provincia de Buenos Aires, Argentina"
205,541,Las Maravillas,593,Mar del Plata,-57.5496941,-37.9368941,"Mahatma Ghandi & Avenida Fray Luis Beltrán, Mar del Plata, Provincia de Buenos Aires, Argentina"
206,541,Las Maravillas,501,Mar del Plata,-57.5458627,-37.9398081,"Avenida Fray Luis Beltrán & E. Calabrese, Mar del Plata, Provincia de Buenos Aires, Argentina"
207,541,Las Maravillas,217,Mar del Plata,-57.5394133,-37.9448181,"Avenida Fray Luis Beltrán & Belisario Roldán, Mar del Plata, Provincia de Buenos Aires, Argentina"
208,541,Las Maravillas,236,Mar del Plata,-57.542612,-37.9518688,"Avenida Carlos Tejedor & Vuelta de Obligado, Mar del Plata, Provincia de Buenos Aires, Argentina"
209,541,Las Maravillas,245,Mar del Plata,-57.5458781,-37.9560482,"Avenida Carlos Tejedor & Avenida José Manuel Estrada, Mar del Plata, Provincia de Buenos Aires, Argentina"
210,541,Las Maravillas,253,Mar del Plata,-57.5496819,-37.9607639,"Avenida Carlos Tejedor & Joaquina Acevedo, Mar del Plata, Provincia de Buenos Aires, Argentina"
211,541,Las Maravillas,30,Mar del Plata,-57.5534873,-37.965546,"Constitucion Y Tejedor, Mar del Plata, Provincia de Buenos Aires, Argentina"
212,541,Las Maravillas,257,Mar del Plata,-57.5561306,-37.9688049,"Avenida Carlos Tejedor & Florisbelo Acosta, Mar del Plata, Provincia de Buenos Aires, Argentina"
213,541,Las Maravillas,256,Mar del Plata,-57.5601005,-37.9735078,"Avenida Carlos Tejedor & Río Negro, Mar del Plata, Provincia de Buenos Aires, Argentina"
214,541,Las Maravillas,258,Mar del Plata,-57.5639149,-37.9782436,"Avenida Juan Héctor Jara & Ituzaingó, Mar del Plata, Provincia de Buenos Aires, Argentina"
215,541,Las Maravillas,49,Mar del Plata,-57.5665035,-37.9814584,"Avenida Libertad & Avenida Juan Héctor Jara, Mar del Plata, Provincia de Buenos Aires, Argentina"
216,541,Las Maravillas,707,Mar del Plata,-57.5705099,-37.9863535,"Avenida Pedro Luro & Avenida Juan Héctor Jara, Mar del Plata, Provincia de Buenos Aires, Argentina"
217,541,Las Maravillas,58,Mar del Plata,-57.5663445,-37.9884359,"Avenida Pedro Luro & Italia, Mar del Plata, Provincia de Buenos Aires, Argentina"
218,541,Las Maravillas,50,Mar del Plata,-57.5623817,-37.9904422,"Avenida Pedro Luro & San Juan, Mar del Plata, Provincia de Buenos Aires, Argentina"
219,541,Las Maravillas,11,Mar del Plata,-57.5573939,-37.9929584,"Avenida Pedro Luro & 14 de Julio, Mar del Plata, Provincia de Buenos Aires, Argentina"
220,541,Las Maravillas,59,Mar del Plata,-57.5533841,-37.9949944,"Avenida Pedro Luro & Salta, Mar del Plata, Provincia de Buenos Aires, Argentina"
221,541,Las Maravillas,596,Mar del Plata,-57.5522649,-37.9955452,"Avenida Independencia & Avenida Pedro Luro, Mar del Plata, Provincia de Buenos Aires, Argentina"
222,541,Las Maravillas,56,Mar del Plata,-57.5512087,-37.9960776,"Avenida Pedro Luro & Catamarca, Mar del Plata, Provincia de Buenos Aires, Argentina"
223,541,Las Maravillas,57,Mar del Plata,-57.5491867,-37.9970932,"Avenida Pedro Luro & Hipólito Yrigoyen, Mar del Plata, Provincia de Buenos Aires, Argentina"
224,541,Las Maravillas,85,Mar del Plata,-57.5470348,-37.9978925,"Diagonal Alberdi Sur & San Luis, Mar del Plata, Provincia de Buenos Aires, Argentina"
225,541,Las Maravillas,436,Mar del Plata,-57.5462189,-37.9986082,"Avenida Pedro Luro & Córdoba, Mar del Plata, Provincia de Buenos Aires, Argentina"
226,541,Las Maravillas,705,Mar del Plata,-57.5415961,-38.0009489,"Avenida Pedro Luro & Buenos Aires, Mar del Plata, Provincia de Buenos Aires, Argentina"
227,541,Las Maravillas,80,Mar del Plata,-57.5431804,-38.0035742,"Buenos Aires 1900, Mar del Plata, Provincia de Buenos Aires, Argentina"
228,541,Las Maravillas,103,Mar del Plata,-57.5441499,-38.0064477,"Avenida Colon y Tucuman, Mar del Plata, Provincia de Buenos Aires, Argentina"
229,541,Las Maravillas,571,Mar del Plata,-57.5477932,-38.0092309,"Alberti & Buenos Aires, Mar del Plata, Provincia de Buenos Aires, Argentina"
230,541,Las Maravillas,9,Mar del Plata,-57.5533191,-38.0108378,"Alvarado & Santa Fe, Mar del Plata, Provincia de Buenos Aires, Argentina"
231,541,Las Maravillas,555,Mar del Plata,-57.5503219,-38.0123911,"Buenos Aires & Alvarado, Mar del Plata, Provincia de Buenos Aires, Argentina"
232,542,Estación Camet,346,Mar del Plata,-57.5827558,-37.946395,"Mariani y Monsenior Zaballa, Mar del Plata, Provincia de Buenos Aires, Argentina"
233,542,Estación Camet,27,Mar del Plata,-57.5815224,-37.9512946,"Constitucion y Ruta 2, Mar del Plata, Provincia de Buenos Aires, Argentina"
234,542,Estación Camet,701,Mar del Plata,-57.5811967,-37.9520342,"Florida Premium Outlet, Mar del Plata, Provincia de Buenos Aires, Argentina"
235,542,Estación Camet,130,Mar del Plata,-57.5801545,-37.9568226,"Monseñor Zabala 53, Mar del Plata, Provincia de Buenos Aires, Argentina"
236,542,Estación Camet,513,Mar del Plata,-57.578702,-37.9618148,"Avenida Monseñor Zabala & Strobel, Mar del Plata, Provincia de Buenos Aires, Argentina"
237,542,Estación Camet,139,Mar del Plata,-57.5774929,-37.9668045,"Beruti 6654, Mar del Plata, Provincia de Buenos Aires, Argentina"
238,542,Estación Camet,138,Mar del Plata,-57.5693676,-37.9710265,"Berutti & Teodoro Bronzini, Mar del Plata, Provincia de Buenos Aires, Argentina"
239,542,Estación Camet,81,Mar del Plata,-57.571921,-37.9741756,"Teodoro Bronzini & Ituzaingó, Mar del Plata, Provincia de Buenos Aires, Argentina"
240,542,Estación Camet,258,Mar del Plata,-57.5639149,-37.9782436,"Avenida Juan Héctor Jara & Ituzaingó, Mar del Plata, Provincia de Buenos Aires, Argentina"
241,542,Estación Camet,266,Mar del Plata,-57.5588055,-37.9808407,"Ituzaingó & Misiones, Mar del Plata, Provincia de Buenos Aires, Argentina"
242,542,Estación Camet,102,Mar del Plata,-57.558436,-37.9855698,"Avenida Libertad & San Juan, Mar del Plata, Provincia de Buenos Aires, Argentina"
243,542,Estación Camet,59,Mar del Plata,-57.5533841,-37.9949944,"Avenida Pedro Luro & Salta, Mar del Plata, Provincia de Buenos Aires, Argentina"
244,542,Estación Camet,596,Mar del Plata,-57.5522649,-37.9955452,"Avenida Independencia & Avenida Pedro Luro, Mar del Plata, Provincia de Buenos Aires, Argentina"
245,542,Estación Camet,56,Mar del Plata,-57.5512087,-37.9960776,"Avenida Pedro Luro & Catamarca, Mar del Plata, Provincia de Buenos Aires, Argentina"
246,542,Estación Camet,57,Mar del Plata,-57.5491867,-37.9970932,"Avenida Pedro Luro & Hipólito Yrigoyen, Mar del Plata, Provincia de Buenos Aires, Argentina"
247,542,Estación Camet,437,Mar del Plata,-57.5475205,-37.9967517,"25 de Mayo 2800, Mar del Plata, Provincia de Buenos Aires, Argentina"
248,542,Estación Camet,85,Mar del Plata,-57.5470348,-37.9978925,"Diagonal Alberdi Sur & San Luis, Mar del Plata, Provincia de Buenos Aires, Argentina"
249,542,Estación Camet,438,Mar del Plata,-57.5424627,-37.9991601,"Diagonal Alberdi Sur & Corrientes, Mar del Plata, Provincia de Buenos Aires, Argentina"
250,542,Estación Camet,705,Mar del Plata,-57.5415961,-38.0009489,"Avenida Pedro Luro & Buenos Aires, Mar del Plata, Provincia de Buenos Aires, Argentina"
251,542,Estación Camet,80,Mar del Plata,-57.5431804,-38.0035742,"Buenos Aires 1900, Mar del Plata, Provincia de Buenos Aires, Argentina"
252,542,Estación Camet,9,Mar del Plata,-57.5533191,-38.0108378,"Alvarado & Santa Fe, Mar del Plata, Provincia de Buenos Aires, Argentina"
253,542,Estación Camet,556,Mar del Plata,-57.5583275,-38.0083689,"Hipólito Yrigoyen & Alvarado, Mar del Plata, Provincia de Buenos Aires, Argentina"
254,542,Estación Camet,477,Mar del Plata,-57.5613468,-38.0067858,"Avenida Independencia & Alvarado, Mar del Plata, Provincia de Buenos Aires, Argentina"
255,542,Estación Camet,88,Mar del Plata,-57.5700073,-38.0068817,"Dorrego & Rodríguez Peña, Mar del Plata, Provincia de Buenos Aires, Argentina"
256,542,Estación Camet,68,Mar del Plata,-57.575201,-38.0132784,"Avenida Juan José Paso & Dorrego, Mar del Plata, Provincia de Buenos Aires, Argentina"
257,542,Estación Camet,45,Mar del Plata,-57.5767165,-38.0148128,"Avenida Juan B. Justo & Américo Raúl Canosa, Mar del Plata, Provincia de Buenos Aires, Argentina"
258,542,Estación Camet,144,Mar del Plata,-57.5800793,-38.0123217,"Avenida Juan B. Justo & San Juan, Mar del Plata, Provincia de Buenos Aires, Argentina"
259,542,Estación Camet,465,Mar del Plata,-57.5835032,-38.00974,"Avenida Juan B. Justo & Italia, Mar del Plata, Provincia de Buenos Aires, Argentina"
260,542,Estación Camet,145,Mar del Plata,-57.5871294,-38.0069555,"Avenida Juan B. Justo & Avenida Juan Héctor Jara, Mar del Plata, Provincia de Buenos Aires, Argentina"
261,542,Estación Camet,44,Mar del Plata,-57.5923995,-38.0029781,"Avenida Juan B. Justo & Reforma Universitaria, Mar del Plata, Provincia de Buenos Aires, Argentina"
262,542,Estación Camet,122,Mar del Plata,-57.5979268,-37.9993052,"Avenida Centenario, Mar del Plata, Provincia de Buenos Aires, Argentina"
263,542,Estación Camet,47,Mar del Plata,-57.6028352,-37.9950965,"Avenida Juan B. Justo & Fernández J. N. , Mar del Plata, Provincia de Buenos Aires, Argentina"
264,571,A Puerto,211,Mar del Plata,-57.5464008,-38.0442365,"Magallanes & Figueroa Alcorta, Mar del Plata, Provincia de Buenos Aires, Argentina"
265,571,A Puerto,382,Mar del Plata,-57.5464388,-38.0429034,"12 de Octubre & Bermejo, Mar del Plata, Provincia de Buenos Aires, Argentina"
266,571,A Puerto,358,Mar del Plata,-57.5449921,-38.0388014,"Avenida Juan B. Justo & Avenida Edison, Mar del Plata, Provincia de Buenos Aires, Argentina"
267,571,A Puerto,369,Mar del Plata,-57.5429809,-38.0364073,"Leandro N. Alem & Martín Rodríguez, Mar del Plata, Provincia de Buenos Aires, Argentina"
268,571,A Puerto,371,Mar del Plata,-57.5389864,-38.0315096,"Avenida Juan José Paso & Leandro N. Alem, Mar del Plata, Provincia de Buenos Aires, Argentina"
269,571,A Puerto,378,Mar del Plata,-57.5374419,-38.0277994,"Matheu 302, Mar del Plata, Provincia de Buenos Aires, Argentina"
270,571,A Puerto,379,Mar del Plata,-57.5323329,-38.0214616,"Bernardo de Irigoyen & Alvarado, Mar del Plata, Provincia de Buenos Aires, Argentina"
271,571,A Puerto,551,Mar del Plata,-57.5424318,-38.0130341,"Alsina & Rawson, Mar del Plata, Provincia de Buenos Aires, Argentina"
272,571,A Puerto,456,Mar del Plata,-57.5427843,-38.0117488,"Alberti & Sarmiento, Mar del Plata, Provincia de Buenos Aires, Argentina"
273,571,A Puerto,570,Mar del Plata,-57.5457799,-38.0102407,"Alberti & Arenales, Mar del Plata, Provincia de Buenos Aires, Argentina"
274,571,A Puerto,571,Mar del Plata,-57.5477932,-38.0092309,"Alberti & Buenos Aires, Mar del Plata, Provincia de Buenos Aires, Argentina"
275,571,A Puerto,419,Mar del Plata,-57.551756,-38.0072118,"Alberti & Santiago del Estero, Mar del Plata, Provincia de Buenos Aires, Argentina"
276,571,A Puerto,80,Mar del Plata,-57.5431804,-38.0035742,"Buenos Aires 1900, Mar del Plata, Provincia de Buenos Aires, Argentina"
277,571,A Puerto,705,Mar del Plata,-57.5415961,-38.0009489,"Avenida Pedro Luro & Buenos Aires, Mar del Plata, Provincia de Buenos Aires, Argentina"
278,571,A Puerto,436,Mar del Plata,-57.5462189,-37.9986082,"Avenida Pedro Luro & Córdoba, Mar del Plata, Provincia de Buenos Aires, Argentina"
279,571,A Puerto,57,Mar del Plata,-57.5491867,-37.9970932,"Avenida Pedro Luro & Hipólito Yrigoyen, Mar del Plata, Provincia de Buenos Aires, Argentina"
280,571,A Puerto,56,Mar del Plata,-57.5512087,-37.9960776,"Avenida Pedro Luro & Catamarca, Mar del Plata, Provincia de Buenos Aires, Argentina"
281,571,A Puerto,596,Mar del Plata,-57.5522649,-37.9955452,"Avenida Independencia & Avenida Pedro Luro, Mar del Plata, Provincia de Buenos Aires, Argentina"
282,571,A Puerto,581,Mar del Plata,-57.5542638,-37.9979617,"Avenida Independencia & Belgrano, Mar del Plata, Provincia de Buenos Aires, Argentina"
283,571,A Puerto,700,Mar del Plata,-57.5562156,-38.0003923,"Avenida Colon y Avenida Independencia, Mar del Plata, Provincia de Buenos Aires, Argentina"
284,571,A Puerto,481,Mar del Plata,-57.5649334,-38.0005727,"Alberti & Dorrego, Mar del Plata, Provincia de Buenos Aires, Argentina"
285,571,A Puerto,8,Mar del Plata,-57.5714747,-38.0017324,"San Juan & Alvarado, Mar del Plata, Provincia de Buenos Aires, Argentina"
286,571,A Puerto,562,Mar del Plata,-57.5795038,-37.997633,"Avenida Juan Héctor Jara & Alvarado, Mar del Plata, Provincia de Buenos Aires, Argentina"
287,571,A Puerto,84,Mar del Plata,-57.583558,-37.9955858,"Chile & Alvarado, Mar del Plata, Provincia de Buenos Aires, Argentina"
288,571,A Puerto,150,Mar del Plata,-57.5875485,-37.9935647,"Teodoro Bronzini & Alvarado, Mar del Plata, Provincia de Buenos Aires, Argentina"
289,571,A Puerto,122,Mar del Plata,-57.5979268,-37.9993052,"Avenida Centenario, Mar del Plata, Provincia de Buenos Aires, Argentina"
290,571,A Puerto,47,Mar del Plata,-57.6028352,-37.9950965,"Avenida Juan B. Justo & Fernández J. N. , Mar del Plata, Provincia de Buenos Aires, Argentina"
291,571,A Puerto,227,Mar del Plata,-57.6204576,-38.00129,"Avenida Carlos Gardel & Rosales, Mar del Plata, Provincia de Buenos Aires, Argentina"
292,571,A Puerto,229,Mar del Plata,-57.6307827,-37.9947965,"Tripulantes del Fournier & Calle 236, Mar del Plata, Provincia de Buenos Aires, Argentina"
293,571,B Puerto,546,Mar del Plata,-57.5397985,-38.0132603,"Martín Miguel de Güemes & Alberti, Mar del Plata, Provincia de Buenos Aires, Argentina"
294,571,B Puerto,112,Mar del Plata,-57.533249,-38.0243633,"General Roca & Leandro N. Alem, Mar del Plata, Provincia de Buenos Aires, Argentina"
295,525,,578,Mar del Plata,-57.5385752,-38.0082574,"Alsina 2100, Mar del Plata, Provincia de Buenos Aires, Argentina"
296,525,,323,Mar del Plata,-57.6198932,-38.0174776,"Avenida Victorio Tetamanti & Gutemberg, Mar del Plata, Provincia de Buenos Aires, Argentina"
297,525,,402,Mar del Plata,-57.6164343,-38.0187914,"Calabria & Intendente Andrés Mac Gaul, Mar del Plata, Provincia de Buenos Aires, Argentina"
298,525,,216,Mar del Plata,-57.6130298,-38.0213593,"Calabria & B. Goñi, Mar del Plata, Provincia de Buenos Aires, Argentina"
299,525,,403,Mar del Plata,-57.6096796,-38.0213079,"Genova e Inda, Mar del Plata, Provincia de Buenos Aires, Argentina"
300,525,,404,Mar del Plata,-57.6069329,-38.0233755,"Avenida Polonia & Genova, Mar del Plata, Provincia de Buenos Aires, Argentina"
301,525,,428,Mar del Plata,-57.6023339,-38.0242734,"Puán & Magnasco, Mar del Plata, Provincia de Buenos Aires, Argentina"
302,525,,324,Mar del Plata,-57.6035938,-38.02059,"Avenida Polonia & Avenida Fortunato de la Plaza, Mar del Plata, Provincia de Buenos Aires, Argentina"
303,525,,405,Mar del Plata,-57.596984,-38.0151274,"Avenida Polonia & Avenida Vertiz, Mar del Plata, Provincia de Buenos Aires, Argentina"
304,525,,466,Mar del Plata,-57.5866264,-38.0126173,"12 de Octubre & Intendente Camusso, Mar del Plata, Provincia de Buenos Aires, Argentina"
305,525,,144,Mar del Plata,-57.5800793,-38.0123217,"Avenida Juan B. Justo & San Juan, Mar del Plata, Provincia de Buenos Aires, Argentina"
306,525,,422,Mar del Plata,-57.576591,-38.0080479,"San Juan & Matheu, Mar del Plata, Provincia de Buenos Aires, Argentina"
307,525,,393,Mar del Plata,-57.5740178,-38.0048718,"San Juan & Rodríguez Peña, Mar del Plata, Provincia de Buenos Aires, Argentina"
308,525,,8,Mar del Plata,-57.5714747,-38.0017324,"San Juan & Alvarado, Mar del Plata, Provincia de Buenos Aires, Argentina"
309,525,,104,Mar del Plata,-57.5689131,-37.9985533,"San Juan & Alberti, Mar del Plata, Provincia de Buenos Aires, Argentina"
310,525,,21,Mar del Plata,-57.5663126,-37.9953283,"Avenida Colon y San Juan, Mar del Plata, Provincia de Buenos Aires, Argentina"
311,525,,117,Mar del Plata,-57.5643311,-37.9928746,"San Juan & Belgrano, Mar del Plata, Provincia de Buenos Aires, Argentina"
312,525,,50,Mar del Plata,-57.5623817,-37.9904422,"Avenida Pedro Luro & San Juan, Mar del Plata, Provincia de Buenos Aires, Argentina"
313,525,,11,Mar del Plata,-57.5573939,-37.9929584,"Avenida Pedro Luro & 14 de Julio, Mar del Plata, Provincia de Buenos Aires, Argentina"
314,525,,59,Mar del Plata,-57.5533841,-37.9949944,"Avenida Pedro Luro & Salta, Mar del Plata, Provincia de Buenos Aires, Argentina"
315,525,,596,Mar del Plata,-57.5522649,-37.9955452,"Avenida Independencia & Avenida Pedro Luro, Mar del Plata, Provincia de Buenos Aires, Argentina"
316,525,,56,Mar del Plata,-57.5512087,-37.9960776,"Avenida Pedro Luro & Catamarca, Mar del Plata, Provincia de Buenos Aires, Argentina"
317,525,,57,Mar del Plata,-57.5491867,-37.9970932,"Avenida Pedro Luro & Hipólito Yrigoyen, Mar del Plata, Provincia de Buenos Aires, Argentina"
318,525,,85,Mar del Plata,-57.5470348,-37.9978925,"Diagonal Alberdi Sur & San Luis, Mar del Plata, Provincia de Buenos Aires, Argentina"
319,525,,436,Mar del Plata,-57.5462189,-37.9986082,"Avenida Pedro Luro & Córdoba, Mar del Plata, Provincia de Buenos Aires, Argentina"
320,571,VERDE,229,Mar del Plata,-57.6307827,-37.9947965,"Tripulantes del Fournier & Calle 236, Mar del Plata, Provincia de Buenos Aires, Argentina"
321,571,VERDE,227,Mar del Plata,-57.6204576,-38.00129,"Avenida Carlos Gardel & Rosales, Mar del Plata, Provincia de Buenos Aires, Argentina"
322,571,VERDE,47,Mar del Plata,-57.6028352,-37.9950965,"Avenida Juan B. Justo & Fernández J. N. , Mar del Plata, Provincia de Buenos Aires, Argentina"
323,571,VERDE,122,Mar del Plata,-57.5979268,-37.9993052,"Avenida Centenario, Mar del Plata, Provincia de Buenos Aires, Argentina"
324,571,VERDE,150,Mar del Plata,-57.5875485,-37.9935647,"Teodoro Bronzini & Alvarado, Mar del Plata, Provincia de Buenos Aires, Argentina"
325,571,VERDE,84,Mar del Plata,-57.583558,-37.9955858,"Chile & Alvarado, Mar del Plata, Provincia de Buenos Aires, Argentina"
326,571,VERDE,562,Mar del Plata,-57.5795038,-37.997633,"Avenida Juan Héctor Jara & Alvarado, Mar del Plata, Provincia de Buenos Aires, Argentina"
327,571,VERDE,8,Mar del Plata,-57.5714747,-38.0017324,"San Juan & Alvarado, Mar del Plata, Provincia de Buenos Aires, Argentina"
328,571,VERDE,481,Mar del Plata,-57.5649334,-38.0005727,"Alberti & Dorrego, Mar del Plata, Provincia de Buenos Aires, Argentina"
329,571,VERDE,700,Mar del Plata,-57.5562156,-38.0003923,"Avenida Colon y Avenida Independencia, Mar del Plata, Provincia de Buenos Aires, Argentina"
330,571,VERDE,581,Mar del Plata,-57.5542638,-37.9979617,"Avenida Independencia & Belgrano, Mar del Plata, Provincia de Buenos Aires, Argentina"
331,571,VERDE,596,Mar del Plata,-57.5522649,-37.9955452,"Avenida Independencia & Avenida Pedro Luro, Mar del Plata, Provincia de Buenos Aires, Argentina"
332,571,VERDE,56,Mar del Plata,-57.5512087,-37.9960776,"Avenida Pedro Luro & Catamarca, Mar del Plata, Provincia de Buenos Aires, Argentina"
333,571,VERDE,57,Mar del Plata,-57.5491867,-37.9970932,"Avenida Pedro Luro & Hipólito Yrigoyen, Mar del Plata, Provincia de Buenos Aires, Argentina"
334,571,VERDE,85,Mar del Plata,-57.5470348,-37.9978925,"Diagonal Alberdi Sur & San Luis, Mar del Plata, Provincia de Buenos Aires, Argentina"
335,571,VERDE,436,Mar del Plata,-57.5462189,-37.9986082,"Avenida Pedro Luro & Córdoba, Mar del Plata, Provincia de Buenos Aires, Argentina"
336,571,VERDE,705,Mar del Plata,-57.5415961,-38.0009489,"Avenida Pedro Luro & Buenos Aires, Mar del Plata, Provincia de Buenos Aires, Argentina"
337,571,VERDE,80,Mar del Plata,-57.5431804,-38.0035742,"Buenos Aires 1900, Mar del Plata, Provincia de Buenos Aires, Argentina"
338,571,VERDE,419,Mar del Plata,-57.551756,-38.0072118,"Alberti & Santiago del Estero, Mar del Plata, Provincia de Buenos Aires, Argentina"
339,571,VERDE,571,Mar del Plata,-57.5477932,-38.0092309,"Alberti & Buenos Aires, Mar del Plata, Provincia de Buenos Aires, Argentina"
340,571,VERDE,570,Mar del Plata,-57.5457799,-38.0102407,"Alberti & Arenales, Mar del Plata, Provincia de Buenos Aires, Argentina"
341,571,VERDE,456,Mar del Plata,-57.5427843,-38.0117488,"Alberti & Sarmiento, Mar del Plata, Provincia de Buenos Aires, Argentina"
342,571,VERDE,546,Mar del Plata,-57.5397985,-38.0132603,"Martín Miguel de Güemes & Alberti, Mar del Plata, Provincia de Buenos Aires, Argentina"
343,571,VERDE,112,Mar del Plata,-57.533249,-38.0243633,"General Roca & Leandro N. Alem, Mar del Plata, Provincia de Buenos Aires, Argentina"
344,571,VERDE,551,Mar del Plata,-57.5424318,-38.0130341,"Alsina & Rawson, Mar del Plata, Provincia de Buenos Aires, Argentina"
345,571,VERDE,378,Mar del Plata,-57.5374419,-38.0277994,"Matheu 302, Mar del Plata, Provincia de Buenos Aires, Argentina"
346,571,VERDE,371,Mar del Plata,-57.5389864,-38.0315096,"Avenida Juan José Paso & Leandro N. Alem, Mar del Plata, Provincia de Buenos Aires, Argentina"
347,571,VERDE,369,Mar del Plata,-57.5429809,-38.0364073,"Leandro N. Alem & Martín Rodríguez, Mar del Plata, Provincia de Buenos Aires, Argentina"
348,571,VERDE,358,Mar del Plata,-57.5449921,-38.0388014,"Avenida Juan B. Justo & Avenida Edison, Mar del Plata, Provincia de Buenos Aires, Argentina"
349,571,VERDE,708,Mar del Plata,-57.5423252,-38.0407029,"Avenida de los Trabajadores & Avenida Juan B. Justo, Mar del Plata, Provincia de Buenos Aires, Argentina"
350,571,VERDE,382,Mar del Plata,-57.5464388,-38.0429034,"12 de Octubre & Bermejo, Mar del Plata, Provincia de Buenos Aires, Argentina"
351,571,VERDE,61,Mar del Plata,-57.5440553,-38.044661,"Avenida de los Trabajadores & 12 de Octubre, Mar del Plata, Provincia de Buenos Aires, Argentina"
352,573,,415,Mar del Plata,-57.6102046,-38.0260819,"Avenida Polonia & William Morris, Mar del Plata, Provincia de Buenos Aires, Argentina"
353,573,,404,Mar del Plata,-57.6069329,-38.0233755,"Avenida Polonia & Genova, Mar del Plata, Provincia de Buenos Aires, Argentina"
354,573,,324,Mar del Plata,-57.6035938,-38.02059,"Avenida Polonia & Avenida Fortunato de la Plaza, Mar del Plata, Provincia de Buenos Aires, Argentina"
355,573,,213,Mar del Plata,-57.5989053,-38.0241526,"Avenida Fortunato de la Plaza & De los Inmigrantes, Mar del Plata, Provincia de Buenos Aires, Argentina"
356,573,,31,Mar del Plata,-57.5843942,-38.0233551,"San Salvador & Avenida Lisandro de la Torre, Mar del Plata, Provincia de Buenos Aires, Argentina"
357,573,,595,Mar del Plata,-57.5796599,-38.0217208,"Avenida Lisandro de la Torre & Irala, Mar del Plata, Provincia de Buenos Aires, Argentina"
358,573,,559,Mar del Plata,-57.5650424,-38.0149702,"La Rioja & Formosa, Mar del Plata, Provincia de Buenos Aires, Argentina"
359,573,,80,Mar del Plata,-57.5431804,-38.0035742,"Buenos Aires 1900, Mar del Plata, Provincia de Buenos Aires, Argentina"
360,573,,705,Mar del Plata,-57.5415961,-38.0009489,"Avenida Pedro Luro & Buenos Aires, Mar del Plata, Provincia de Buenos Aires, Argentina"
361,573,,436,Mar del Plata,-57.5462189,-37.9986082,"Avenida Pedro Luro & Córdoba, Mar del Plata, Provincia de Buenos Aires, Argentina"
362,573,,85,Mar del Plata,-57.5470348,-37.9978925,"Diagonal Alberdi Sur & San Luis, Mar del Plata, Provincia de Buenos Aires, Argentina"
363,573,,57,Mar del Plata,-57.5491867,-37.9970932,"Avenida Pedro Luro & Hipólito Yrigoyen, Mar del Plata, Provincia de Buenos Aires, Argentina"
364,573,,56,Mar del Plata,-57.5512087,-37.9960776,"Avenida Pedro Luro & Catamarca, Mar del Plata, Provincia de Buenos Aires, Argentina"
365,573,,596,Mar del Plata,-57.5522649,-37.9955452,"Avenida Independencia & Avenida Pedro Luro, Mar del Plata, Provincia de Buenos Aires, Argentina"
366,573,,581,Mar del Plata,-57.5542638,-37.9979617,"Avenida Independencia & Belgrano, Mar del Plata, Provincia de Buenos Aires, Argentina"
367,573,,481,Mar del Plata,-57.5649334,-38.0005727,"Alberti & Dorrego, Mar del Plata, Provincia de Buenos Aires, Argentina"
368,573,,104,Mar del Plata,-57.5689131,-37.9985533,"San Juan & Alberti, Mar del Plata, Provincia de Buenos Aires, Argentina"
369,573,,448,Mar del Plata,-57.5769418,-37.9944888,"Avenida Juan Héctor Jara & Alberti, Mar del Plata, Provincia de Buenos Aires, Argentina"
370,573,,490,Mar del Plata,-57.5849884,-37.9904031,"Alberti & Teodoro Bronzini, Mar del Plata, Provincia de Buenos Aires, Argentina"
371,573,,4,Mar del Plata,-57.6061343,-37.9868589,"Alberti & Bordabehere,  Mar del Plata, Provincia de Buenos Aires, Argentina"
372,573,,10,Mar del Plata,-57.5955129,-37.9895302,"Alvarado & Tres Arroyos, Mar del Plata, Provincia de Buenos Aires, Argentina"
373,573,,127,Mar del Plata,-57.5995298,-37.9875027,"Alvarado & Estado de Israel, Mar del Plata, Provincia de Buenos Aires, Argentina"
374,573,,16,Mar del Plata,-57.6035806,-37.9854445,"Avenida Doctor Arturo Alió & Alvarado, Mar del Plata, Provincia de Buenos Aires, Argentina"
375,573,,475,Mar del Plata,-57.6061479,-37.9885865,"Avenida Doctor Arturo Alió & Rodríguez Peña,, Mar del Plata, Provincia de Buenos Aires, Argentina"
376,573,,321,Mar del Plata,-57.6123229,-37.99449,"Avenida Carlos Gardel & Magallanes, Mar del Plata, Provincia de Buenos Aires, Argentina"
377,573,,227,Mar del Plata,-57.6204576,-38.00129,"Avenida Carlos Gardel & Rosales, Mar del Plata, Provincia de Buenos Aires, Argentina"
378,573,,229,Mar del Plata,-57.6307827,-37.9947965,"Tripulantes del Fournier & Calle 236, Mar del Plata, Provincia de Buenos Aires, Argentina"
379,715,,615,Mar del Plata,-57.707738,-38.007299,"Av. Centenario Esq. Calle, 132, Julián Ríos 3991, Batán, Mar del Plata, Provincia de Buenos Aires, Argentina"
380,715,,573,Mar del Plata,-57.6914886,-38.0065737,"Ruta Provincial 88 y Acceso a Chapadmalall, Mar del Plata, Provincia de Buenos Aires, Argentina"
381,715,,609,Mar del Plata,-57.6779727,-38.0059122,"Barrio Colinalegre, Mar del Plata, Provincia de Buenos Aires, Argentina"
382,715,,572,Mar del Plata,-57.6700309,-38.0071151,"Ruta Provincial 88, Mar del Plata, Provincia de Buenos Aires, Argentina"
383,715,,226,Mar del Plata,-57.6138226,-38.0089183,"Avenida Presidente Perón & Soler, Mar del Plata, Provincia de Buenos Aires, Argentina"
384,715,,116,Mar del Plata,-57.6004918,-38.002141,"Ruta Provincial 88 & 12 de Octubre, Mar del Plata, Provincia de Buenos Aires, Argentina"
385,715,,122,Mar del Plata,-57.5979268,-37.9993052,"Avenida Centenario, Mar del Plata, Provincia de Buenos Aires, Argentina"
386,715,,44,Mar del Plata,-57.5923995,-38.0029781,"Avenida Juan B. Justo & Reforma Universitaria, Mar del Plata, Provincia de Buenos Aires, Argentina"
387,715,,145,Mar del Plata,-57.5871294,-38.0069555,"Avenida Juan B. Justo & Avenida Juan Héctor Jara, Mar del Plata, Provincia de Buenos Aires, Argentina"
388,715,,144,Mar del Plata,-57.5800793,-38.0123217,"Avenida Juan B. Justo & San Juan, Mar del Plata, Provincia de Buenos Aires, Argentina"
389,715,,45,Mar del Plata,-57.5767165,-38.0148128,"Avenida Juan B. Justo & Américo Raúl Canosa, Mar del Plata, Provincia de Buenos Aires, Argentina"
390,715,,46,Mar del Plata,-57.5739063,-38.0169489,"Avenida Juan B. Justo & España, Mar del Plata, Provincia de Buenos Aires, Argentina"
391,715,,702,Mar del Plata,-57.5711611,-38.0188999,"Avenida Juan B. Justo & Avenida Independencia, Mar del Plata, Provincia de Buenos Aires, Argentina"
392,715,,67,Mar del Plata,-57.5690794,-38.0163618,"Avenida Independencia & Avenida Juan José Paso, Mar del Plata, Provincia de Buenos Aires, Argentina"
393,715,,479,Mar del Plata,-57.5665124,-38.0131404,"Avenida Independencia & Matheu, Mar del Plata, Provincia de Buenos Aires, Argentina"
394,715,,476,Mar del Plata,-57.5639469,-38.0099586,"Avenida Independencia & Rodríguez Peña, Mar del Plata, Provincia de Buenos Aires, Argentina"
395,715,,477,Mar del Plata,-57.5613468,-38.0067858,"Avenida Independencia & Alvarado, Mar del Plata, Provincia de Buenos Aires, Argentina"
396,715,,478,Mar del Plata,-57.5588173,-38.0036344,"Avenida Independencia & Alberti, Mar del Plata, Provincia de Buenos Aires, Argentina"
397,715,,700,Mar del Plata,-57.5562156,-38.0003923,"Avenida Colon y Avenida Independencia, Mar del Plata, Provincia de Buenos Aires, Argentina"
398,715,,581,Mar del Plata,-57.5542638,-37.9979617,"Avenida Independencia & Belgrano, Mar del Plata, Provincia de Buenos Aires, Argentina"
399,715,,596,Mar del Plata,-57.5522649,-37.9955452,"Avenida Independencia & Avenida Pedro Luro, Mar del Plata, Provincia de Buenos Aires, Argentina"
400,715,,56,Mar del Plata,-57.5512087,-37.9960776,"Avenida Pedro Luro & Catamarca, Mar del Plata, Provincia de Buenos Aires, Argentina"
401,715,,57,Mar del Plata,-57.5491867,-37.9970932,"Avenida Pedro Luro & Hipólito Yrigoyen, Mar del Plata, Provincia de Buenos Aires, Argentina"
402,715,,85,Mar del Plata,-57.5470348,-37.9978925,"Diagonal Alberdi Sur & San Luis, Mar del Plata, Provincia de Buenos Aires, Argentina"
403,715,,436,Mar del Plata,-57.5462189,-37.9986082,"Avenida Pedro Luro & Córdoba, Mar del Plata, Provincia de Buenos Aires, Argentina"
404,715,,705,Mar del Plata,-57.5415961,-38.0009489,"Avenida Pedro Luro & Buenos Aires, Mar del Plata, Provincia de Buenos Aires, Argentina"
405,715,,80,Mar del Plata,-57.5431804,-38.0035742,"Buenos Aires 1900, Mar del Plata, Provincia de Buenos Aires, Argentina"
406,715,,571,Mar del Plata,-57.5477932,-38.0092309,"Alberti & Buenos Aires, Mar del Plata, Provincia de Buenos Aires, Argentina"
407,715,,457,Mar del Plata,-57.5450599,-38.0128302,"Garay & Las Heras, Mar del Plata, Provincia de Buenos Aires, Argentina"
408,717,,246,Mar del Plata,-57.6365989,-37.9541287,"Avenida Pedro Luro & Tarantino, Mar del Plata, Provincia de Buenos Aires, Argentina"
409,717,,304,Mar del Plata,-57.6266578,-37.9579504,"Avenida Pedro Luro & Carrillo, Mar del Plata, Provincia de Buenos Aires, Argentina"
410,717,,531,Mar del Plata,-57.6215874,-37.9602937,"Avenida Pedro Luro & Ciudad de Rosario, Mar del Plata, Provincia de Buenos Aires, Argentina"
411,717,,329,Mar del Plata,-57.6145542,-37.9641034,"Avenida Pedro Luro & Portugal, Mar del Plata, Provincia de Buenos Aires, Argentina"
412,717,,532,Mar del Plata,-57.6104459,-37.9659557,"Avenida Pedro Luro & Leguizamón Onésimo, Mar del Plata, Provincia de Buenos Aires, Argentina"
413,717,,305,Mar del Plata,-57.6054788,-37.9685081,"Avenida Pedro Luro & Pigüé, Mar del Plata, Provincia de Buenos Aires, Argentina"
414,717,,159,Mar del Plata,-57.5996104,-37.9716862,"Avenida Pedro Luro & José María Calaza, Mar del Plata, Provincia de Buenos Aires, Argentina"
415,717,,54,Mar del Plata,-57.5943871,-37.9741178,"Avenida Pedro Luro & Avenida Doctor Arturo Alió, Mar del Plata, Provincia de Buenos Aires, Argentina"
416,717,,328,Mar del Plata,-57.5914817,-37.9758084,"Avenida Pedro Luro & Remedios de Escalada, Mar del Plata, Provincia de Buenos Aires, Argentina"
417,717,,344,Mar del Plata,-57.590468,-37.9763188,"Avenida Pedro Luro & Estado de Israel, Mar del Plata, Provincia de Buenos Aires, Argentina"
418,717,,60,Mar del Plata,-57.5863716,-37.9781823,"Avenida Pedro Luro & Tres Arroyos, Mar del Plata, Provincia de Buenos Aires, Argentina"
419,717,,706,Mar del Plata,-57.5822796,-37.9804268,"Champagnat 1564, Mar del Plata, Provincia de Buenos Aires, Argentina"
420,717,,55,Mar del Plata,-57.5784575,-37.9822802,"Avenida Pedro Luro & Teodoro Bronzini, Mar del Plata, Provincia de Buenos Aires, Argentina"
421,717,,809,Mar del Plata,-57.5754804,-37.9838062,"Avenida Pedro Luro & México, Mar del Plata, Provincia de Buenos Aires, Argentina"
422,717,,707,Mar del Plata,-57.5705099,-37.9863535,"Avenida Pedro Luro & Avenida Juan Héctor Jara, Mar del Plata, Provincia de Buenos Aires, Argentina"
423,717,,58,Mar del Plata,-57.5663445,-37.9884359,"Avenida Pedro Luro & Italia, Mar del Plata, Provincia de Buenos Aires, Argentina"
424,717,,50,Mar del Plata,-57.5623817,-37.9904422,"Avenida Pedro Luro & San Juan, Mar del Plata, Provincia de Buenos Aires, Argentina"
425,717,,11,Mar del Plata,-57.5573939,-37.9929584,"Avenida Pedro Luro & 14 de Julio, Mar del Plata, Provincia de Buenos Aires, Argentina"
426,717,,445,Mar del Plata,-57.55569,-37.9926,"25 de Mayo 3600, Mar del Plata, Provincia de Buenos Aires, Argentina"
427,717,,437,Mar del Plata,-57.5475205,-37.9967517,"25 de Mayo 2800, Mar del Plata, Provincia de Buenos Aires, Argentina"
428,717,,56,Mar del Plata,-57.5512087,-37.9960776,"Avenida Pedro Luro & Catamarca, Mar del Plata, Provincia de Buenos Aires, Argentina"
429,717,,57,Mar del Plata,-57.5491867,-37.9970932,"Avenida Pedro Luro & Hipólito Yrigoyen, Mar del Plata, Provincia de Buenos Aires, Argentina"
430,717,,438,Mar del Plata,-57.5424627,-37.9991601,"Diagonal Alberdi Sur & Corrientes, Mar del Plata, Provincia de Buenos Aires, Argentina"
431,717,,705,Mar del Plata,-57.5415961,-38.0009489,"Avenida Pedro Luro & Buenos Aires, Mar del Plata, Provincia de Buenos Aires, Argentina"
432,717,,80,Mar del Plata,-57.5431804,-38.0035742,"Buenos Aires 1900, Mar del Plata, Provincia de Buenos Aires, Argentina"
433,717,,108,Mar del Plata,-57.5423229,-38.0058564,"Avenida Patricio Peralta Ramos & Arenales, Mar del Plata, Provincia de Buenos Aires, Argentina"
434,717,,203,Mar del Plata,-57.5401737,-38.0084995,"Avenida Colon y Sarmiento, Mar del Plata, Provincia de Buenos Aires, Argentina"
435,717,,456,Mar del Plata,-57.5427843,-38.0117488,"Alberti & Sarmiento, Mar del Plata, Provincia de Buenos Aires, Argentina"
436,720,,615,Mar del Plata,-57.707738,-38.007299,"Av. Centenario Esq. Calle, 132, Julián Ríos 3991, Batán, Mar del Plata, Provincia de Buenos Aires, Argentina"
437,720,,573,Mar del Plata,-57.6914886,-38.0065737,"Ruta Provincial 88 y Acceso a Chapadmalall, Mar del Plata, Provincia de Buenos Aires, Argentina"
438,720,,609,Mar del Plata,-57.6779727,-38.0059122,"Barrio Colinalegre, Mar del Plata, Provincia de Buenos Aires, Argentina"
439,720,,572,Mar del Plata,-57.6700309,-38.0071151,"Ruta Provincial 88, Mar del Plata, Provincia de Buenos Aires, Argentina"
440,720,,226,Mar del Plata,-57.6138226,-38.0089183,"Avenida Presidente Perón & Soler, Mar del Plata, Provincia de Buenos Aires, Argentina"
441,720,,215,Mar del Plata,-57.6114098,-38.0081252,"Rosales 9800 , Mar del Plata, Provincia de Buenos Aires, Argentina"
442,720,,77,Mar del Plata,-57.6084355,-38.0065073,"Avenida Vertiz & Ruta Provincial 88, Mar del Plata, Provincia de Buenos Aires, Argentina"
443,720,,116,Mar del Plata,-57.6004918,-38.002141,"Ruta Provincial 88 & 12 de Octubre, Mar del Plata, Provincia de Buenos Aires, Argentina"
444,720,,122,Mar del Plata,-57.5979268,-37.9993052,"Avenida Centenario, Mar del Plata, Provincia de Buenos Aires, Argentina"
445,720,,44,Mar del Plata,-57.5923995,-38.0029781,"Avenida Juan B. Justo & Reforma Universitaria, Mar del Plata, Provincia de Buenos Aires, Argentina"
446,720,,145,Mar del Plata,-57.5871294,-38.0069555,"Avenida Juan B. Justo & Avenida Juan Héctor Jara, Mar del Plata, Provincia de Buenos Aires, Argentina"
447,720,,465,Mar del Plata,-57.5835032,-38.00974,"Avenida Juan B. Justo & Italia, Mar del Plata, Provincia de Buenos Aires, Argentina"
448,720,,144,Mar del Plata,-57.5800793,-38.0123217,"Avenida Juan B. Justo & San Juan, Mar del Plata, Provincia de Buenos Aires, Argentina"
449,720,,45,Mar del Plata,-57.5767165,-38.0148128,"Avenida Juan B. Justo & Américo Raúl Canosa, Mar del Plata, Provincia de Buenos Aires, Argentina"
450,720,,46,Mar del Plata,-57.5739063,-38.0169489,"Avenida Juan B. Justo & España, Mar del Plata, Provincia de Buenos Aires, Argentina"
451,720,,702,Mar del Plata,-57.5711611,-38.0188999,"Avenida Juan B. Justo & Avenida Independencia, Mar del Plata, Provincia de Buenos Aires, Argentina"
452,720,,67,Mar del Plata,-57.5690794,-38.0163618,"Avenida Independencia & Avenida Juan José Paso, Mar del Plata, Provincia de Buenos Aires, Argentina"
453,720,,479,Mar del Plata,-57.5665124,-38.0131404,"Avenida Independencia & Matheu, Mar del Plata, Provincia de Buenos Aires, Argentina"
454,720,,476,Mar del Plata,-57.5639469,-38.0099586,"Avenida Independencia & Rodríguez Peña, Mar del Plata, Provincia de Buenos Aires, Argentina"
455,720,,477,Mar del Plata,-57.5613468,-38.0067858,"Avenida Independencia & Alvarado, Mar del Plata, Provincia de Buenos Aires, Argentina"
456,720,,478,Mar del Plata,-57.5588173,-38.0036344,"Avenida Independencia & Alberti, Mar del Plata, Provincia de Buenos Aires, Argentina"
457,720,,700,Mar del Plata,-57.5562156,-38.0003923,"Avenida Colon y Avenida Independencia, Mar del Plata, Provincia de Buenos Aires, Argentina"
458,720,,581,Mar del Plata,-57.5542638,-37.9979617,"Avenida Independencia & Belgrano, Mar del Plata, Provincia de Buenos Aires, Argentina"
459,720,,596,Mar del Plata,-57.5522649,-37.9955452,"Avenida Independencia & Avenida Pedro Luro, Mar del Plata, Provincia de Buenos Aires, Argentina"
460,720,,56,Mar del Plata,-57.5512087,-37.9960776,"Avenida Pedro Luro & Catamarca, Mar del Plata, Provincia de Buenos Aires, Argentina"
461,720,,57,Mar del Plata,-57.5491867,-37.9970932,"Avenida Pedro Luro & Hipólito Yrigoyen, Mar del Plata, Provincia de Buenos Aires, Argentina"
462,720,,85,Mar del Plata,-57.5470348,-37.9978925,"Diagonal Alberdi Sur & San Luis, Mar del Plata, Provincia de Buenos Aires, Argentina"
463,720,,705,Mar del Plata,-57.5415961,-38.0009489,"Avenida Pedro Luro & Buenos Aires, Mar del Plata, Provincia de Buenos Aires, Argentina"
464,720,,80,Mar del Plata,-57.5431804,-38.0035742,"Buenos Aires 1900, Mar del Plata, Provincia de Buenos Aires, Argentina"
465,720,,571,Mar del Plata,-57.5477932,-38.0092309,"Alberti & Buenos Aires, Mar del Plata, Provincia de Buenos Aires, Argentina"
466,720,,457,Mar del Plata,-57.5450599,-38.0128302,"Garay & Las Heras, Mar del Plata, Provincia de Buenos Aires, Argentina"
467,501,Santa Rosa C,645,Mar del Plata,-57.5924649,-38.0864300,"Avenida Jorge Newbery & Calle 429, Mar del Plata, Provincia de Buenos Aires, Argentina"
468,501,Santa Rosa C,636,Mar del Plata,-57.5836678,-38.095019,"Calle 431 & Calle 18, Mar del Plata, Provincia de Buenos Aires, Argentina"
469,501,Santa Rosa C,492,Mar del Plata,-57.5839977,-38.1113840,"Ruta Provincial 11 & Calle 461, Mar del Plata, Provincia de Buenos Aires, Argentina"
470,501,Santa Rosa C,637,Mar del Plata,-57.5942134,-38.1037640,"Calle 461 & Calle 18, Mar del Plata, Provincia de Buenos Aires, Argentina"
471,501,Santa Rosa C,638,Mar del Plata,-57.6040382,-38.0963400,"Avenida Jorge Newbery & Calle 461, Mar del Plata, Provincia de Buenos Aires, Argentina"
472,501,Santa Rosa A,123,Mar del Plata,-57.6081559,-37.9910770,"Avenida Juan B. Justo & Avenida Doctor Arturo Alió, Mar del Plata, Provincia de Buenos Aires, Argentina"
473,501,Santa Rosa A,623,Mar del Plata,-57.6063614,-37.9924350,"Avenida Juan B. Justo & Etchegaray, Mar del Plata, Provincia de Buenos Aires, Argentina"
474,501,Santa Rosa A,47,Mar del Plata,-57.6028352,-37.9950970,"Avenida Juan B. Justo & Fernández J. N. , Mar del Plata, Provincia de Buenos Aires, Argentina"
475,501,Santa Rosa A,622,Mar del Plata,-57.6010993,-37.9964010,"Avenida Juan B. Justo & Tres Arroyos, Mar del Plata, Provincia de Buenos Aires, Argentina"
476,501,Santa Rosa A,122,Mar del Plata,-57.5979268,-37.999305,"Avenida Centenario, Mar del Plata, Provincia de Buenos Aires, Argentina"
477,501,Santa Rosa A,116,Mar del Plata,-57.6004918,-38.002141,"Ruta Provincial 88 & 12 de Octubre, Mar del Plata, Provincia de Buenos Aires, Argentina"
478,501,Santa Rosa A,471,Mar del Plata,-57.6040867,-38.007204,"Intendente Vignolo & Guanahani,, Mar del Plata, Provincia de Buenos Aires, Argentina"
479,501,Santa Rosa A,633,Mar del Plata,-57.6048542,-38.009194,"Avenida Vertiz & Intendente Andrés Mac Gaul, Mar del Plata, Provincia de Buenos Aires, Argentina"
480,501,Santa Rosa A,74,Mar del Plata,-57.602293,-38.011125,"Avenida Vertiz & Reforma Universitaria, Mar del Plata, Provincia de Buenos Aires, Argentina"
481,501,Santa Rosa A,405,Mar del Plata,-57.596984,-38.015127,"Avenida Polonia & Avenida Vertiz, Mar del Plata, Provincia de Buenos Aires, Argentina"
482,501,Santa Rosa A,678,Mar del Plata,-57.593152,-38.018043,"Avenida Vertiz & Intendente Camusso, Mar del Plata, Provincia de Buenos Aires, Argentina"
483,501,Santa Rosa A,679,Mar del Plata,-57.5867897,-38.023378,"Vertiz & Calle Friuli, Mar del Plata, Provincia de Buenos Aires, Argentina"
484,501,Santa Rosa A,390,Mar del Plata,-57.5810893,-38.027150,"Avenida Jacinto Peralta Ramos & Avenida Vertiz, Mar del Plata, Provincia de Buenos Aires, Argentina"
485,501,Santa Rosa A,78,Mar del Plata,-57.5757751,-38.031178,"Avenida Vertiz & Talcahuano, Mar del Plata, Provincia de Buenos Aires, Argentina"
486,501,Santa Rosa A,350,Mar del Plata,-57.5708407,-38.035369,"Avenida Vertiz & Galicia Mar del Plata, Provincia de Buenos Aires, Argentina"
487,501,Santa Rosa A,76,Mar del Plata,-57.5651377,-38.039175,"Avenida Vertiz & Cerrito, Mar del Plata, Provincia de Buenos Aires, Argentina"
488,501,Santa Rosa A,232,Mar del Plata,-57.5683519,-38.043210,"Marcelo T. de Alvear & Soler, Mar del Plata, Provincia de Buenos Aires, Argentina"
489,501,Santa Rosa A,291,Mar del Plata,-57.5717256,-38.044652,"Avenida Fortunato de la Plaza & Cerrito, Mar del Plata, Provincia de Buenos Aires, Argentina"
490,501,Santa Rosa A,292,Mar del Plata,-57.5766912,-38.048789,"Calabria & Cerrito, Mar del Plata, Provincia de Buenos Aires, Argentina"
491,501,Santa Rosa A,63,Mar del Plata,-57.5771098,-38.040599,"Avenida Fortunato de la Plaza & Galicia, Mar del Plata, Provincia de Buenos Aires, Argentina"
492,501,Santa Rosa A,208,Mar del Plata,-57.5773125,-38.056053,"Avenida Mario Bravo & Lanzilota, Mar del Plata, Provincia de Buenos Aires, Argentina"
493,501,Santa Rosa A,244,Mar del Plata,-57.5712209,-38.060584,"Avenida Mario Bravo & Avenida Edison, Mar del Plata, Provincia de Buenos Aires, Argentina"
494,501,Santa Rosa A,243,Mar del Plata,-57.5734051,-38.068855,"Avenida Jorge Newbery & Fragata Sarmiento, Mar del Plata, Provincia de Buenos Aires, Argentina"
495,501,Santa Rosa A,209,Mar del Plata,-57.5758628,-38.072714,"Avenida Jorge Newbery & Bahía Thetis, Mar del Plata, Provincia de Buenos Aires, Argentina"
496,501,Santa Rosa A,645,Mar del Plata,-57.5924649,-38.086430,"Avenida Jorge Newbery & Calle 429, Mar del Plata, Provincia de Buenos Aires, Argentina"
497,501,Santa Rosa A,636,Mar del Plata,-57.5836678,-38.095019,"Calle 431 & Calle 18, Mar del Plata, Provincia de Buenos Aires, Argentina"
498,501,Santa Rosa A,492,Mar del Plata,-57.5839977,-38.111384,"Ruta Provincial 11 & Calle 461, Mar del Plata, Provincia de Buenos Aires, Argentina"
499,501,Santa Rosa A,637,Mar del Plata,-57.5942134,-38.103764,"Calle 461 & Calle 18, Mar del Plata, Provincia de Buenos Aires, Argentina"
500,501,Santa Rosa A,638,Mar del Plata,-57.6040382,-38.096340,"Avenida Jorge Newbery & Calle 461, Mar del Plata, Provincia de Buenos Aires, Argentina"
501,501,REGIONAL,645,Mar del Plata,-57.5924649,-38.086430,"Avenida Jorge Newbery & Calle 429, Mar del Plata, Provincia de Buenos Aires, Argentina"
502,501,REGIONAL,209,Mar del Plata,-57.5758628,-38.072714,"Avenida Jorge Newbery & Bahía Thetis, Mar del Plata, Provincia de Buenos Aires, Argentina"
503,501,REGIONAL,243,Mar del Plata,-57.5734051,-38.068855,"Avenida Jorge Newbery & Fragata Sarmiento, Mar del Plata, Provincia de Buenos Aires, Argentina"
504,501,REGIONAL,244,Mar del Plata,-57.5712209,-38.060584,"Avenida Mario Bravo & Avenida Edison, Mar del Plata, Provincia de Buenos Aires, Argentina"
505,501,REGIONAL,625,Mar del Plata,-57.57544,-38.057840,"Avenida Mario Bravo & Jorge Hernández, Mar del Plata, Provincia de Buenos Aires, Argentina"
506,501,REGIONAL,208,Mar del Plata,-57.5773125,-38.056053,"Avenida Mario Bravo & Lanzilota, Mar del Plata, Provincia de Buenos Aires, Argentina"
507,501,REGIONAL,63,Mar del Plata,-57.5815795,-38.052827,"Avenida Mario Bravo & Cerrito, Mar del Plata, Provincia de Buenos Aires, Argentina"
508,501,REGIONAL,292,Mar del Plata,-57.5766912,-38.048789,"Calabria & Cerrito, Mar del Plata, Provincia de Buenos Aires, Argentina"
509,501,REGIONAL,291,Mar del Plata,-57.5717256,-38.044652,"Avenida Fortunato de la Plaza & Cerrito, Mar del Plata, Provincia de Buenos Aires, Argentina"
510,501,REGIONAL,301,Mar del Plata,-57.5675736,-38.041210,"Cerrito & Rosales, Mar del Plata, Provincia de Buenos Aires, Argentina"
511,501,REGIONAL,76,Mar del Plata,-57.5651377,-38.039175,"Avenida Vertiz & Cerrito, Mar del Plata, Provincia de Buenos Aires, Argentina"
512,501,REGIONAL,350,Mar del Plata,-57.5708407,-38.035369,"Avenida Vertiz & Galicia Mar del Plata, Provincia de Buenos Aires, Argentina"
513,501,REGIONAL,78,Mar del Plata,-57.5757751,-38.031178,"Avenida Vertiz & Talcahuano, Mar del Plata, Provincia de Buenos Aires, Argentina"
514,501,REGIONAL,390,Mar del Plata,-57.5810893,-38.027150,"Avenida Jacinto Peralta Ramos & Avenida Vertiz, Mar del Plata, Provincia de Buenos Aires, Argentina"
515,501,REGIONAL,679,Mar del Plata,-57.5867897,-38.023378,"Vertiz & Calle Friuli, Mar del Plata, Provincia de Buenos Aires, Argentina"
516,501,REGIONAL,678,Mar del Plata,-57.593152,-38.018043,"Avenida Vertiz & Intendente Camusso, Mar del Plata, Provincia de Buenos Aires, Argentina"
517,501,REGIONAL,405,Mar del Plata,-57.596984,-38.015127,"Avenida Polonia & Avenida Vertiz, Mar del Plata, Provincia de Buenos Aires, Argentina"
518,501,REGIONAL,74,Mar del Plata,-57.602293,-38.011125,"Avenida Vertiz & Reforma Universitaria, Mar del Plata, Provincia de Buenos Aires, Argentina"
519,501,REGIONAL,633,Mar del Plata,-57.6048542,-38.009194,"Avenida Vertiz & Intendente Andrés Mac Gaul, Mar del Plata, Provincia de Buenos Aires, Argentina"
520,501,REGIONAL,77,Mar del Plata,-57.6084355,-38.006507,"Avenida Vertiz & Ruta Provincial 88, Mar del Plata, Provincia de Buenos Aires, Argentina"
521,501,REGIONAL,116,Mar del Plata,-57.6004918,-38.002141,"Ruta Provincial 88 & 12 de Octubre, Mar del Plata, Provincia de Buenos Aires, Argentina"
522,501,REGIONAL,122,Mar del Plata,-57.5979268,-37.999305,"Avenida Centenario, Mar del Plata, Provincia de Buenos Aires, Argentina"
523,501,REGIONAL,622,Mar del Plata,-57.6010993,-37.996401,"Avenida Juan B. Justo & Tres Arroyos, Mar del Plata, Provincia de Buenos Aires, Argentina"
524,501,REGIONAL,623,Mar del Plata,-57.6063614,-37.992435,"Avenida Juan B. Justo & Etchegaray, Mar del Plata, Provincia de Buenos Aires, Argentina"
525,501,REGIONAL,123,Mar del Plata,-57.6081559,-37.991077,"Avenida Juan B. Justo & Avenida Doctor Arturo Alió, Mar del Plata, Provincia de Buenos Aires, Argentina"
526,512,B Luro y Carrillo,304,Mar del Plata,-57.6266578,-37.9579504,"Avenida Pedro Luro & Carrillo, Mar del Plata, Provincia de Buenos Aires, Argentina"
527,512,B Luro y Carrillo,531,Mar del Plata,-57.6215874,-37.9602937,"Avenida Pedro Luro & Ciudad de Rosario, Mar del Plata, Provincia de Buenos Aires, Argentina"
528,512,B Luro y Carrillo,329,Mar del Plata,-57.6145542,-37.9641034,"Avenida Pedro Luro & Portugal, Mar del Plata, Provincia de Buenos Aires, Argentina"
529,512,B Luro y Carrillo,532,Mar del Plata,-57.6104459,-37.9659557,"Avenida Pedro Luro & Leguizamón Onésimo, Mar del Plata, Provincia de Buenos Aires, Argentina"
530,512,B Luro y Carrillo,305,Mar del Plata,-57.6054788,-37.9685081,"Avenida Pedro Luro & Pigüé, Mar del Plata, Provincia de Buenos Aires, Argentina"
531,512,B Luro y Carrillo,159,Mar del Plata,-57.5996104,-37.9716862,"Avenida Pedro Luro & José María Calaza, Mar del Plata, Provincia de Buenos Aires, Argentina"
532,512,B Luro y Carrillo,54,Mar del Plata,-57.5943871,-37.9741178,"Avenida Pedro Luro & Avenida Doctor Arturo Alió, Mar del Plata, Provincia de Buenos Aires, Argentina"
,512,B Luro y Carrillo,328,Mar del Plata,-57.5914817,-37.9758084,"Avenida Pedro Luro & Remedios de Escalada, Mar del Plata, Provincia de Buenos Aires, Argentina"
,512,B Luro y Carrillo,344,Mar del Plata,-57.590468,-37.9763188,"Avenida Pedro Luro & Estado de Israel, Mar del Plata, Provincia de Buenos Aires, Argentina"
,512,B Luro y Carrillo,60,Mar del Plata,-57.5863716,-37.9781823,"Avenida Pedro Luro & Tres Arroyos, Mar del Plata, Provincia de Buenos Aires, Argentina"
,512,B Luro y Carrillo,706,Mar del Plata,-57.5822796,-37.9804268,"Champagnat 1564, Mar del Plata, Provincia de Buenos Aires, Argentina"
,512,B Luro y Carrillo,55,Mar del Plata,-57.5784575,-37.9822802,"Avenida Pedro Luro & Teodoro Bronzini, Mar del Plata, Provincia de Buenos Aires, Argentina"
,512,B Luro y Carrillo,809,Mar del Plata,-57.5754804,-37.9838062,"Avenida Pedro Luro & México, Mar del Plata, Provincia de Buenos Aires, Argentina"
,512,B Luro y Carrillo,707,Mar del Plata,-57.5705099,-37.9863535,"Avenida Pedro Luro & Avenida Juan Héctor Jara, Mar del Plata, Provincia de Buenos Aires, Argentina"
,512,B Luro y Carrillo,58,Mar del Plata,-57.5663445,-37.9884359,"Avenida Pedro Luro & Italia, Mar del Plata, Provincia de Buenos Aires, Argentina"
,512,B Luro y Carrillo,50,Mar del Plata,-57.5623817,-37.9904422,"Avenida Pedro Luro & San Juan, Mar del Plata, Provincia de Buenos Aires, Argentina"
,512,B Luro y Carrillo,11,Mar del Plata,-57.5573939,-37.9929584,"Avenida Pedro Luro & 14 de Julio, Mar del Plata, Provincia de Buenos Aires, Argentina"
,512,B Luro y Carrillo,59,Mar del Plata,-57.5533841,-37.9949944,"Avenida Pedro Luro & Salta, Mar del Plata, Provincia de Buenos Aires, Argentina"
,512,B Luro y Carrillo,596,Mar del Plata,-57.5522649,-37.9955452,"Avenida Independencia & Avenida Pedro Luro, Mar del Plata, Provincia de Buenos Aires, Argentina"
,512,B Luro y Carrillo,56,Mar del Plata,-57.5512087,-37.9960776,"Avenida Pedro Luro & Catamarca, Mar del Plata, Provincia de Buenos Aires, Argentina"
,512,B Luro y Carrillo,57,Mar del Plata,-57.5491867,-37.9970932,"Avenida Pedro Luro & Hipólito Yrigoyen, Mar del Plata, Provincia de Buenos Aires, Argentina"
,512,B Luro y Carrillo,85,Mar del Plata,-57.5470348,-37.9978925,"Diagonal Alberdi Sur & San Luis, Mar del Plata, Provincia de Buenos Aires, Argentina"
,512,B Luro y Carrillo,436,Mar del Plata,-57.5462189,-37.9986082,"Avenida Pedro Luro & Córdoba, Mar del Plata, Provincia de Buenos Aires, Argentina"
,512,B Luro y Carrillo,705,Mar del Plata,-57.5415961,-38.0009489,"Avenida Pedro Luro & Buenos Aires, Mar del Plata, Provincia de Buenos Aires, Argentina"
,512,B Luro y Carrillo,80,Mar del Plata,-57.5431804,-38.0035742,"Buenos Aires 1900, Mar del Plata, Provincia de Buenos Aires, Argentina"
,,,,,,,
,,,,,,,
,,,,,,,
534,512,B Luro y Carrillo,22,Mar del Plata,-57.5984115,-37.9790964,"Avenida Colon y Avenida Doctor Arturo Alió, Mar del Plata, Provincia de Buenos Aires, Argentina"
535,512,B Luro y Carrillo,129,Mar del Plata,-57.6003789,-37.9814854,"Gascón & Avenida Doctor Arturo Alió, Mar del Plata, Provincia de Buenos Aires, Argentina"
536,512,B Luro y Carrillo,231,Mar del Plata,-57.6022941,-37.9838523,"Avenida Doctor Arturo Alió & Garay, Mar del Plata, Provincia de Buenos Aires, Argentina"
537,512,B Luro y Carrillo,16,Mar del Plata,-57.6035806,-37.9854445,"Avenida Doctor Arturo Alió & Alvarado, Mar del Plata, Provincia de Buenos Aires, Argentina"
538,512,B Luro y Carrillo,475,Mar del Plata,-57.6061479,-37.9885865,"Avenida Doctor Arturo Alió & Rodríguez Peña,, Mar del Plata, Provincia de Buenos Aires, Argentina"
539,512,B Luro y Carrillo,123,Mar del Plata,-57.6081559,-37.9910767,"Avenida Juan B. Justo & Avenida Doctor Arturo Alió, Mar del Plata, Provincia de Buenos Aires, Argentina"
540,512,B Luro y Carrillo,47,Mar del Plata,-57.6028352,-37.9950965,"Avenida Juan B. Justo & Fernández J. N. , Mar del Plata, Provincia de Buenos Aires, Argentina"
541,512,B Luro y Carrillo,122,Mar del Plata,-57.5979268,-37.9993052,"Avenida Centenario, Mar del Plata, Provincia de Buenos Aires, Argentina"
542,512,B Luro y Carrillo,586,Mar del Plata,-57.5843333,-37.9827538,"Avenida M. Champagnat & Belgrano, Mar del Plata, Provincia de Buenos Aires, Argentina"
543,512,B Luro y Carrillo,706,Mar del Plata,-57.5822796,-37.9804268,"Champagnat 1564, Mar del Plata, Provincia de Buenos Aires, Argentina"
544,512,B Luro y Carrillo,55,Mar del Plata,-57.5784575,-37.9822802,"Avenida Pedro Luro & Teodoro Bronzini, Mar del Plata, Provincia de Buenos Aires, Argentina"
545,512,B Luro y Carrillo,809,Mar del Plata,-57.5754804,-37.9838062,"Avenida Pedro Luro & México, Mar del Plata, Provincia de Buenos Aires, Argentina"
546,512,B Luro y Carrillo,707,Mar del Plata,-57.5705099,-37.9863535,"Avenida Pedro Luro & Avenida Juan Héctor Jara, Mar del Plata, Provincia de Buenos Aires, Argentina"
547,512,B Luro y Carrillo,58,Mar del Plata,-57.5663445,-37.9884359,"Avenida Pedro Luro & Italia, Mar del Plata, Provincia de Buenos Aires, Argentina"
548,512,B Luro y Carrillo,50,Mar del Plata,-57.5623817,-37.9904422,"Avenida Pedro Luro & San Juan, Mar del Plata, Provincia de Buenos Aires, Argentina"
549,512,B Luro y Carrillo,11,Mar del Plata,-57.5573939,-37.9929584,"Avenida Pedro Luro & 14 de Julio, Mar del Plata, Provincia de Buenos Aires, Argentina"
550,512,B Luro y Carrillo,59,Mar del Plata,-57.5533841,-37.9949944,"Avenida Pedro Luro & Salta, Mar del Plata, Provincia de Buenos Aires, Argentina"
551,512,B Luro y Carrillo,596,Mar del Plata,-57.5522649,-37.9955452,"Avenida Independencia & Avenida Pedro Luro, Mar del Plata, Provincia de Buenos Aires, Argentina"
552,512,B Luro y Carrillo,56,Mar del Plata,-57.5512087,-37.9960776,"Avenida Pedro Luro & Catamarca, Mar del Plata, Provincia de Buenos Aires, Argentina"
553,512,B Luro y Carrillo,57,Mar del Plata,-57.5491867,-37.9970932,"Avenida Pedro Luro & Hipólito Yrigoyen, Mar del Plata, Provincia de Buenos Aires, Argentina"
554,512,B Luro y Carrillo,85,Mar del Plata,-57.5470348,-37.9978925,"Diagonal Alberdi Sur & San Luis, Mar del Plata, Provincia de Buenos Aires, Argentina"
555,512,B Luro y Carrillo,436,Mar del Plata,-57.5462189,-37.9986082,"Avenida Pedro Luro & Córdoba, Mar del Plata, Provincia de Buenos Aires, Argentina"
556,512,B Luro y Carrillo,705,Mar del Plata,-57.5415961,-38.0009489,"Avenida Pedro Luro & Buenos Aires, Mar del Plata, Provincia de Buenos Aires, Argentina"
557,512,B Luro y Carrillo,80,Mar del Plata,-57.5431804,-38.0035742,"Buenos Aires 1900, Mar del Plata, Provincia de Buenos Aires, Argentina"
558,512,B Luro y Carrillo,571,Mar del Plata,-57.5477932,-38.0092309,"Alberti & Buenos Aires, Mar del Plata, Provincia de Buenos Aires, Argentina"
559,512,B Luro y Carrillo,570,Mar del Plata,-57.5457799,-38.0102407,"Alberti & Arenales, Mar del Plata, Provincia de Buenos Aires, Argentina"
560,512,B Luro y Carrillo,457,Mar del Plata,-57.5450599,-38.0128302,"Garay & Las Heras, Mar del Plata, Provincia de Buenos Aires, Argentina"
561,512,GARAY Y SAR.,328,Mar del Plata,-57.5914817,-37.9758084,"Avenida Pedro Luro & Remedios de Escalada, Mar del Plata, Provincia de Buenos Aires, Argentina"
562,512,GARAY Y SAR.,344,Mar del Plata,-57.590468,-37.9763188,"Avenida Pedro Luro & Estado de Israel, Mar del Plata, Provincia de Buenos Aires, Argentina"
563,512,GARAY Y SAR.,60,Mar del Plata,-57.5863716,-37.9781823,"Avenida Pedro Luro & Tres Arroyos, Mar del Plata, Provincia de Buenos Aires, Argentina"
564,512,GARAY Y SAR.,706,Mar del Plata,-57.5822796,-37.9804268,"Champagnat 1564, Mar del Plata, Provincia de Buenos Aires, Argentina"
565,522,FARO,239,Mar del Plata,-57.5475737,-38.0936136,"Rotonda del Faro. Plazoleta Castilla y León, Mar del Plata, Provincia de Buenos Aires, Argentina"
566,522,FARO,273,Mar del Plata,-57.5496172,-38.0772836,"Avenida Mario Bravo & Vélez Sársfield, Mar del Plata, Provincia de Buenos Aires, Argentina"
567,522,FARO,271,Mar del Plata,-57.5589575,-38.0697637,"Vergara 3199, Mar del Plata, Provincia de Buenos Aires, Argentina"
568,522,FARO,269,Mar del Plata,-57.562523,-38.0670864,"Avenida Mario Bravo & Piedrabuena, Mar del Plata, Provincia de Buenos Aires, Argentina"
569,522,FARO,272,Mar del Plata,-57.5658831,-38.06458,"Avenida Mario Bravo & Albert Einstein, Mar del Plata, Provincia de Buenos Aires, Argentina"
570,522,FARO,244,Mar del Plata,-57.5712209,-38.0605842,"Avenida Mario Bravo & Avenida Edison, Mar del Plata, Provincia de Buenos Aires, Argentina"
571,522,FARO,284,Mar del Plata,-57.5663443,-38.0565681,"Avenida Edison & Calabria, Mar del Plata, Provincia de Buenos Aires, Argentina"
572,522,FARO,279,Mar del Plata,-57.5613839,-38.0524728,"Avenida Edison & Avenida Fortunato de la Plaza, Mar del Plata, Provincia de Buenos Aires, Argentina"
573,522,FARO,285,Mar del Plata,-57.558046,-38.0496882,"Avenida Edison & Tripulantes del Fournier, Mar del Plata, Provincia de Buenos Aires, Argentina"
574,522,FARO,75,Mar del Plata,-57.554795,-38.0469699,"Avenida Edison & Avenida Vertiz, Mar del Plata, Provincia de Buenos Aires, Argentina"
575,522,FARO,286,Mar del Plata,-57.55148,-38.0443042,"Avenida Edison & Ortiz de Zárate, Mar del Plata, Provincia de Buenos Aires, Argentina"
576,522,FARO,357,Mar del Plata,-57.5534127,-38.0389714,"Magallanes 4000, Mar del Plata, Provincia de Buenos Aires, Argentina"
577,522,FARO,555,Mar del Plata,-57.5503219,-38.0123911,"Buenos Aires & Alvarado, Mar del Plata, Provincia de Buenos Aires, Argentina"
578,522,FARO,571,Mar del Plata,-57.5477932,-38.0092309,"Alberti & Buenos Aires, Mar del Plata, Provincia de Buenos Aires, Argentina"
579,522,FARO,80,Mar del Plata,-57.5431804,-38.0035742,"Buenos Aires 1900, Mar del Plata, Provincia de Buenos Aires, Argentina"
580,522,FARO,705,Mar del Plata,-57.5415961,-38.0009489,"Avenida Pedro Luro & Buenos Aires, Mar del Plata, Provincia de Buenos Aires, Argentina"
581,522,FARO,85,Mar del Plata,-57.5470348,-37.9978925,"Diagonal Alberdi Sur & San Luis, Mar del Plata, Provincia de Buenos Aires, Argentina"
582,522,FARO,57,Mar del Plata,-57.5491867,-37.9970932,"Avenida Pedro Luro & Hipólito Yrigoyen, Mar del Plata, Provincia de Buenos Aires, Argentina"
583,522,FARO,56,Mar del Plata,-57.5512087,-37.9960776,"Avenida Pedro Luro & Catamarca, Mar del Plata, Provincia de Buenos Aires, Argentina"
584,522,FARO,596,Mar del Plata,-57.5522649,-37.9955452,"Avenida Independencia & Avenida Pedro Luro, Mar del Plata, Provincia de Buenos Aires, Argentina"
585,522,FARO,59,Mar del Plata,-57.5533841,-37.9949944,"Avenida Pedro Luro & Salta, Mar del Plata, Provincia de Buenos Aires, Argentina"
586,522,FARO,11,Mar del Plata,-57.5573939,-37.9929584,"Avenida Pedro Luro & 14 de Julio, Mar del Plata, Provincia de Buenos Aires, Argentina"
587,522,FARO,3,Mar del Plata,-57.5610421,-37.9887983,"San Juan & 9 de Julio,  Mar del Plata, Provincia de Buenos Aires, Argentina"
588,522,FARO,125,Mar del Plata,-57.5792254,-37.9748161,"Libertad y champagnat, Mar del Plata, Provincia de Buenos Aires, Argentina"
589,522,FARO,140,Mar del Plata,-57.588819,-37.972516,"11 de Septiembre & Remedios de Escalada, Mar del Plata, Provincia de Buenos Aires, Argentina"
590,522,FARO,48,Mar del Plata,-57.603612,-37.9627339,"Avenida Libertad & Brasil, Mar del Plata, Provincia de Buenos Aires, Argentina"
591,511,ACANTILADOS,394,Mar del Plata,-57.6218542,-38.111258,"Avenida Jorge Newbery & Calle 515, Mar del Plata, Provincia de Buenos Aires, Argentina"
592,511,ACANTILADOS,492,Mar del Plata,-57.5839977,-38.111384,"Ruta Provincial 11 & Calle 461, Mar del Plata, Provincia de Buenos Aires, Argentina"
593,511,ALFAR,275,Mar del Plata,-57.5651871,-38.0905627,"Diagonal Estados Unidos Norte & De la Maza, Mar del Plata, Provincia de Buenos Aires, Argentina"
594,511,ALFAR,239,Mar del Plata,-57.5475737,-38.0936136,"Rotonda del Faro. Plazoleta Castilla y León, Mar del Plata, Provincia de Buenos Aires, Argentina"
595,511,ALFAR,274,Mar del Plata,-57.5388552,-38.0815723,"Avenida de los Trabajadores & Racedo, Mar del Plata, Provincia de Buenos Aires, Argentina"
596,511,ALFAR,362,Mar del Plata,-57.5468741,-38.0733252,"Monseñor D Andrea & Avenida de los Trabajadores, Mar del Plata, Provincia de Buenos Aires, Argentina"
597,511,ALFAR,39,Mar del Plata,-57.5467061,-38.0634685,"Avenida de los Trabajadores & Avenida Fortunato de la Plaza, Mar del Plata, Provincia de Buenos Aires, Argentina"
598,511,ALFAR,497,Mar del Plata,-57.5451502,-38.0583449,"Avenida de los Trabajadores & Vergara, Mar del Plata, Provincia de Buenos Aires, Argentina"
599,511,ALFAR,277,Mar del Plata,-57.547044,-38.0538764,"Avenida de los Trabajadores & Avenida Vertiz, Mar del Plata, Provincia de Buenos Aires, Argentina"
600,511,ALFAR,207,Mar del Plata,-57.5448539,-38.0494026,"Avenida de los Trabajadores & Ortiz de Zárate, Mar del Plata, Provincia de Buenos Aires, Argentina"
601,511,ALFAR,61,Mar del Plata,-57.5440553,-38.044661,"Avenida de los Trabajadores & 12 de Octubre, Mar del Plata, Provincia de Buenos Aires, Argentina"
602,511,ALFAR,211,Mar del Plata,-57.5464008,-38.0442365,"Magallanes & Figueroa Alcorta, Mar del Plata, Provincia de Buenos Aires, Argentina"
603,511,ALFAR,708,Mar del Plata,-57.5423252,-38.040703,"Avenida de los Trabajadores & Avenida Juan B. Justo, Mar del Plata, Provincia de Buenos Aires, Argentina"
604,511,ALFAR,358,Mar del Plata,-57.5449921,-38.0388014,"Avenida Juan B. Justo & Avenida Edison, Mar del Plata, Provincia de Buenos Aires, Argentina"
605,511,ALFAR,369,Mar del Plata,-57.5429809,-38.0364073,"Leandro N. Alem & Martín Rodríguez, Mar del Plata, Provincia de Buenos Aires, Argentina"
606,511,ALFAR,371,Mar del Plata,-57.5389864,-38.0315096,"Avenida Juan José Paso & Leandro N. Alem, Mar del Plata, Provincia de Buenos Aires, Argentina"
607,511,ALFAR,384,Mar del Plata,-57.5417264,-38.027871,"Almafuerte & General Paz, Mar del Plata, Provincia de Buenos Aires, Argentina"
608,511,ALFAR,383,Mar del Plata,-57.5517167,-38.022817,"Sarmiento & Almafuerte, Mar del Plata, Provincia de Buenos Aires, Argentina"
609,511,ALFAR,549,Mar del Plata,-57.5478822,-38.018079,"Rodríguez Peña & Sarmiento, Mar del Plata, Provincia de Buenos Aires, Argentina"
610,511,ALFAR,580,Mar del Plata,-57.544613,-38.017509,"Olavarría & San Lorenzo, Mar del Plata, Provincia de Buenos Aires, Argentina"
611,511,ALFAR,551,Mar del Plata,-57.5424318,-38.013034,"Alsina & Rawson, Mar del Plata, Provincia de Buenos Aires, Argentina"
612,511,ALFAR,456,Mar del Plata,-57.5427843,-38.011749,"Alberti & Sarmiento, Mar del Plata, Provincia de Buenos Aires, Argentina"
613,511,ALFAR,570,Mar del Plata,-57.5457799,-38.0102407,"Alberti & Arenales, Mar del Plata, Provincia de Buenos Aires, Argentina"
614,511,ALFAR,571,Mar del Plata,-57.5477932,-38.0092309,"Alberti & Buenos Aires, Mar del Plata, Provincia de Buenos Aires, Argentina"
615,511,ALFAR,80,Mar del Plata,-57.5431804,-38.0035742,"Buenos Aires 1900, Mar del Plata, Provincia de Buenos Aires, Argentina"
616,511,ALFAR,705,Mar del Plata,-57.5415961,-38.0009489,"Avenida Pedro Luro & Buenos Aires, Mar del Plata, Provincia de Buenos Aires, Argentina"
617,511,ALFAR,436,Mar del Plata,-57.5462189,-37.9986082,"Avenida Pedro Luro & Córdoba, Mar del Plata, Provincia de Buenos Aires, Argentina"
618,511,ALFAR,57,Mar del Plata,-57.5491867,-37.9970932,"Avenida Pedro Luro & Hipólito Yrigoyen, Mar del Plata, Provincia de Buenos Aires, Argentina"
619,511,ALFAR,56,Mar del Plata,-57.5512087,-37.9960776,"Avenida Pedro Luro & Catamarca, Mar del Plata, Provincia de Buenos Aires, Argentina"
620,511,ALFAR,596,Mar del Plata,-57.5522649,-37.9955452,"Avenida Independencia & Avenida Pedro Luro, Mar del Plata, Provincia de Buenos Aires, Argentina"
621,511,ALFAR,59,Mar del Plata,-57.5533841,-37.9949944,"Avenida Pedro Luro & Salta, Mar del Plata, Provincia de Buenos Aires, Argentina"
622,511,ALFAR,11,Mar del Plata,-57.5573939,-37.9929584,"Avenida Pedro Luro & 14 de Julio, Mar del Plata, Provincia de Buenos Aires, Argentina"
623,511,ALFAR,50,Mar del Plata,-57.5623817,-37.9904422,"Avenida Pedro Luro & San Juan, Mar del Plata, Provincia de Buenos Aires, Argentina"
624,511,ALFAR,58,Mar del Plata,-57.5663445,-37.9884359,"Avenida Pedro Luro & Italia, Mar del Plata, Provincia de Buenos Aires, Argentina"
625,511,ALFAR,707,Mar del Plata,-57.5705099,-37.9863535,"Avenida Pedro Luro & Avenida Juan Héctor Jara, Mar del Plata, Provincia de Buenos Aires, Argentina"
626,511,ALFAR,809,Mar del Plata,-57.5754804,-37.9838062,"Avenida Pedro Luro & México, Mar del Plata, Provincia de Buenos Aires, Argentina"
627,511,ALFAR,55,Mar del Plata,-57.5784575,-37.9822802,"Avenida Pedro Luro & Teodoro Bronzini, Mar del Plata, Provincia de Buenos Aires, Argentina"
628,511,ALFAR,706,Mar del Plata,-57.5822796,-37.9804268,"Champagnat 1564, Mar del Plata, Provincia de Buenos Aires, Argentina"
629,511,ALFAR,60,Mar del Plata,-57.5863716,-37.9781823,"Avenida Pedro Luro & Tres Arroyos, Mar del Plata, Provincia de Buenos Aires, Argentina"
630,511,ALFAR,344,Mar del Plata,-57.590468,-37.9763188,"Avenida Pedro Luro & Estado de Israel, Mar del Plata, Provincia de Buenos Aires, Argentina"
631,511,ALFAR,328,Mar del Plata,-57.5914817,-37.9758084,"Avenida Pedro Luro & Remedios de Escalada, Mar del Plata, Provincia de Buenos Aires, Argentina"
632,511,ALFAR,54,Mar del Plata,-57.5943871,-37.9741178,"Avenida Pedro Luro & Avenida Doctor Arturo Alió, Mar del Plata, Provincia de Buenos Aires, Argentina"
633,511,ALFAR,159,Mar del Plata,-57.5996104,-37.9716862,"Avenida Pedro Luro & José María Calaza, Mar del Plata, Provincia de Buenos Aires, Argentina"
634,511,ALFAR,305,Mar del Plata,-57.6054788,-37.9685081,"Avenida Pedro Luro & Pigüé, Mar del Plata, Provincia de Buenos Aires, Argentina"
635,511,ALFAR,532,Mar del Plata,-57.6104459,-37.9659557,"Avenida Pedro Luro & Leguizamón Onésimo, Mar del Plata, Provincia de Buenos Aires, Argentina"
636,511,ALFAR,329,Mar del Plata,-57.6145542,-37.9641034,"Avenida Pedro Luro & Portugal, Mar del Plata, Provincia de Buenos Aires, Argentina"
637,511,ALFAR,531,Mar del Plata,-57.6215874,-37.9602937,"Avenida Pedro Luro & Ciudad de Rosario, Mar del Plata, Provincia de Buenos Aires, Argentina"
638,511,ALFAR,304,Mar del Plata,-57.6266578,-37.9579504,"Avenida Pedro Luro & Carrillo, Mar del Plata, Provincia de Buenos Aires, Argentina"
639,511,EDISON,209,Mar del Plata,-57.5758628,-38.0727135,"Avenida Jorge Newbery & Bahía Thetis, Mar del Plata, Provincia de Buenos Aires, Argentina"
640,511,EDISON,243,Mar del Plata,-57.5734051,-38.0688545,"Avenida Jorge Newbery & Fragata Sarmiento, Mar del Plata, Provincia de Buenos Aires, Argentina"
641,511,EDISON,244,Mar del Plata,-57.5712209,-38.0605842,"Avenida Mario Bravo & Avenida Edison, Mar del Plata, Provincia de Buenos Aires, Argentina"
642,511,EDISON,284,Mar del Plata,-57.5663443,-38.0565681,"Avenida Edison & Calabria, Mar del Plata, Provincia de Buenos Aires, Argentina"
643,511,EDISON,279,Mar del Plata,-57.5613839,-38.0524728,"Avenida Edison & Avenida Fortunato de la Plaza, Mar del Plata, Provincia de Buenos Aires, Argentina"
644,511,EDISON,285,Mar del Plata,-57.558046,-38.0496882,"Avenida Edison & Tripulantes del Fournier, Mar del Plata, Provincia de Buenos Aires, Argentina"
645,511,EDISON,75,Mar del Plata,-57.554795,-38.0469699,"Avenida Edison & Avenida Vertiz, Mar del Plata, Provincia de Buenos Aires, Argentina"
646,511,EDISON,286,Mar del Plata,-57.55148,-38.0443042,"Avenida Edison & Ortiz de Zárate, Mar del Plata, Provincia de Buenos Aires, Argentina"
647,511,EDISON,33,Mar del Plata,-57.5482786,-38.0415439,"Avenida Edison & 12 de Octubre, Mar del Plata, Provincia de Buenos Aires, Argentina"
648,511,EDISON,358,Mar del Plata,-57.5449921,-38.0388014,"Avenida Juan B. Justo & Avenida Edison, Mar del Plata, Provincia de Buenos Aires, Argentina"
649,511,CHAPADMALAL,223,Mar del Plata,-57.6021868,-38.1263208,"Ruta Provincial 11 & Calle 515, Mar del Plata, Provincia de Buenos Aires, Argentina"
650,511,CHAPADMALAL,206,Mar del Plata,-57.5974,-38.12185,"Ruta Provincial 11 & Calle 495 , Acantilados, Mar del Plata, Provincia de Buenos Aires, Argetina"
651,511,CHAPADMALAL,492,Mar del Plata,-57.5839977,-38.111384,"Ruta Provincial 11 & Calle 461, Mar del Plata, Provincia de Buenos Aires, Argentina"
652,511,CHAPADMALAL,487,Mar del Plata,-57.5768095,-38.1087405,"Ruta Provincial 11 & Calle 445, Mar del Plata, Provincia de Buenos Aires, Argentina"
653,511,CHAPADMALAL,364,Mar del Plata,-57.5698726,-38.1050888,"Ruta Provincial 11 & Calle 431 San Jacinto, Mar del Plata, Provincia de Buenos Aires, Argentina"
654,511,CHAPADMALAL,493,Mar del Plata,-57.5584912,-38.0990638,"Diagonal Centro, Mar del Plata, Provincia de Buenos Aires, Argentina"
655,543,CONSTITUCIÓN,123,Mar del Plata,-57.6081559,-37.9910767,"Avenida Juan B. Justo & Avenida Doctor Arturo Alió, Mar del Plata, Provincia de Buenos Aires, Argentina"
656,543,CONSTITUCIÓN,47,Mar del Plata,-57.6028352,-37.9950965,"Avenida Juan B. Justo & Fernández J. N. , Mar del Plata, Provincia de Buenos Aires, Argentina"
657,543,CONSTITUCIÓN,116,Mar del Plata,-57.6004918,-38.002141,"Ruta Provincial 88 & 12 de Octubre, Mar del Plata, Provincia de Buenos Aires, Argentina"
658,543,CONSTITUCIÓN,469,Mar del Plata,-57.5957701,-38.0057194,"Reforma Universitaria & 12 de Octubre, Mar del Plata, Provincia de Buenos Aires, Argentina"
659,543,CONSTITUCIÓN,468,Mar del Plata,-57.5904583,-38.009728,"Avenida Polonia & 12 de Octubre, Mar del Plata, Provincia de Buenos Aires, Argentina"
660,543,CONSTITUCIÓN,406,Mar del Plata,-57.592101,-38.0110968,"Avenida Polonia & Ayolas, Mar del Plata, Provincia de Buenos Aires, Argentina"
661,543,CONSTITUCIÓN,405,Mar del Plata,-57.596984,-38.0151274,"Avenida Polonia & Avenida Vertiz, Mar del Plata, Provincia de Buenos Aires, Argentina"
662,543,CONSTITUCIÓN,466,Mar del Plata,-57.5866264,-38.0126173,"12 de Octubre & Intendente Camusso, Mar del Plata, Provincia de Buenos Aires, Argentina"
663,543,CONSTITUCIÓN,95,Mar del Plata,-57.5805489,-38.0060207,"Italia & Matheu, Mar del Plata, Provincia de Buenos Aires, Argentina"
664,543,CONSTITUCIÓN,422,Mar del Plata,-57.576591,-38.0080479,"San Juan & Matheu, Mar del Plata, Provincia de Buenos Aires, Argentina"
665,543,CONSTITUCIÓN,560,Mar del Plata,-57.5735691,-38.0095433,"Tomás Guido & Matheu, Mar del Plata, Provincia de Buenos Aires, Argentina"
666,543,CONSTITUCIÓN,477,Mar del Plata,-57.5613468,-38.0067858,"Avenida Independencia & Alvarado, Mar del Plata, Provincia de Buenos Aires, Argentina"
667,543,CONSTITUCIÓN,556,Mar del Plata,-57.5583275,-38.0083689,"Hipólito Yrigoyen & Alvarado, Mar del Plata, Provincia de Buenos Aires, Argentina"
668,543,CONSTITUCIÓN,9,Mar del Plata,-57.5533191,-38.0108378,"Alvarado & Santa Fe, Mar del Plata, Provincia de Buenos Aires, Argentina"
669,543,CONSTITUCIÓN,571,Mar del Plata,-57.5477932,-38.0092309,"Alberti & Buenos Aires, Mar del Plata, Provincia de Buenos Aires, Argentina"
670,543,CONSTITUCIÓN,570,Mar del Plata,-57.5457799,-38.0102407,"Alberti & Arenales, Mar del Plata, Provincia de Buenos Aires, Argentina"
671,543,CONSTITUCIÓN,456,Mar del Plata,-57.5427843,-38.0117488,"Alberti & Sarmiento, Mar del Plata, Provincia de Buenos Aires, Argentina"
672,543,CONSTITUCIÓN,203,Mar del Plata,-57.5401737,-38.0084995,"Avenida Colon y Sarmiento, Mar del Plata, Provincia de Buenos Aires, Argentina"
673,543,CONSTITUCIÓN,108,Mar del Plata,-57.5423229,-38.0058564,"Avenida Patricio Peralta Ramos & Arenales, Mar del Plata, Provincia de Buenos Aires, Argentina"
674,543,CONSTITUCIÓN,705,Mar del Plata,-57.5415961,-38.0009489,"Avenida Pedro Luro & Buenos Aires, Mar del Plata, Provincia de Buenos Aires, Argentina"
675,543,CONSTITUCIÓN,438,Mar del Plata,-57.5424627,-37.9991601,"Diagonal Alberdi Sur & Corrientes, Mar del Plata, Provincia de Buenos Aires, Argentina"
676,543,CONSTITUCIÓN,85,Mar del Plata,-57.5470348,-37.9978925,"Diagonal Alberdi Sur & San Luis, Mar del Plata, Provincia de Buenos Aires, Argentina"
677,543,CONSTITUCIÓN,57,Mar del Plata,-57.5491867,-37.9970932,"Avenida Pedro Luro & Hipólito Yrigoyen, Mar del Plata, Provincia de Buenos Aires, Argentina"
678,543,CONSTITUCIÓN,56,Mar del Plata,-57.5491867,-37.9970932,"Avenida Pedro Luro & Hipólito Yrigoyen, Mar del Plata, Provincia de Buenos Aires, Argentina"
679,543,CONSTITUCIÓN,596,Mar del Plata,-57.5522649,-37.9955452,"Avenida Independencia & Avenida Pedro Luro, Mar del Plata, Provincia de Buenos Aires, Argentina"
680,543,CONSTITUCIÓN,59,Mar del Plata,-57.5533841,-37.9949944,"Avenida Pedro Luro & Salta, Mar del Plata, Provincia de Buenos Aires, Argentina"
681,543,CONSTITUCIÓN,508,Mar del Plata,-57.5504221,-37.9896194,"Avenida Libertad & Jujuy, Mar del Plata, Provincia de Buenos Aires, Argentina"
682,543,CONSTITUCIÓN,813,Mar del Plata,-57.5491083,-37.9879564,"Jujuy & Chacabuco, Mar del Plata, Provincia de Buenos Aires, Argentina"
683,543,CONSTITUCIÓN,449,Mar del Plata,-57.557689,-37.9635162,"Avenida Constitución & Marcos Sastre, Mar del Plata, Provincia de Buenos Aires, Argentina"
684,543,CONSTITUCIÓN,453,Mar del Plata,-57.5537985,-37.9586803,"Marcos Sastre & Joaquina Acevedo, Mar del Plata, Provincia de Buenos Aires, Argentina"
685,543,CONSTITUCIÓN,502,Mar del Plata,-57.5597628,-37.9556775,"Joaquina Acevedo & Daireaux, Mar del Plata, Provincia de Buenos Aires, Argentina"
686,543,CONSTITUCIÓN,451,Mar del Plata,-57.5657246,-37.952635,"Montes Carballo & Joaquina Acevedo, Mar del Plata, Provincia de Buenos Aires, Argentina"
687,543,CONSTITUCIÓN,345,Mar del Plata,-57.5749993,-37.9501768,"Avenida Della Paolera & Mariani, Mar del Plata, Provincia de Buenos Aires, Argentina"
688,543,CONSTITUCIÓN,346,Mar del Plata,-57.5827558,-37.946395,"Mariani y Monsenior Zaballa, Mar del Plata, Provincia de Buenos Aires, Argentina"
689,543,CONSTITUCIÓN,684,Mar del Plata,-57.5863428,-37.9339278,"Ruta 2 y Rotonda Aeropuerto, Mar del Plata, Provincia de Buenos Aires, Argentina"
690,581,,239,Mar del Plata,-57.5475737,-38.0936136,"Rotonda del Faro. Plazoleta Castilla y León, Mar del Plata, Provincia de Buenos Aires, Argentina"
691,581,,274,Mar del Plata,-57.5388552,-38.0815723,"Avenida de los Trabajadores & Racedo, Mar del Plata, Provincia de Buenos Aires, Argentina"
692,581,,362,Mar del Plata,-57.5468741,-38.0733252,"Monseñor D Andrea & Avenida de los Trabajadores, Mar del Plata, Provincia de Buenos Aires, Argentina"
693,581,,39,Mar del Plata,-57.5467061,-38.0634685,"Avenida de los Trabajadores & Avenida Fortunato de la Plaza, Mar del Plata, Provincia de Buenos Aires, Argentina"
694,581,,497,Mar del Plata,-57.5451502,-38.0583449,"Avenida de los Trabajadores & Vergara, Mar del Plata, Provincia de Buenos Aires, Argentina"
695,581,,277,Mar del Plata,-57.547044,-38.0538764,"Avenida de los Trabajadores & Avenida Vertiz, Mar del Plata, Provincia de Buenos Aires, Argentina"
696,581,,61,Mar del Plata,-57.5440553,-38.044661,"Avenida de los Trabajadores & 12 de Octubre, Mar del Plata, Provincia de Buenos Aires, Argentina"
697,581,,708,Mar del Plata,-57.5423252,-38.0407029,"Avenida de los Trabajadores & Avenida Juan B. Justo, Mar del Plata, Provincia de Buenos Aires, Argentina"
698,581,,306,Mar del Plata,-57.5346001,-38.0298261,"Avenida Patricio Peralta Ramos & Formosa, Mar del Plata, Provincia de Buenos Aires, Argentina"
699,581,,308,Mar del Plata,-57.5310174,-38.0254904,"Avenida Patricio Peralta Ramos & General Roca, Mar del Plata, Provincia de Buenos Aires, Argentina"
700,581,,442,Mar del Plata,-57.5288615,-38.0245478,"Avellaneda 26 , Mar del Plata, Provincia de Buenos Aires, Argentina"
701,581,,381,Mar del Plata,-57.5255168,-38.0193099,"Cabo Corrientes Center, Mar del Plata, Provincia de Buenos Aires, Argentina"
702,581,,440,Mar del Plata,-57.5325835,-38.0127563,"Avenida Patricio Peralta Ramos, Mar del Plata, Provincia de Buenos Aires, Argentina"
703,581,,205,Mar del Plata,-57.5332108,-38.0086859,"Avenida Patricio Peralta Ramos & Viamonte, Mar del Plata, Provincia de Buenos Aires, Argentina"
704,581,,578,Mar del Plata,-57.5385752,-38.0082574,"Alsina 2100, Mar del Plata, Provincia de Buenos Aires, Argentina"
705,581,,108,Mar del Plata,-57.5423229,-38.0058564,"Avenida Patricio Peralta Ramos & Arenales, Mar del Plata, Provincia de Buenos Aires, Argentina"
706,581,,705,Mar del Plata,-57.5415961,-38.0009489,"Avenida Pedro Luro & Buenos Aires, Mar del Plata, Provincia de Buenos Aires, Argentina"
707,581,,448,Mar del Plata,-57.5769418,-37.9944888,"Avenida Juan Héctor Jara & Alberti, Mar del Plata, Provincia de Buenos Aires, Argentina"
708,581,,437,Mar del Plata,-57.5475205,-37.9967517,"25 de Mayo 2800, Mar del Plata, Provincia de Buenos Aires, Argentina"
709,581,,519,Mar del Plata,-57.5478602,-37.9954485,"Nueve de Julio y Hipólito Yrigoyen, Mar del Plata, Provincia de Buenos Aires, Argentina"
710,581,,443,Mar del Plata,-57.5452828,-37.9922084,"Avenida Libertad & Avenida Patricio Peralta Ramos, Mar del Plata, Provincia de Buenos Aires, Argentina"
711,581,,804,Mar del Plata,-57.5452102,-37.9899409,"Avenida Patricio Peralta Ramos & Chacabuco, Mar del Plata, Provincia de Buenos Aires, Argentina"
712,581,,41,Mar del Plata,-57.5450508,-37.9866704,"Avenida Independencia & Necochea, Mar del Plata, Provincia de Buenos Aires, Argentina"
713,581,,262,Mar del Plata,-57.5443845,-37.9813924,"Avenida Félix U. Camet & Río Negro, Mar del Plata, Provincia de Buenos Aires, Argentina"
714,581,,587,Mar del Plata,-57.5432396,-37.975338,"Avenida Félix U. Camet & Florisbelo Acosta, Mar del Plata, Provincia de Buenos Aires, Argentina"
715,581,,29,Mar del Plata,-57.543546,-37.9701501,"Constitucion y la Costa, Mar del Plata, Provincia de Buenos Aires, Argentina"
716,581,,251,Mar del Plata,-57.5406799,-37.9630928,"Avenida Félix U. Camet & Pascuala Mugaburu, Mar del Plata, Provincia de Buenos Aires, Argentina"
717,581,,498,Mar del Plata,-57.5372696,-37.95364,"Avenida Félix U. Camet & Lucio Mansilla, Mar del Plata, Provincia de Buenos Aires, Argentina"
718,581,,499,Mar del Plata,-57.5352097,-37.9469528,"Avenida Félix U. Camet & Avenida Fray Luis Beltrán, Mar del Plata, Provincia de Buenos Aires, Argentina"
719,581,,217,Mar del Plata,-57.5394133,-37.9448181,"Avenida Fray Luis Beltrán & Belisario Roldán, Mar del Plata, Provincia de Buenos Aires, Argentina"
720,581,,501,Mar del Plata,-57.5458627,-37.9398081,"Avenida Fray Luis Beltrán & E. Calabrese, Mar del Plata, Provincia de Buenos Aires, Argentina"
721,581,,593,Mar del Plata,-57.5496941,-37.9368941,"Mahatma Ghandi & Avenida Fray Luis Beltrán, Mar del Plata, Provincia de Buenos Aires, Argentina"
722,581,,249,Mar del Plata,-57.5454262,-37.9261278,"Kraglievich & Los Granados, Mar del Plata, Provincia de Buenos Aires, Argentina"
723,581,,250,Mar del Plata,-57.5427289,-37.9238923,"Calle Scaglia & Los Granados, Mar del Plata, Provincia de Buenos Aires, Argentina"
724,591,,578,Mar del Plata,-57.5385752,-38.0082574,"Alsina 2100, Mar del Plata, Provincia de Buenos Aires, Argentina"
725,591,,323,Mar del Plata,-57.6198932,-38.0174776,"Avenida Victorio Tetamanti & Gutemberg, Mar del Plata, Provincia de Buenos Aires, Argentina"
726,591,,402,Mar del Plata,-57.6164343,-38.0187914,"Calabria & Intendente Andrés Mac Gaul, Mar del Plata, Provincia de Buenos Aires, Argentina"
727,591,,216,Mar del Plata,-57.6130298,-38.0213593,"Calabria & B. Goñi, Mar del Plata, Provincia de Buenos Aires, Argentina"
728,591,,403,Mar del Plata,-57.6096796,-38.0213079,"Genova e Inda, Mar del Plata, Provincia de Buenos Aires, Argentina"
729,591,,404,Mar del Plata,-57.6069329,-38.0233755,"Avenida Polonia & Genova, Mar del Plata, Provincia de Buenos Aires, Argentina"
730,591,,416,Mar del Plata,-57.5996724,-38.0288531,"Genova & Pehuajó, Mar del Plata, Provincia de Buenos Aires, Argentina"
731,591,,417,Mar del Plata,-57.5963607,-38.0313601,"Genova & Calle Friuli, Mar del Plata, Provincia de Buenos Aires, Argentina"
732,591,,79,Mar del Plata,-57.5876566,-38.0325768,"Avenida Jacinto Peralta Ramos & Avenida Fortunato de la Plaza, Mar del Plata, Provincia de Buenos Aires, Argentina"
733,591,,390,Mar del Plata,-57.5810893,-38.0271502,"Avenida Jacinto Peralta Ramos & Avenida Vertiz, Mar del Plata, Provincia de Buenos Aires, Argentina"
734,591,,389,Mar del Plata,-57.5761876,-38.023073,"Avenida Jacinto Peralta Ramos & Ayolas, Mar del Plata, Provincia de Buenos Aires, Argentina"
735,591,,702,Mar del Plata,-57.5711611,-38.0188999,"Avenida Juan B. Justo & Avenida Independencia, Mar del Plata, Provincia de Buenos Aires, Argentina"
736,591,,67,Mar del Plata,-57.5690794,-38.0163618,"Avenida Independencia & Avenida Juan José Paso, Mar del Plata, Provincia de Buenos Aires, Argentina"
737,591,,479,Mar del Plata,-57.5665124,-38.0131404,"Avenida Independencia & Matheu, Mar del Plata, Provincia de Buenos Aires, Argentina"
738,591,,476,Mar del Plata,-57.5639469,-38.0099586,"Avenida Independencia & Rodríguez Peña, Mar del Plata, Provincia de Buenos Aires, Argentina"
739,591,,477,Mar del Plata,-57.5613468,-38.0067858,"Avenida Independencia & Alvarado, Mar del Plata, Provincia de Buenos Aires, Argentina"
740,591,,478,Mar del Plata,-57.5588173,-38.0036344,"Avenida Independencia & Alberti, Mar del Plata, Provincia de Buenos Aires, Argentina"
741,591,,700,Mar del Plata,-57.5562156,-38.0003923,"Avenida Colon y Avenida Independencia, Mar del Plata, Provincia de Buenos Aires, Argentina"
742,591,,581,Mar del Plata,-57.5542638,-37.9979617,"Avenida Independencia & Belgrano, Mar del Plata, Provincia de Buenos Aires, Argentina"
743,591,,596,Mar del Plata,-57.5522649,-37.9955452,"Avenida Independencia & Avenida Pedro Luro, Mar del Plata, Provincia de Buenos Aires, Argentina"
744,591,,56,Mar del Plata,-57.5512087,-37.9960776,"Avenida Pedro Luro & Catamarca, Mar del Plata, Provincia de Buenos Aires, Argentina"
745,591,,57,Mar del Plata,-57.5491867,-37.9970932,"Avenida Pedro Luro & Hipólito Yrigoyen, Mar del Plata, Provincia de Buenos Aires, Argentina"
746,591,,85,Mar del Plata,-57.5470348,-37.9978925,"Diagonal Alberdi Sur & San Luis, Mar del Plata, Provincia de Buenos Aires, Argentina"
747,591,,436,Mar del Plata,-57.5462189,-37.9986082,"Avenida Pedro Luro & Córdoba, Mar del Plata, Provincia de Buenos Aires, Argentina"
748,591,,705,Mar del Plata,-57.5415961,-38.0009489,"Avenida Pedro Luro & Buenos Aires, Mar del Plata, Provincia de Buenos Aires, Argentina"
749,591,,80,Mar del Plata,-57.5431804,-38.0035742,"Buenos Aires 1900, Mar del Plata, Provincia de Buenos Aires, Argentina"
750,591,,103,Mar del Plata,-57.5441499,-38.0064477,"Avenida Colon y Tucuman, Mar del Plata, Provincia de Buenos Aires, Argentina"
751,591,,456,Mar del Plata,-57.5427843,-38.0117488,"Alberti & Sarmiento, Mar del Plata, Provincia de Buenos Aires, Argentina"
752,591,,551,Mar del Plata,-57.5424318,-38.0130341,"Alsina & Rawson, Mar del Plata, Provincia de Buenos Aires, Argentina"
753,591,,373,Mar del Plata,-57.5460357,-38.0314486,"Azcuénaga & General Rivas, Mar del Plata, Provincia de Buenos Aires, Argentina"
754,593,,392,Mar del Plata,-57.5970282,-38.0448893,"Avenida Antártida Argentina & Calle Manrique, Mar del Plata, Provincia de Buenos Aires, Argentina"
755,593,,62,Mar del Plata,-57.5947315,-38.0429631,"Avenida Mario Bravo & Avenida Antártida Argentina, Mar del Plata, Provincia de Buenos Aires, Argentina"
756,593,,295,Mar del Plata,-57.5929752,-38.0391016,"Avenida Antártida Argentina & William Morris, Mar del Plata, Provincia de Buenos Aires, Argentina"
757,593,,296,Mar del Plata,-57.5910995,-38.0354063,"Genova 6491, Mar del Plata, Provincia de Buenos Aires, Argentina"
758,593,,79,Mar del Plata,-57.5876566,-38.0325768,"Avenida Jacinto Peralta Ramos & Avenida Fortunato de la Plaza, Mar del Plata, Provincia de Buenos Aires, Argentina"
759,593,,91,Mar del Plata,-57.5928098,-38.0340492,"Genova & González Chávez, Mar del Plata, Provincia de Buenos Aires, Argentina"
760,593,,417,Mar del Plata,-57.5963607,-38.0313601,"Genova & Calle Friuli, Mar del Plata, Provincia de Buenos Aires, Argentina"
761,593,,416,Mar del Plata,-57.5996724,-38.0288531,"Genova & Pehuajó, Mar del Plata, Provincia de Buenos Aires, Argentina"
762,593,,404,Mar del Plata,-57.6069329,-38.0233755,"Avenida Polonia & Genova, Mar del Plata, Provincia de Buenos Aires, Argentina"
763,593,,403,Mar del Plata,-57.6096796,-38.0213079,"Genova e Inda, Mar del Plata, Provincia de Buenos Aires, Argentina"
764,593,,216,Mar del Plata,-57.6130298,-38.0213593,"Calabria & B. Goñi, Mar del Plata, Provincia de Buenos Aires, Argentina"
765,593,,402,Mar del Plata,-57.6164343,-38.0187914,"Calabria & Intendente Andrés Mac Gaul, Mar del Plata, Provincia de Buenos Aires, Argentina"
766,593,,323,Mar del Plata,-57.6198932,-38.0174776,"Avenida Victorio Tetamanti & Gutemberg, Mar del Plata, Provincia de Buenos Aires, Argentina"
767,593,,155,Mar del Plata,-57.6207799,-38.0139099,"Juan D'Arienzo y Fresedo, Mar del Plata, Provincia de Buenos Aires, Argentina"
768,593,,226,Mar del Plata,-57.6138226,-38.0089183,"Avenida Presidente Perón & Soler, Mar del Plata, Provincia de Buenos Aires, Argentina"
769,593,,215,Mar del Plata,-57.6114098,-38.0081252,"Rosales 9800 , Mar del Plata, Provincia de Buenos Aires, Argentina"
770,593,,227,Mar del Plata,-57.6204576,-38.00129,"Avenida Carlos Gardel & Rosales, Mar del Plata, Provincia de Buenos Aires, Argentina"
771,593,,321,Mar del Plata,-57.6123229,-37.99449,"Avenida Carlos Gardel & Magallanes, Mar del Plata, Provincia de Buenos Aires, Argentina"
772,593,,123,Mar del Plata,-57.6081559,-37.9910767,"Avenida Juan B. Justo & Avenida Doctor Arturo Alió, Mar del Plata, Provincia de Buenos Aires, Argentina"
773,593,,47,Mar del Plata,-57.6028352,-37.9950965,"Avenida Juan B. Justo & Fernández J. N. , Mar del Plata, Provincia de Buenos Aires, Argentina"
774,593,,210,Mar del Plata,-57.5849654,-38.0346991,"Avenida Fortunato de la Plaza & Bestoso, Mar del Plata, Provincia de Buenos Aires, Argentina"
775,593,,35,Mar del Plata,-57.5823727,-38.0366237,"Avenida Fortunato de la Plaza & Talcahuano, Mar del Plata, Provincia de Buenos Aires, Argentina"
776,593,,293,Mar del Plata,-57.5771098,-38.0405989,"Avenida Fortunato de la Plaza & Galicia, Mar del Plata, Provincia de Buenos Aires, Argentina"
777,593,,294,Mar del Plata,-57.5744242,-38.0427111,"Avenida Fortunato de la Plaza & Santa Cecilia, Mar del Plata, Provincia de Buenos Aires, Argentina"
778,593,,291,Mar del Plata,-57.5717256,-38.0446524,"Avenida Fortunato de la Plaza & Cerrito, Mar del Plata, Provincia de Buenos Aires, Argentina"
779,593,,290,Mar del Plata,-57.5683127,-38.0472493,"Avenida Fortunato de la Plaza & Juramento, Mar del Plata, Provincia de Buenos Aires, Argentina"
780,593,,288,Mar del Plata,-57.5658079,-38.0491337,"Elisa Alvear de Bosch & Avenida Fortunato de la Plaza, Mar del Plata, Provincia de Buenos Aires, Argentina"
781,593,,279,Mar del Plata,-57.5613839,-38.0524728,"Avenida Edison & Avenida Fortunato de la Plaza, Mar del Plata, Provincia de Buenos Aires, Argentina"
782,593,,285,Mar del Plata,-57.558046,-38.0496882,"Avenida Edison & Tripulantes del Fournier, Mar del Plata, Provincia de Buenos Aires, Argentina"
783,593,,75,Mar del Plata,-57.554795,-38.0469699,"Avenida Edison & Avenida Vertiz, Mar del Plata, Provincia de Buenos Aires, Argentina"
784,593,,286,Mar del Plata,-57.55148,-38.0443042,"Avenida Edison & Ortiz de Zárate, Mar del Plata, Provincia de Buenos Aires, Argentina"
785,593,,354,Mar del Plata,-57.5634205,-38.0346112,"Cl 118  695, Mar del Plata, Provincia de Buenos Aires, Argentina"
786,593,,349,Mar del Plata,-57.5661656,-38.0338569,"Diagonal Elpidio González y Campaña Mar del Plata, Provincia de Buenos Aires, Argentina"
787,593,,351,Mar del Plata,-57.5718832,-38.0324853,"Diagonal Elpidio González & General Savio, Mar del Plata, Provincia de Buenos Aires, Argentina"
788,593,,353,Mar del Plata,-57.569149,-38.0302048,"General Savio & Diagonal José Garibaldi, Mar del Plata, Provincia de Buenos Aires, Argentina"
789,593,,388,Mar del Plata,-57.5639785,-38.0297133,"Galicia & 12 de Octubre, Mar del Plata, Provincia de Buenos Aires, Argentina"
790,593,,365,Mar del Plata,-57.562426,-38.0255469,"Avenida Juan B. Justo & Entre Ríos, Mar del Plata, Provincia de Buenos Aires, Argentina"
791,593,,147,Mar del Plata,-57.5658417,-38.0229299,"Avenida Juan B. Justo & Talcahuano, Mar del Plata, Provincia de Buenos Aires, Argentina"
792,593,,146,Mar del Plata,-57.5685457,-38.0210446,"Avenida Juan B. Justo & Bestoso, Mar del Plata, Provincia de Buenos Aires, Argentina"
793,593,,702,Mar del Plata,-57.5711611,-38.0188999,"Avenida Juan B. Justo & Avenida Independencia, Mar del Plata, Provincia de Buenos Aires, Argentina"
794,593,,67,Mar del Plata,-57.5690794,-38.0163618,"Avenida Independencia & Avenida Juan José Paso, Mar del Plata, Provincia de Buenos Aires, Argentina"
795,593,,479,Mar del Plata,-57.5665124,-38.0131404,"Avenida Independencia & Matheu, Mar del Plata, Provincia de Buenos Aires, Argentina"
796,593,,476,Mar del Plata,-57.5639469,-38.0099586,"Avenida Independencia & Rodríguez Peña, Mar del Plata, Provincia de Buenos Aires, Argentina"
797,593,,477,Mar del Plata,-57.5613468,-38.0067858,"Avenida Independencia & Alvarado, Mar del Plata, Provincia de Buenos Aires, Argentina"
798,593,,478,Mar del Plata,-57.5588173,-38.0036344,"Avenida Independencia & Alberti, Mar del Plata, Provincia de Buenos Aires, Argentina"
799,593,,700,Mar del Plata,-57.5562156,-38.0003923,"Avenida Colon y Avenida Independencia, Mar del Plata, Provincia de Buenos Aires, Argentina"
800,593,,581,Mar del Plata,-57.5542638,-37.9979617,"Avenida Independencia & Belgrano, Mar del Plata, Provincia de Buenos Aires, Argentina"
801,593,,596,Mar del Plata,-57.5522649,-37.9955452,"Avenida Independencia & Avenida Pedro Luro, Mar del Plata, Provincia de Buenos Aires, Argentina"
802,593,,56,Mar del Plata,-57.5512087,-37.9960776,"Avenida Pedro Luro & Catamarca, Mar del Plata, Provincia de Buenos Aires, Argentina"
803,593,,57,Mar del Plata,-57.5491867,-37.9970932,"Avenida Pedro Luro & Hipólito Yrigoyen, Mar del Plata, Provincia de Buenos Aires, Argentina"
804,593,,85,Mar del Plata,-57.5470348,-37.9978925,"Diagonal Alberdi Sur & San Luis, Mar del Plata, Provincia de Buenos Aires, Argentina"
805,593,,438,Mar del Plata,-57.5424627,-37.9991601,"Diagonal Alberdi Sur & Corrientes, Mar del Plata, Provincia de Buenos Aires, Argentina"
806,593,,705,Mar del Plata,-57.5415961,-38.0009489,"Avenida Pedro Luro & Buenos Aires, Mar del Plata, Provincia de Buenos Aires, Argentina"
807,593,,80,Mar del Plata,-57.5431804,-38.0035742,"Buenos Aires 1900, Mar del Plata, Provincia de Buenos Aires, Argentina"
808,593,,103,Mar del Plata,-57.5441499,-38.0064477,"Avenida Colon y Tucuman, Mar del Plata, Provincia de Buenos Aires, Argentina"
809,593,,570,Mar del Plata,-57.5457799,-38.0102407,"Alberti & Arenales, Mar del Plata, Provincia de Buenos Aires, Argentina"
810,593,,456,Mar del Plata,-57.5427843,-38.0117488,"Alberti & Sarmiento, Mar del Plata, Provincia de Buenos Aires, Argentina"
811,593,,578,Mar del Plata,-57.5385752,-38.0082574,"Alsina 2100, Mar del Plata, Provincia de Buenos Aires, Argentina"
812,593,,211,Mar del Plata,-57.5464008,-38.0442365,"Magallanes & Figueroa Alcorta, Mar del Plata, Provincia de Buenos Aires, Argentina"
813,593,,33,Mar del Plata,-57.5482786,-38.0415439,"Avenida Edison & 12 de Octubre, Mar del Plata, Provincia de Buenos Aires, Argentina"
814,593,,382,Mar del Plata,-57.5464388,-38.0429034,"12 de Octubre & Bermejo, Mar del Plata, Provincia de Buenos Aires, Argentina"
815,593,,61,Mar del Plata,-57.5440553,-38.044661,"Avenida de los Trabajadores & 12 de Octubre, Mar del Plata, Provincia de Buenos Aires, Argentina"
816,533,,310,Mar del Plata,-57.6073873,-37.9517839,"Beruti 9600, Mar del Plata, Provincia de Buenos Aires, Argentina"
817,533,,599,Mar del Plata,-57.6044113,-37.9532762,"Beruti & República Árabe Siria, Mar del Plata, Provincia de Buenos Aires, Argentina"
818,533,,14,Mar del Plata,-57.5853132,-37.9629357,"Avenida Doctor Arturo Alió & Beruti, Mar del Plata, Provincia de Buenos Aires, Argentina"
819,533,,139,Mar del Plata,-57.5774929,-37.9668045,"Beruti 6654, Mar del Plata, Provincia de Buenos Aires, Argentina"
820,533,,125,Mar del Plata,-57.5792254,-37.9748161,"Libertad y champagnat, Mar del Plata, Provincia de Buenos Aires, Argentina"
821,533,,484,Mar del Plata,-57.5751349,-37.9816377,"9 de Julio & Perú, Mar del Plata, Provincia de Buenos Aires, Argentina"
822,533,,509,Mar del Plata,-57.5650311,-37.9867903,"9 de Julio & Italia, Mar del Plata, Provincia de Buenos Aires, Argentina"
823,533,,3,Mar del Plata,-57.5610421,-37.9887983,"San Juan & 9 de Julio,  Mar del Plata, Provincia de Buenos Aires, Argentina"
824,533,,59,Mar del Plata,-57.5533841,-37.9949944,"Avenida Pedro Luro & Salta, Mar del Plata, Provincia de Buenos Aires, Argentina"
825,533,,596,Mar del Plata,-57.5522649,-37.9955452,"Avenida Independencia & Avenida Pedro Luro, Mar del Plata, Provincia de Buenos Aires, Argentina"
826,533,,56,Mar del Plata,-57.5512087,-37.9960776,"Avenida Pedro Luro & Catamarca, Mar del Plata, Provincia de Buenos Aires, Argentina"
827,533,,57,Mar del Plata,-57.5491867,-37.9970932,"Avenida Pedro Luro & Hipólito Yrigoyen, Mar del Plata, Provincia de Buenos Aires, Argentina"
828,533,,85,Mar del Plata,-57.5470348,-37.9978925,"Diagonal Alberdi Sur & San Luis, Mar del Plata, Provincia de Buenos Aires, Argentina"
829,533,,436,Mar del Plata,-57.5462189,-37.9986082,"Avenida Pedro Luro & Córdoba, Mar del Plata, Provincia de Buenos Aires, Argentina"
830,533,,705,Mar del Plata,-57.5415961,-38.0009489,"Avenida Pedro Luro & Buenos Aires, Mar del Plata, Provincia de Buenos Aires, Argentina"
831,533,,80,Mar del Plata,-57.5431804,-38.0035742,"Buenos Aires 1900, Mar del Plata, Provincia de Buenos Aires, Argentina"
832,533,,103,Mar del Plata,-57.5441499,-38.0064477,"Avenida Colon y Tucuman, Mar del Plata, Provincia de Buenos Aires, Argentina"
833,533,,457,Mar del Plata,-57.5450599,-38.0128302,"Garay & Las Heras, Mar del Plata, Provincia de Buenos Aires, Argentina"
834,533,,367,Mar del Plata,-57.5545189,-38.0314965,"Avenida Juan B. Justo & Martín Miguel de Güemes, Mar del Plata, Provincia de Buenos Aires, Argentina"
835,533,,357,Mar del Plata,-57.5534127,-38.0389714,"Magallanes 4000, Mar del Plata, Provincia de Buenos Aires, Argentina"
836,533,,211,Mar del Plata,-57.5464008,-38.0442365,"Magallanes & Figueroa Alcorta, Mar del Plata, Provincia de Buenos Aires, Argentina"
837,551,,568,Mar del Plata,-57.5866846,-37.9487895,"Avenida Constitución & Pedro Zanni, Mar del Plata, Provincia de Buenos Aires, Argentina"
838,551,,27,Mar del Plata,-57.5815224,-37.9512946,"Constitucion y Ruta 2, Mar del Plata, Provincia de Buenos Aires, Argentina"
839,551,,132,Mar del Plata,-57.5776386,-37.9534019,"Avenida Constitución & Avenida Della Paolera, Mar del Plata, Provincia de Buenos Aires, Argentina"
840,551,,134,Mar del Plata,-57.5736162,-37.955461,"Avenida Constitución & Juan Bautista de la Salle, Mar del Plata, Provincia de Buenos Aires, Argentina"
841,551,,28,Mar del Plata,-57.5695867,-37.9574017,"Avenida Constitución & Montes Carballo, Mar del Plata, Provincia de Buenos Aires, Argentina"
842,551,,254,Mar del Plata,-57.5646017,-37.959905,"Avenida Constitución & Ricardo Rojas, Mar del Plata, Provincia de Buenos Aires, Argentina"
843,551,,812,Mar del Plata,-57.5616779,-37.9614946,"Avenida Constitución & Ortega y Gasset, Mar del Plata, Provincia de Buenos Aires, Argentina"
844,551,,133,Mar del Plata,-57.5596159,-37.9624282,"Avenida Constitución & Ricardo Palma, Mar del Plata, Provincia de Buenos Aires, Argentina"
845,551,,449,Mar del Plata,-57.557689,-37.9635162,"Avenida Constitución & Marcos Sastre, Mar del Plata, Provincia de Buenos Aires, Argentina"
846,551,,30,Mar del Plata,-57.5534873,-37.965546,"Constitucion Y Tejedor, Mar del Plata, Provincia de Buenos Aires, Argentina"
847,551,,504,Mar del Plata,-57.5495718,-37.9676343,"Avenida Constitución & Pasteur, Mar del Plata, Provincia de Buenos Aires, Argentina"
848,551,,503,Mar del Plata,-57.5455234,-37.969583,"Avenida Constitución & Patagones, Mar del Plata, Provincia de Buenos Aires, Argentina"
849,551,,29,Mar del Plata,-57.543546,-37.9701501,"Constitucion y la Costa, Mar del Plata, Provincia de Buenos Aires, Argentina"
850,551,,445,Mar del Plata,-57.55569,-37.9926,"25 de Mayo 3600, Mar del Plata, Provincia de Buenos Aires, Argentina"
851,551,,437,Mar del Plata,-57.5475205,-37.9967517,"25 de Mayo 2800, Mar del Plata, Provincia de Buenos Aires, Argentina"
852,551,,438,Mar del Plata,-57.5424627,-37.9991601,"Diagonal Alberdi Sur & Corrientes, Mar del Plata, Provincia de Buenos Aires, Argentina"
853,551,,705,Mar del Plata,-57.5415961,-38.0009489,"Avenida Pedro Luro & Buenos Aires, Mar del Plata, Provincia de Buenos Aires, Argentina"
854,551,,80,Mar del Plata,-57.5431804,-38.0035742,"Buenos Aires 1900, Mar del Plata, Provincia de Buenos Aires, Argentina"
855,551,,408,Mar del Plata,-57.5614269,-38.0156974,"San Luis & Matheu, Mar del Plata, Provincia de Buenos Aires, Argentina"
856,551,,459,Mar del Plata,-57.5799064,-38.0332209,"Tripulantes del Fournier & Dellepiane, Mar del Plata, Provincia de Buenos Aires, Argentina"
857,551,,298,Mar del Plata,-57.5849601,-38.0373887,"Puán & Dellepiane, Mar del Plata, Provincia de Buenos Aires, Argentina"
858,551,,292,Mar del Plata,-57.5766912,-38.048789,"Calabria & Cerrito, Mar del Plata, Provincia de Buenos Aires, Argentina"
859,551,,291,Mar del Plata,-57.5717256,-38.0446524,"Avenida Fortunato de la Plaza & Cerrito, Mar del Plata, Provincia de Buenos Aires, Argentina"
860,551,,290,Mar del Plata,-57.5683127,-38.0472493,"Avenida Fortunato de la Plaza & Juramento, Mar del Plata, Provincia de Buenos Aires, Argentina"
861,551,,360,Mar del Plata,-57.5641515,-38.0437991,"Juramento & Rosales, Mar del Plata, Provincia de Buenos Aires, Argentina"
862,551,,302,Mar del Plata,-57.561692,-38.0417766,"Avenida Vertiz & Juramento, Mar del Plata, Provincia de Buenos Aires, Argentina"
863,551,,361,Mar del Plata,-57.5582796,-38.044342,"Avenida Vertiz & Triunvirato, Mar del Plata, Provincia de Buenos Aires, Argentina"
864,551,,75,Mar del Plata,-57.554795,-38.0469699,"Avenida Edison & Avenida Vertiz, Mar del Plata, Provincia de Buenos Aires, Argentina"
865,551,,286,Mar del Plata,-57.55148,-38.0443042,"Avenida Edison & Ortiz de Zárate, Mar del Plata, Provincia de Buenos Aires, Argentina"
866,551,,211,Mar del Plata,-57.5464008,-38.0442365,"Magallanes & Figueroa Alcorta, Mar del Plata, Provincia de Buenos Aires, Argentina"
867,552,,61,Mar del Plata,-57.5440553,-38.044661,"Avenida de los Trabajadores & 12 de Octubre, Mar del Plata, Provincia de Buenos Aires, Argentina"
868,552,,211,Mar del Plata,-57.5464008,-38.0442365,"Magallanes & Figueroa Alcorta, Mar del Plata, Provincia de Buenos Aires, Argentina"
869,552,,286,Mar del Plata,-57.55148,-38.0443042,"Avenida Edison & Ortiz de Zárate, Mar del Plata, Provincia de Buenos Aires, Argentina"
870,552,,75,Mar del Plata,-57.554795,-38.0469699,"Avenida Edison & Avenida Vertiz, Mar del Plata, Provincia de Buenos Aires, Argentina"
871,552,,361,Mar del Plata,-57.5582796,-38.044342,"Avenida Vertiz & Triunvirato, Mar del Plata, Provincia de Buenos Aires, Argentina"
872,552,,302,Mar del Plata,-57.561692,-38.0417766,"Avenida Vertiz & Juramento, Mar del Plata, Provincia de Buenos Aires, Argentina"
873,552,,360,Mar del Plata,-57.5641515,-38.0437991,"Juramento & Rosales, Mar del Plata, Provincia de Buenos Aires, Argentina"
874,552,,290,Mar del Plata,-57.5683127,-38.0472493,"Avenida Fortunato de la Plaza & Juramento, Mar del Plata, Provincia de Buenos Aires, Argentina"
875,552,,387,Mar del Plata,-57.5816754,-38.0502046,"García Lorca & Gianelli, Mar del Plata, Provincia de Buenos Aires, Argentina"
876,552,,299,Mar del Plata,-57.5873604,-38.0407373,"Calabria & Talcahuano, Mar del Plata, Provincia de Buenos Aires, Argentina"
877,552,,296,Mar del Plata,-57.5910995,-38.0354063,"Genova 6491, Mar del Plata, Provincia de Buenos Aires, Argentina"
878,552,,79,Mar del Plata,-57.5876566,-38.0325768,"Avenida Jacinto Peralta Ramos & Avenida Fortunato de la Plaza, Mar del Plata, Provincia de Buenos Aires, Argentina"
879,552,,390,Mar del Plata,-57.5810893,-38.0271502,"Avenida Jacinto Peralta Ramos & Avenida Vertiz, Mar del Plata, Provincia de Buenos Aires, Argentina"
880,552,,389,Mar del Plata,-57.5761876,-38.023073,"Avenida Jacinto Peralta Ramos & Ayolas, Mar del Plata, Provincia de Buenos Aires, Argentina"
881,552,,702,Mar del Plata,-57.5711611,-38.0188999,"Avenida Juan B. Justo & Avenida Independencia, Mar del Plata, Provincia de Buenos Aires, Argentina"
882,552,,67,Mar del Plata,-57.5690794,-38.0163618,"Avenida Independencia & Avenida Juan José Paso, Mar del Plata, Provincia de Buenos Aires, Argentina"
883,552,,479,Mar del Plata,-57.5665124,-38.0131404,"Avenida Independencia & Matheu, Mar del Plata, Provincia de Buenos Aires, Argentina"
884,552,,476,Mar del Plata,-57.5639469,-38.0099586,"Avenida Independencia & Rodríguez Peña, Mar del Plata, Provincia de Buenos Aires, Argentina"
885,552,,477,Mar del Plata,-57.5613468,-38.0067858,"Avenida Independencia & Alvarado, Mar del Plata, Provincia de Buenos Aires, Argentina"
886,552,,478,Mar del Plata,-57.5588173,-38.0036344,"Avenida Independencia & Alberti, Mar del Plata, Provincia de Buenos Aires, Argentina"
887,552,,700,Mar del Plata,-57.5562156,-38.0003923,"Avenida Colon y Avenida Independencia, Mar del Plata, Provincia de Buenos Aires, Argentina"
888,552,,80,Mar del Plata,-57.5431804,-38.0035742,"Buenos Aires 1900, Mar del Plata, Provincia de Buenos Aires, Argentina"
889,552,,705,Mar del Plata,-57.5415961,-38.0009489,"Avenida Pedro Luro & Buenos Aires, Mar del Plata, Provincia de Buenos Aires, Argentina"
890,552,,436,Mar del Plata,-57.5462189,-37.9986082,"Avenida Pedro Luro & Córdoba, Mar del Plata, Provincia de Buenos Aires, Argentina"
891,552,,85,Mar del Plata,-57.5470348,-37.9978925,"Diagonal Alberdi Sur & San Luis, Mar del Plata, Provincia de Buenos Aires, Argentina"
892,552,,57,Mar del Plata,-57.5491867,-37.9970932,"Avenida Pedro Luro & Hipólito Yrigoyen, Mar del Plata, Provincia de Buenos Aires, Argentina"
893,552,,56,Mar del Plata,-57.5512087,-37.9960776,"Avenida Pedro Luro & Catamarca, Mar del Plata, Provincia de Buenos Aires, Argentina"
894,552,,596,Mar del Plata,-57.5522649,-37.9955452,"Avenida Independencia & Avenida Pedro Luro, Mar del Plata, Provincia de Buenos Aires, Argentina"
895,552,,59,Mar del Plata,-57.5533841,-37.9949944,"Avenida Pedro Luro & Salta, Mar del Plata, Provincia de Buenos Aires, Argentina"
896,552,,11,Mar del Plata,-57.5573939,-37.9929584,"Avenida Pedro Luro & 14 de Julio, Mar del Plata, Provincia de Buenos Aires, Argentina"
897,552,,50,Mar del Plata,-57.5623817,-37.9904422,"Avenida Pedro Luro & San Juan, Mar del Plata, Provincia de Buenos Aires, Argentina"
898,552,,58,Mar del Plata,-57.5663445,-37.9884359,"Avenida Pedro Luro & Italia, Mar del Plata, Provincia de Buenos Aires, Argentina"
899,552,,707,Mar del Plata,-57.5705099,-37.9863535,"Avenida Pedro Luro & Avenida Juan Héctor Jara, Mar del Plata, Provincia de Buenos Aires, Argentina"
900,552,,537,Mar del Plata,-57.5715179,-37.9789566,"México & Avenida Libertad, Mar del Plata, Provincia de Buenos Aires, Argentina"
901,552,,138,Mar del Plata,-57.5693676,-37.9710265,"Berutti & Teodoro Bronzini, Mar del Plata, Provincia de Buenos Aires, Argentina"
902,552,,264,Mar del Plata,-57.5734833,-37.9622553,"Padre Cardiel & Montes Carballo, Mar del Plata, Provincia de Buenos Aires, Argentina"
903,552,,261,Mar del Plata,-57.5742257,-37.959651,"Florisbelo Acosta & Martínez Zuviría, Mar del Plata, Provincia de Buenos Aires, Argentina"
904,552,,130,Mar del Plata,-57.5801545,-37.9568226,"Monseñor Zabala 53, Mar del Plata, Provincia de Buenos Aires, Argentina"
905,552,,132,Mar del Plata,-57.5776386,-37.9534019,"Avenida Constitución & Avenida Della Paolera, Mar del Plata, Provincia de Buenos Aires, Argentina"
906,552,,345,Mar del Plata,-57.5749993,-37.9501768,"Avenida Della Paolera & Mariani, Mar del Plata, Provincia de Buenos Aires, Argentina"
907,552,,812,Mar del Plata,-57.5616779,-37.9614946,"Avenida Constitución & Ortega y Gasset, Mar del Plata, Provincia de Buenos Aires, Argentina"
908,552,,254,Mar del Plata,-57.5646017,-37.959905,"Avenida Constitución & Ricardo Rojas, Mar del Plata, Provincia de Buenos Aires, Argentina"
909,552,,28,Mar del Plata,-57.5695867,-37.9574017,"Avenida Constitución & Montes Carballo, Mar del Plata, Provincia de Buenos Aires, Argentina"
910,552,,134,Mar del Plata,-57.5736162,-37.955461,"Avenida Constitución & Juan Bautista de la Salle, Mar del Plata, Provincia de Buenos Aires, Argentina"
911,553,,61,Mar del Plata,-57.5440553,-38.044661,"Avenida de los Trabajadores & 12 de Octubre, Mar del Plata, Provincia de Buenos Aires, Argentina"
912,553,,211,Mar del Plata,-57.5464008,-38.0442365,"Magallanes & Figueroa Alcorta, Mar del Plata, Provincia de Buenos Aires, Argentina"
913,553,,286,Mar del Plata,-57.55148,-38.0443042,"Avenida Edison & Ortiz de Zárate, Mar del Plata, Provincia de Buenos Aires, Argentina"
914,553,,75,Mar del Plata,-57.554795,-38.0469699,"Avenida Edison & Avenida Vertiz, Mar del Plata, Provincia de Buenos Aires, Argentina"
915,553,,361,Mar del Plata,-57.5582796,-38.044342,"Avenida Vertiz & Triunvirato, Mar del Plata, Provincia de Buenos Aires, Argentina"
916,553,,285,Mar del Plata,-57.558046,-38.0496882,"Avenida Edison & Tripulantes del Fournier, Mar del Plata, Provincia de Buenos Aires, Argentina"
917,553,,279,Mar del Plata,-57.5613839,-38.0524728,"Avenida Edison & Avenida Fortunato de la Plaza, Mar del Plata, Provincia de Buenos Aires, Argentina"
918,553,,284,Mar del Plata,-57.5663443,-38.0565681,"Avenida Edison & Calabria, Mar del Plata, Provincia de Buenos Aires, Argentina"
919,553,,289,Mar del Plata,-57.573951,-38.0508352,"Diagonal César Gascón & Calabria, Mar del Plata, Provincia de Buenos Aires, Argentina"
920,553,,292,Mar del Plata,-57.5766912,-38.048789,"Calabria & Cerrito, Mar del Plata, Provincia de Buenos Aires, Argentina"
921,553,,291,Mar del Plata,-57.5717256,-38.0446524,"Avenida Fortunato de la Plaza & Cerrito, Mar del Plata, Provincia de Buenos Aires, Argentina"
922,553,,294,Mar del Plata,-57.5744242,-38.0427111,"Avenida Fortunato de la Plaza & Santa Cecilia, Mar del Plata, Provincia de Buenos Aires, Argentina"
923,553,,293,Mar del Plata,-57.5771098,-38.0405989,"Avenida Fortunato de la Plaza & Galicia, Mar del Plata, Provincia de Buenos Aires, Argentina"
924,553,,303,Mar del Plata,-57.5747932,-38.0357532,"Rosales 5499, Mar del Plata, Provincia de Buenos Aires, Argentina"
925,553,,408,Mar del Plata,-57.5614269,-38.0156974,"San Luis & Matheu, Mar del Plata, Provincia de Buenos Aires, Argentina"
926,553,,80,Mar del Plata,-57.5431804,-38.0035742,"Buenos Aires 1900, Mar del Plata, Provincia de Buenos Aires, Argentina"
927,553,,705,Mar del Plata,-57.5415961,-38.0009489,"Avenida Pedro Luro & Buenos Aires, Mar del Plata, Provincia de Buenos Aires, Argentina"
928,553,,436,Mar del Plata,-57.5462189,-37.9986082,"Avenida Pedro Luro & Córdoba, Mar del Plata, Provincia de Buenos Aires, Argentina"
929,553,,85,Mar del Plata,-57.5470348,-37.9978925,"Diagonal Alberdi Sur & San Luis, Mar del Plata, Provincia de Buenos Aires, Argentina"
930,553,,57,Mar del Plata,-57.5491867,-37.9970932,"Avenida Pedro Luro & Hipólito Yrigoyen, Mar del Plata, Provincia de Buenos Aires, Argentina"
931,553,,56,Mar del Plata,-57.5512087,-37.9960776,"Avenida Pedro Luro & Catamarca, Mar del Plata, Provincia de Buenos Aires, Argentina"
932,553,,596,Mar del Plata,-57.5522649,-37.9955452,"Avenida Independencia & Avenida Pedro Luro, Mar del Plata, Provincia de Buenos Aires, Argentina"
933,553,,59,Mar del Plata,-57.5533841,-37.9949944,"Avenida Pedro Luro & Salta, Mar del Plata, Provincia de Buenos Aires, Argentina"
934,553,,11,Mar del Plata,-57.5573939,-37.9929584,"Avenida Pedro Luro & 14 de Julio, Mar del Plata, Provincia de Buenos Aires, Argentina"
935,553,,587,Mar del Plata,-57.5432396,-37.975338,"Avenida Félix U. Camet & Florisbelo Acosta, Mar del Plata, Provincia de Buenos Aires, Argentina"
936,553,,29,Mar del Plata,-57.543546,-37.9701501,"Constitucion y la Costa, Mar del Plata, Provincia de Buenos Aires, Argentina"
937,553,,252,Mar del Plata,-57.5435512,-37.9637997,"Joaquina Acevedo y Libres del Sur, Mar del Plata, Provincia de Buenos Aires, Argentina"
938,553,,253,Mar del Plata,-57.5496819,-37.9607639,"Avenida Carlos Tejedor & Joaquina Acevedo, Mar del Plata, Provincia de Buenos Aires, Argentina"
939,553,,245,Mar del Plata,-57.5458781,-37.9560482,"Avenida Carlos Tejedor & Avenida José Manuel Estrada, Mar del Plata, Provincia de Buenos Aires, Argentina"
940,553,,238,Mar del Plata,-57.5519478,-37.9529566,"Avenida José Manuel Estrada & Ricardo Palma, Mar del Plata, Provincia de Buenos Aires, Argentina"
941,553,,452,Mar del Plata,-57.5579859,-37.9500198,"Avenida José Manuel Estrada y Joaquin V.Gonzalez, Mar del Plata, Provincia de Buenos Aires, Argentina"
942,553,,370,Mar del Plata,-57.5618965,-37.947907,"Montes Carballo y Estrada, Mar del Plata, Provincia de Buenos Aires, Argentina"
943,553,,255,Mar del Plata,-57.5699147,-37.9438511,"Estrada y De La Paolera, Mar del Plata, Provincia de Buenos Aires, Argentina"
944,553,,345,Mar del Plata,-57.5749993,-37.9501768,"Avenida Della Paolera & Mariani, Mar del Plata, Provincia de Buenos Aires, Argentina"
945,553,,701,Mar del Plata,-57.5811967,-37.9520342,"Florida Premium Outlet, Mar del Plata, Provincia de Buenos Aires, Argentina"
946,553,,27,Mar del Plata,-57.5815224,-37.9512946,"Constitucion y Ruta 2, Mar del Plata, Provincia de Buenos Aires, Argentina"
947,553,,568,Mar del Plata,-57.5866846,-37.9487895,"Avenida Constitución & Pedro Zanni, Mar del Plata, Provincia de Buenos Aires, Argentina"
948,552,,345,Mar del Plata,-57.5749993,-37.9501768,"Avenida Della Paolera & Mariani, Mar del Plata, Provincia de Buenos Aires, Argentina"
949,552,,132,Mar del Plata,-57.5776386,-37.9534019,"Avenida Constitución & Avenida Della Paolera, Mar del Plata, Provincia de Buenos Aires, Argentina"
950,552,,134,Mar del Plata,-57.5736162,-37.955461,"Avenida Constitución & Juan Bautista de la Salle, Mar del Plata, Provincia de Buenos Aires, Argentina"
951,552,,28,Mar del Plata,-57.5695867,-37.9574017,"Avenida Constitución & Montes Carballo, Mar del Plata, Provincia de Buenos Aires, Argentina"
952,552,,254,Mar del Plata,-57.5646017,-37.959905,"Avenida Constitución & Ricardo Rojas, Mar del Plata, Provincia de Buenos Aires, Argentina"
953,552,,812,Mar del Plata,-57.5616779,-37.9614946,"Avenida Constitución & Ortega y Gasset, Mar del Plata, Provincia de Buenos Aires, Argentina"
954,552,,264,Mar del Plata,-57.5734833,-37.9622553,"Padre Cardiel & Montes Carballo, Mar del Plata, Provincia de Buenos Aires, Argentina"
955,552,,261,Mar del Plata,-57.5742257,-37.959651,"Florisbelo Acosta & Martínez Zuviría, Mar del Plata, Provincia de Buenos Aires, Argentina"
956,552,,130,Mar del Plata,-57.5801545,-37.9568226,"Monseñor Zabala 53, Mar del Plata, Provincia de Buenos Aires, Argentina"
957,552,,138,Mar del Plata,-57.5693676,-37.9710265,"Berutti & Teodoro Bronzini, Mar del Plata, Provincia de Buenos Aires, Argentina"
958,552,,537,Mar del Plata,-57.5715179,-37.9789566,"México & Avenida Libertad, Mar del Plata, Provincia de Buenos Aires, Argentina"
959,552,,707,Mar del Plata,-57.5705099,-37.9863535,"Avenida Pedro Luro & Avenida Juan Héctor Jara, Mar del Plata, Provincia de Buenos Aires, Argentina"
960,552,,58,Mar del Plata,-57.5663445,-37.9884359,"Avenida Pedro Luro & Italia, Mar del Plata, Provincia de Buenos Aires, Argentina"
961,552,,50,Mar del Plata,-57.5623817,-37.9904422,"Avenida Pedro Luro & San Juan, Mar del Plata, Provincia de Buenos Aires, Argentina"
962,552,,11,Mar del Plata,-57.5573939,-37.9929584,"Avenida Pedro Luro & 14 de Julio, Mar del Plata, Provincia de Buenos Aires, Argentina"
963,552,,59,Mar del Plata,-57.5533841,-37.9949944,"Avenida Pedro Luro & Salta, Mar del Plata, Provincia de Buenos Aires, Argentina"
964,552,,596,Mar del Plata,-57.5522649,-37.9955452,"Avenida Independencia & Avenida Pedro Luro, Mar del Plata, Provincia de Buenos Aires, Argentina"
965,552,,56,Mar del Plata,-57.5512087,-37.9960776,"Avenida Pedro Luro & Catamarca, Mar del Plata, Provincia de Buenos Aires, Argentina"
966,552,,57,Mar del Plata,-57.5491867,-37.9970932,"Avenida Pedro Luro & Hipólito Yrigoyen, Mar del Plata, Provincia de Buenos Aires, Argentina"
967,552,,85,Mar del Plata,-57.5470348,-37.9978925,"Diagonal Alberdi Sur & San Luis, Mar del Plata, Provincia de Buenos Aires, Argentina"
968,552,,436,Mar del Plata,-57.5462189,-37.9986082,"Avenida Pedro Luro & Córdoba, Mar del Plata, Provincia de Buenos Aires, Argentina"
969,552,,438,Mar del Plata,-57.5424627,-37.9991601,"Diagonal Alberdi Sur & Corrientes, Mar del Plata, Provincia de Buenos Aires, Argentina"
970,552,,705,Mar del Plata,-57.5415961,-38.0009489,"Avenida Pedro Luro & Buenos Aires, Mar del Plata, Provincia de Buenos Aires, Argentina"
971,552,,80,Mar del Plata,-57.5431804,-38.0035742,"Buenos Aires 1900, Mar del Plata, Provincia de Buenos Aires, Argentina"
972,552,,700,Mar del Plata,-57.5562156,-38.0003923,"Avenida Colon y Avenida Independencia, Mar del Plata, Provincia de Buenos Aires, Argentina"
973,552,,478,Mar del Plata,-57.5588173,-38.0036344,"Avenida Independencia & Alberti, Mar del Plata, Provincia de Buenos Aires, Argentina"
974,552,,477,Mar del Plata,-57.5613468,-38.0067858,"Avenida Independencia & Alvarado, Mar del Plata, Provincia de Buenos Aires, Argentina"
975,552,,476,Mar del Plata,-57.5639469,-38.0099586,"Avenida Independencia & Rodríguez Peña, Mar del Plata, Provincia de Buenos Aires, Argentina"
976,552,,479,Mar del Plata,-57.5665124,-38.0131404,"Avenida Independencia & Matheu, Mar del Plata, Provincia de Buenos Aires, Argentina"
977,552,,67,Mar del Plata,-57.5690794,-38.0163618,"Avenida Independencia & Avenida Juan José Paso, Mar del Plata, Provincia de Buenos Aires, Argentina"
978,552,,702,Mar del Plata,-57.5711611,-38.0188999,"Avenida Juan B. Justo & Avenida Independencia, Mar del Plata, Provincia de Buenos Aires, Argentina"
979,552,,389,Mar del Plata,-57.5761876,-38.023073,"Avenida Jacinto Peralta Ramos & Ayolas, Mar del Plata, Provincia de Buenos Aires, Argentina"
980,552,,390,Mar del Plata,-57.5810893,-38.0271502,"Avenida Jacinto Peralta Ramos & Avenida Vertiz, Mar del Plata, Provincia de Buenos Aires, Argentina"
981,552,,79,Mar del Plata,-57.5876566,-38.0325768,"Avenida Jacinto Peralta Ramos & Avenida Fortunato de la Plaza, Mar del Plata, Provincia de Buenos Aires, Argentina"
982,552,,296,Mar del Plata,-57.5910995,-38.0354063,"Genova 6491, Mar del Plata, Provincia de Buenos Aires, Argentina"
983,552,,387,Mar del Plata,-57.5816754,-38.0502046,"García Lorca & Gianelli, Mar del Plata, Provincia de Buenos Aires, Argentina"
984,552,,290,Mar del Plata,-57.5683127,-38.0472493,"Avenida Fortunato de la Plaza & Juramento, Mar del Plata, Provincia de Buenos Aires, Argentina"
985,552,,360,Mar del Plata,-57.5641515,-38.0437991,"Juramento & Rosales, Mar del Plata, Provincia de Buenos Aires, Argentina"
986,552,,302,Mar del Plata,-57.561692,-38.0417766,"Avenida Vertiz & Juramento, Mar del Plata, Provincia de Buenos Aires, Argentina"
987,552,,361,Mar del Plata,-57.5582796,-38.044342,"Avenida Vertiz & Triunvirato, Mar del Plata, Provincia de Buenos Aires, Argentina"
988,552,,75,Mar del Plata,-57.554795,-38.0469699,"Avenida Edison & Avenida Vertiz, Mar del Plata, Provincia de Buenos Aires, Argentina"
989,552,,286,Mar del Plata,-57.55148,-38.0443042,"Avenida Edison & Ortiz de Zárate, Mar del Plata, Provincia de Buenos Aires, Argentina"
990,552,,211,Mar del Plata,-57.5464008,-38.0442365,"Magallanes & Figueroa Alcorta, Mar del Plata, Provincia de Buenos Aires, Argentina"
991,554,,345,Mar del Plata,-57.5749993,-37.9501768,"Avenida Della Paolera & Mariani, Mar del Plata, Provincia de Buenos Aires, Argentina"
992,554,,132,Mar del Plata,-57.5776386,-37.9534019,"Avenida Constitución & Avenida Della Paolera, Mar del Plata, Provincia de Buenos Aires, Argentina"
993,554,,134,Mar del Plata,-57.5736162,-37.955461,"Avenida Constitución & Juan Bautista de la Salle, Mar del Plata, Provincia de Buenos Aires, Argentina"
994,554,,28,Mar del Plata,-57.5695867,-37.9574017,"Avenida Constitución & Montes Carballo, Mar del Plata, Provincia de Buenos Aires, Argentina"
995,554,,254,Mar del Plata,-57.5646017,-37.959905,"Avenida Constitución & Ricardo Rojas, Mar del Plata, Provincia de Buenos Aires, Argentina"
996,554,,812,Mar del Plata,-57.5616779,-37.9614946,"Avenida Constitución & Ortega y Gasset, Mar del Plata, Provincia de Buenos Aires, Argentina"
997,554,,133,Mar del Plata,-57.5596159,-37.9624282,"Avenida Constitución & Ricardo Palma, Mar del Plata, Provincia de Buenos Aires, Argentina"
998,554,,449,Mar del Plata,-57.557689,-37.9635162,"Avenida Constitución & Marcos Sastre, Mar del Plata, Provincia de Buenos Aires, Argentina"
999,554,,30,Mar del Plata,-57.5534873,-37.965546,"Constitucion Y Tejedor, Mar del Plata, Provincia de Buenos Aires, Argentina"
1000,554,,257,Mar del Plata,-57.5561306,-37.9688049,"Avenida Carlos Tejedor & Florisbelo Acosta, Mar del Plata, Provincia de Buenos Aires, Argentina"
1001,554,,256,Mar del Plata,-57.5601005,-37.9735078,"Avenida Carlos Tejedor & Río Negro, Mar del Plata, Provincia de Buenos Aires, Argentina"
1002,554,,258,Mar del Plata,-57.5639149,-37.9782436,"Avenida Juan Héctor Jara & Ituzaingó, Mar del Plata, Provincia de Buenos Aires, Argentina"
1003,554,,49,Mar del Plata,-57.5665035,-37.9814584,"Avenida Libertad & Avenida Juan Héctor Jara, Mar del Plata, Provincia de Buenos Aires, Argentina"
1004,554,,707,Mar del Plata,-57.5705099,-37.9863535,"Avenida Pedro Luro & Avenida Juan Héctor Jara, Mar del Plata, Provincia de Buenos Aires, Argentina"
1005,554,,23,Mar del Plata,-57.5743265,-37.991243,"Avenida Colon y Avenida Juan Héctor Jara, Mar del Plata, Provincia de Buenos Aires, Argentina"
1006,554,,448,Mar del Plata,-57.5769418,-37.9944888,"Avenida Juan Héctor Jara & Alberti, Mar del Plata, Provincia de Buenos Aires, Argentina"
1007,554,,562,Mar del Plata,-57.5795038,-37.997633,"Avenida Juan Héctor Jara & Alvarado, Mar del Plata, Provincia de Buenos Aires, Argentina"
1008,554,,135,Mar del Plata,-57.580792,-37.9991874,"Avenida Juan Héctor Jara & San Lorenzo, Mar del Plata, Provincia de Buenos Aires, Argentina"
1009,554,,447,Mar del Plata,-57.5846452,-38.0039636,"Avenida Juan Héctor Jara & Matheu, Mar del Plata, Provincia de Buenos Aires, Argentina"
1010,554,,145,Mar del Plata,-57.5871294,-38.0069555,"Avenida Juan B. Justo & Avenida Juan Héctor Jara, Mar del Plata, Provincia de Buenos Aires, Argentina"
1011,554,,468,Mar del Plata,-57.5904583,-38.009728,"Avenida Polonia & 12 de Octubre, Mar del Plata, Provincia de Buenos Aires, Argentina"
1012,554,,406,Mar del Plata,-57.592101,-38.0110968,"Avenida Polonia & Ayolas, Mar del Plata, Provincia de Buenos Aires, Argentina"
1013,554,,405,Mar del Plata,-57.596984,-38.0151274,"Avenida Polonia & Avenida Vertiz, Mar del Plata, Provincia de Buenos Aires, Argentina"
1014,554,,324,Mar del Plata,-57.6035938,-38.02059,"Avenida Polonia & Avenida Fortunato de la Plaza, Mar del Plata, Provincia de Buenos Aires, Argentina"
1015,554,,213,Mar del Plata,-57.5989053,-38.0241526,"Avenida Fortunato de la Plaza & De los Inmigrantes, Mar del Plata, Provincia de Buenos Aires, Argentina"
1016,554,,79,Mar del Plata,-57.5876566,-38.0325768,"Avenida Jacinto Peralta Ramos & Avenida Fortunato de la Plaza, Mar del Plata, Provincia de Buenos Aires, Argentina"
1017,554,,210,Mar del Plata,-57.5849654,-38.0346991,"Avenida Fortunato de la Plaza & Bestoso, Mar del Plata, Provincia de Buenos Aires, Argentina"
1018,554,,35,Mar del Plata,-57.5823727,-38.0366237,"Avenida Fortunato de la Plaza & Talcahuano, Mar del Plata, Provincia de Buenos Aires, Argentina"
1019,554,,300,Mar del Plata,-57.5799177,-38.0399508,"Roque Sáenz Peña 2099, Mar del Plata, Provincia de Buenos Aires, Argentina"
1020,554,,303,Mar del Plata,-57.5747932,-38.0357532,"Rosales 5499, Mar del Plata, Provincia de Buenos Aires, Argentina"
1021,554,,301,Mar del Plata,-57.5675736,-38.0412095,"Cerrito & Rosales, Mar del Plata, Provincia de Buenos Aires, Argentina"
1022,554,,360,Mar del Plata,-57.5641515,-38.0437991,"Juramento & Rosales, Mar del Plata, Provincia de Buenos Aires, Argentina"
1023,554,,302,Mar del Plata,-57.561692,-38.0417766,"Avenida Vertiz & Juramento, Mar del Plata, Provincia de Buenos Aires, Argentina"
1024,554,,361,Mar del Plata,-57.5582796,-38.044342,"Avenida Vertiz & Triunvirato, Mar del Plata, Provincia de Buenos Aires, Argentina"
1025,554,,75,Mar del Plata,-57.554795,-38.0469699,"Avenida Edison & Avenida Vertiz, Mar del Plata, Provincia de Buenos Aires, Argentina"
1026,554,,211,Mar del Plata,-57.5464008,-38.0442365,"Magallanes & Figueroa Alcorta, Mar del Plata, Provincia de Buenos Aires, Argentina"
1027,555,,392,Mar del Plata,-57.5970282,-38.0448893,"Avenida Antártida Argentina & Calle Manrique, Mar del Plata, Provincia de Buenos Aires, Argentina"
1028,555,,62,Mar del Plata,-57.5945706,-38.0428997,"Avenida Mario Bravo & Avenida Antártida Argentina, Mar del Plata, Provincia de Buenos Aires, Argentina"
1029,555,,295,Mar del Plata,-57.5929752,-38.0391016,"Avenida Antártida Argentina & William Morris, Mar del Plata, Provincia de Buenos Aires, Argentina"
1030,555,,296,Mar del Plata,-57.5910995,-38.0354063,"Genova 6491, Mar del Plata, Provincia de Buenos Aires, Argentina"
1031,555,,79,Mar del Plata,-57.5876566,-38.0325768,"Avenida Jacinto Peralta Ramos & Avenida Fortunato de la Plaza, Mar del Plata, Provincia de Buenos Aires, Argentina"
1032,555,,390,Mar del Plata,-57.5810893,-38.0271502,"Avenida Jacinto Peralta Ramos & Avenida Vertiz, Mar del Plata, Provincia de Buenos Aires, Argentina"
1033,555,,389,Mar del Plata,-57.5761876,-38.023073,"Avenida Jacinto Peralta Ramos & Ayolas, Mar del Plata, Provincia de Buenos Aires, Argentina"
1034,555,,702,Mar del Plata,-57.5711611,-38.0188999,"Avenida Juan B. Justo & Avenida Independencia, Mar del Plata, Provincia de Buenos Aires, Argentina"
1035,555,,67,Mar del Plata,-57.5690794,-38.0163618,"Avenida Independencia & Avenida Juan José Paso, Mar del Plata, Provincia de Buenos Aires, Argentina"
1036,555,,479,Mar del Plata,-57.5665124,-38.0131404,"Avenida Independencia & Matheu, Mar del Plata, Provincia de Buenos Aires, Argentina"
1037,555,,476,Mar del Plata,-57.5639469,-38.0099586,"Avenida Independencia & Rodríguez Peña, Mar del Plata, Provincia de Buenos Aires, Argentina"
1038,555,,477,Mar del Plata,-57.5613468,-38.0067858,"Avenida Independencia & Alvarado, Mar del Plata, Provincia de Buenos Aires, Argentina"
1039,555,,478,Mar del Plata,-57.5588173,-38.0036344,"Avenida Independencia & Alberti, Mar del Plata, Provincia de Buenos Aires, Argentina"
1040,555,,700,Mar del Plata,-57.5562156,-38.0003923,"Avenida Colon y Avenida Independencia, Mar del Plata, Provincia de Buenos Aires, Argentina"
1041,555,,581,Mar del Plata,-57.5542638,-37.9979617,"Avenida Independencia & Belgrano, Mar del Plata, Provincia de Buenos Aires, Argentina"
1042,555,,596,Mar del Plata,-57.5522649,-37.9955452,"Avenida Independencia & Avenida Pedro Luro, Mar del Plata, Provincia de Buenos Aires, Argentina"
1043,555,,202,Mar del Plata,-57.5503209,-37.9930958,"Avenida Independencia & 3 de Febrero, Mar del Plata, Provincia de Buenos Aires, Argentina"
1044,555,,703,Mar del Plata,-57.5483354,-37.9906601,"Avenida Libertad & Avenida Independencia, Mar del Plata, Provincia de Buenos Aires, Argentina"
1045,555,,41,Mar del Plata,-57.5450508,-37.9866704,"Avenida Independencia & Necochea, Mar del Plata, Provincia de Buenos Aires, Argentina"
1046,555,,262,Mar del Plata,-57.5443845,-37.9813924,"Avenida Félix U. Camet & Río Negro, Mar del Plata, Provincia de Buenos Aires, Argentina"
1047,555,,587,Mar del Plata,-57.5432396,-37.975338,"Avenida Félix U. Camet & Florisbelo Acosta, Mar del Plata, Provincia de Buenos Aires, Argentina"
1048,555,,29,Mar del Plata,-57.543546,-37.9701501,"Constitucion y la Costa, Mar del Plata, Provincia de Buenos Aires, Argentina"
1049,555,,251,Mar del Plata,-57.5406799,-37.9630928,"Avenida Félix U. Camet & Pascuala Mugaburu, Mar del Plata, Provincia de Buenos Aires, Argentina"
1050,555,,245,Mar del Plata,-57.5458781,-37.9560482,"Avenida Carlos Tejedor & Avenida José Manuel Estrada, Mar del Plata, Provincia de Buenos Aires, Argentina"
1051,555,,238,Mar del Plata,-57.5519478,-37.9529566,"Avenida José Manuel Estrada & Ricardo Palma, Mar del Plata, Provincia de Buenos Aires, Argentina"
1052,555,,452,Mar del Plata,-57.5579859,-37.9500198,"Avenida José Manuel Estrada y Joaquin V.Gonzalez, Mar del Plata, Provincia de Buenos Aires, Argentina"
1053,555,,370,Mar del Plata,-57.5579859,-37.9500198,"Avenida José Manuel Estrada y Joaquin V.Gonzalez, Mar del Plata, Provincia de Buenos Aires, Argentina"
1054,555,,255,Mar del Plata,-57.5699147,-37.9438511,"Estrada y De La Paolera, Mar del Plata, Provincia de Buenos Aires, Argentina"
1055,562,,61,Mar del Plata,-57.5440553,-38.044661,"Avenida de los Trabajadores & 12 de Octubre, Mar del Plata, Provincia de Buenos Aires, Argentina"
1056,562,,211,Mar del Plata,-57.5464008,-38.0442365,"Magallanes & Figueroa Alcorta, Mar del Plata, Provincia de Buenos Aires, Argentina"
1057,562,,214,Mar del Plata,-57.5475286,-38.0367524,"Avenida Juan B. Justo & Urquiza, Mar del Plata, Provincia de Buenos Aires, Argentina"
1058,562,,43,Mar del Plata,-57.5500985,-38.0347907,"Avenida Juan B. Justo 800, Mar del Plata, Provincia de Buenos Aires, Argentina"
1059,562,,367,Mar del Plata,-57.5545189,-38.0314965,"Avenida Juan B. Justo & Martín Miguel de Güemes, Mar del Plata, Provincia de Buenos Aires, Argentina"
1060,562,,366,Mar del Plata,-57.5586371,-38.0283539,"Avenida Juan B. Justo & Fleming, Mar del Plata, Provincia de Buenos Aires, Argentina"
1061,562,,365,Mar del Plata,-57.562426,-38.0255469,"Avenida Juan B. Justo & Entre Ríos, Mar del Plata, Provincia de Buenos Aires, Argentina"
1062,562,,409,Mar del Plata,-57.5620124,-38.0199131,"Avenida Juan José Paso & Santiago del Estero, Mar del Plata, Provincia de Buenos Aires, Argentina"
1063,562,,554,Mar del Plata,-57.5600728,-38.0175074,"Formosa & Santiago del Estero, Mar del Plata, Provincia de Buenos Aires, Argentina"
1064,562,,151,Mar del Plata,-57.5568695,-38.013544,"Santiago del Estero & Rodríguez Peña, Mar del Plata, Provincia de Buenos Aires, Argentina"
1065,562,,419,Mar del Plata,-57.551756,-38.0072118,"Alberti & Santiago del Estero, Mar del Plata, Provincia de Buenos Aires, Argentina"
1066,562,,80,Mar del Plata,-57.5431804,-38.0035742,"Buenos Aires 1900, Mar del Plata, Provincia de Buenos Aires, Argentina"
1067,562,,705,Mar del Plata,-57.5415961,-38.0009489,"Avenida Pedro Luro & Buenos Aires, Mar del Plata, Provincia de Buenos Aires, Argentina"
1068,562,,438,Mar del Plata,-57.5424627,-37.9991601,"Diagonal Alberdi Sur & Corrientes, Mar del Plata, Provincia de Buenos Aires, Argentina"
1069,562,,85,Mar del Plata,-57.5470348,-37.9978925,"Diagonal Alberdi Sur & San Luis, Mar del Plata, Provincia de Buenos Aires, Argentina"
1070,562,,519,Mar del Plata,-57.5478602,-37.9954485,"Nueve de Julio y Hipólito Yrigoyen, Mar del Plata, Provincia de Buenos Aires, Argentina"
1071,562,,596,Mar del Plata,-57.5522649,-37.9955452,"Avenida Independencia & Avenida Pedro Luro, Mar del Plata, Provincia de Buenos Aires, Argentina"
1072,562,,581,Mar del Plata,-57.5542638,-37.9979617,"Avenida Independencia & Belgrano, Mar del Plata, Provincia de Buenos Aires, Argentina"
1073,562,,700,Mar del Plata,-57.5562156,-38.0003923,"Avenida Colon y Avenida Independencia, Mar del Plata, Provincia de Buenos Aires, Argentina"
1074,562,,153,Mar del Plata,-57.5612653,-37.9978975,"Avenida Colon y 14 de Julio, Mar del Plata, Provincia de Buenos Aires, Argentina"
1075,562,,21,Mar del Plata,-57.5663126,-37.9953283,"Avenida Colon y San Juan, Mar del Plata, Provincia de Buenos Aires, Argentina"
1076,562,,483,Mar del Plata,-57.5702898,-37.9932937,"Avenida Colon 4600, Mar del Plata, Provincia de Buenos Aires, Argentina"
1077,562,,23,Mar del Plata,-57.5743265,-37.991243,"Avenida Colon y Avenida Juan Héctor Jara, Mar del Plata, Provincia de Buenos Aires, Argentina"
1078,562,,136,Mar del Plata,-57.5773882,-37.9896848,"Avenida Colon y Uruguay, Mar del Plata, Provincia de Buenos Aires, Argentina"
1079,562,,485,Mar del Plata,-57.5823898,-37.9871712,"Avenida Colon y Teodoro Bronzini, Mar del Plata, Provincia de Buenos Aires, Argentina"
1080,562,,340,Mar del Plata,-57.5933526,-37.981633,"Avenida Colon y David Ortega, Mar del Plata, Provincia de Buenos Aires, Argentina"
1081,562,,22,Mar del Plata,-57.5984115,-37.9790964,"Avenida Colon y Avenida Doctor Arturo Alió, Mar del Plata, Provincia de Buenos Aires, Argentina"
1082,562,,413,Mar del Plata,-57.6005163,-37.978019,"Avenida Colon y Termas de Río Hondo, Mar del Plata, Provincia de Buenos Aires, Argentina"
1083,562,,24,Mar del Plata,-57.6034481,-37.9764599,"Avenida Colon y José María Calaza, Mar del Plata, Provincia de Buenos Aires, Argentina"
1084,562,,414,Mar del Plata,-57.6114725,-37.9724395,"Avenida Colon y Brasil, Mar del Plata, Provincia de Buenos Aires, Argentina"
1085,562,,335,Mar del Plata,-57.6144444,-37.9709325,"Avenida Colon y Leguizamón Onésimo, Mar del Plata, Provincia de Buenos Aires, Argentina"
1086,562,,334,Mar del Plata,-57.6224621,-37.9668719,"Avenida Colon y Avenida Fermin Errea, Mar del Plata, Provincia de Buenos Aires, Argentina"
1087,562,,332,Mar del Plata,-57.6397427,-37.9581543,"Avenida Colon y Avenida Héctor Tarantino, Mar del Plata, Provincia de Buenos Aires, Argentina"
1088,562,,333,Mar del Plata,-57.6453511,-37.9627938,"Avenida Juan B. Justo & Avenida Héctor Tarantino, Mar del Plata, Provincia de Buenos Aires, Argentina"
1089,562,,395,Mar del Plata,-57.654964,-37.9554764,"J B Justo y Antunez, Mar del Plata, Provincia de Buenos Aires, Argentina"
1090,563,,61,Mar del Plata,-57.5440553,-38.044661,"Avenida de los Trabajadores & 12 de Octubre, Mar del Plata, Provincia de Buenos Aires, Argentina"
1091,563,,211,Mar del Plata,-57.5464008,-38.0442365,"Magallanes & Figueroa Alcorta, Mar del Plata, Provincia de Buenos Aires, Argentina"
1092,563,,382,Mar del Plata,-57.5464388,-38.0429034,"12 de Octubre & Bermejo, Mar del Plata, Provincia de Buenos Aires, Argentina"
1093,563,,33,Mar del Plata,-57.5482786,-38.0415439,"Avenida Edison & 12 de Octubre, Mar del Plata, Provincia de Buenos Aires, Argentina"
1094,563,,214,Mar del Plata,-57.5475286,-38.0367524,"Avenida Juan B. Justo & Urquiza, Mar del Plata, Provincia de Buenos Aires, Argentina"
1095,563,,43,Mar del Plata,-57.5500985,-38.0347907,"Avenida Juan B. Justo 800, Mar del Plata, Provincia de Buenos Aires, Argentina"
1096,563,,367,Mar del Plata,-57.5545189,-38.0314965,"Avenida Juan B. Justo & Martín Miguel de Güemes, Mar del Plata, Provincia de Buenos Aires, Argentina"
1097,563,,366,Mar del Plata,-57.5586371,-38.0283539,"Avenida Juan B. Justo & Fleming, Mar del Plata, Provincia de Buenos Aires, Argentina"
1098,563,,365,Mar del Plata,-57.562426,-38.0255469,"Avenida Juan B. Justo & Entre Ríos, Mar del Plata, Provincia de Buenos Aires, Argentina"
1099,563,,147,Mar del Plata,-57.5658417,-38.0229299,"Avenida Juan B. Justo & Talcahuano, Mar del Plata, Provincia de Buenos Aires, Argentina"
1100,563,,146,Mar del Plata,-57.5685457,-38.0210446,"Avenida Juan B. Justo & Bestoso, Mar del Plata, Provincia de Buenos Aires, Argentina"
1101,563,,702,Mar del Plata,-57.5711611,-38.0188999,"Avenida Juan B. Justo & Avenida Independencia, Mar del Plata, Provincia de Buenos Aires, Argentina"
1102,563,,46,Mar del Plata,-57.5739063,-38.0169489,"Avenida Juan B. Justo & España, Mar del Plata, Provincia de Buenos Aires, Argentina"
1103,563,,45,Mar del Plata,-57.5767165,-38.0148128,"Avenida Juan B. Justo & Américo Raúl Canosa, Mar del Plata, Provincia de Buenos Aires, Argentina"
1104,563,,144,Mar del Plata,-57.5800793,-38.0123217,"Avenida Juan B. Justo & San Juan, Mar del Plata, Provincia de Buenos Aires, Argentina"
1105,563,,465,Mar del Plata,-57.5835032,-38.00974,"Avenida Juan B. Justo & Italia, Mar del Plata, Provincia de Buenos Aires, Argentina"
1106,563,,145,Mar del Plata,-57.5871294,-38.0069555,"Avenida Juan B. Justo & Avenida Juan Héctor Jara, Mar del Plata, Provincia de Buenos Aires, Argentina"
1107,563,,44,Mar del Plata,-57.5923995,-38.0029781,"Avenida Juan B. Justo & Reforma Universitaria, Mar del Plata, Provincia de Buenos Aires, Argentina"
1108,563,,122,Mar del Plata,-57.5979268,-37.9993052,"Avenida Centenario, Mar del Plata, Provincia de Buenos Aires, Argentina"
1109,563,,47,Mar del Plata,-57.6028352,-37.9950965,"Avenida Juan B. Justo & Fernández J. N. , Mar del Plata, Provincia de Buenos Aires, Argentina"
1110,563,,123,Mar del Plata,-57.6081559,-37.9910767,"Avenida Juan B. Justo & Avenida Doctor Arturo Alió, Mar del Plata, Provincia de Buenos Aires, Argentina"
1111,563,,475,Mar del Plata,-57.6061479,-37.9885865,"Avenida Doctor Arturo Alió & Rodríguez Peña,, Mar del Plata, Provincia de Buenos Aires, Argentina"
1112,563,,16,Mar del Plata,-57.6035806,-37.9854445,"Avenida Doctor Arturo Alió & Alvarado, Mar del Plata, Provincia de Buenos Aires, Argentina"
1113,563,,231,Mar del Plata,-57.6022941,-37.9838523,"Avenida Doctor Arturo Alió & Garay, Mar del Plata, Provincia de Buenos Aires, Argentina"
1114,563,,129,Mar del Plata,-57.6003789,-37.9814854,"Gascón & Avenida Doctor Arturo Alió, Mar del Plata, Provincia de Buenos Aires, Argentina"
1115,563,,22,Mar del Plata,-57.5984115,-37.9790964,"Avenida Colon y Avenida Doctor Arturo Alió, Mar del Plata, Provincia de Buenos Aires, Argentina"
1116,563,,413,Mar del Plata,-57.6005163,-37.978019,"Avenida Colon y Termas de Río Hondo, Mar del Plata, Provincia de Buenos Aires, Argentina"
1117,563,,330,Mar del Plata,-57.5919961,-37.964031,"Ituzaingó & Coronel Suárez, Mar del Plata, Provincia de Buenos Aires, Argentina"
1118,563,,131,Mar del Plata,-57.5846765,-37.9621349,"Avenida Doctor Arturo Alió 100, Mar del Plata, Provincia de Buenos Aires, Argentina"
1119,563,,142,Mar del Plata,-57.5835018,-37.9605168,"Avenida Della Paolera & Falkner, Mar del Plata, Provincia de Buenos Aires, Argentina"
1120,563,,130,Mar del Plata,-57.5801545,-37.9568226,"Monseñor Zabala 53, Mar del Plata, Provincia de Buenos Aires, Argentina"
1121,563,,132,Mar del Plata,-57.5776386,-37.9534019,"Avenida Constitución & Avenida Della Paolera, Mar del Plata, Provincia de Buenos Aires, Argentina"
1122,563,,345,Mar del Plata,-57.5749993,-37.9501768,"Avenida Della Paolera & Mariani, Mar del Plata, Provincia de Buenos Aires, Argentina"
1123,563,,255,Mar del Plata,-57.5699147,-37.9438511,"Estrada y De La Paolera, Mar del Plata, Provincia de Buenos Aires, Argentina"
1124,563,,370,Mar del Plata,-57.5579859,-37.9500198,"Avenida José Manuel Estrada y Joaquin V.Gonzalez, Mar del Plata, Provincia de Buenos Aires, Argentina"
1125,563,,247,Mar del Plata,-57.5579333,-37.9435632,"carballo y Arroyo La Tapera, Mar del Plata, Provincia de Buenos Aires, Argentina"
1126,563,,593,Mar del Plata,-57.5496941,-37.9368941,"Mahatma Ghandi & Avenida Fray Luis Beltrán, Mar del Plata, Provincia de Buenos Aires, Argentina"
1127,563,,234,Mar del Plata,-57.544313,-37.9324819,"San Francisco de Asis & Mahatma Ghandi, Mar del Plata, Provincia de Buenos Aires, Argentina"
1128,563,,589,Mar del Plata,-57.5315803,-37.9323532,"Ruta Provincial 11 & Calle Scaglia, Mar del Plata, Provincia de Buenos Aires, Argentina"
