Real;Evento;año;mes;Tipo de Evento;Origen;N.º Cámara;Cámaras;Direccion 0;Direccion;Resultado;CIUDAD;PROVINCIA;PAIS;ENLACE;Longitud y Latitud;estado_coordenada
1;1;2023;1;Robo/Hurto Automotor;;;;Jacinto Peralta Ramos y Carasa;;Asiste Policia y Libera;Mar del Plata;Buenos Aires;Argentina;Jacinto Peralta Ramos y Carasa;-57.5868092,-38.0318692;ok
2;1;2023;1;Robo/Hurto Automotor;;;;Ratery y Solis;;Asiste Policia y Libera;Mar del Plata;Buenos Aires;Argentina;Ratery y Solis;-57.5815723,-38.0125329;ok
3;1;2023;1;Robo/Hurto Automotor;;;;Mario Bravo y Medrano;;Asiste Policia y Libera;Mar del Plata;Buenos Aires;Argentina;Mario Bravo y Medrano;-57.5481708,-38.0784006;ok
4;1;2023;1;Robo/Hurto Automotor;;;;Jacinto Peralta Ramos y Calabria;;Asiste Policia y Libera;Mar del Plata;Buenos Aires;Argentina;Jacinto Peralta Ramos y Calabria;-57.592699,-38.0367139;ok
5;1;2023;1;Robo/Hurto Automotor;;;;Belgrano y Mariano Acosta;;Detencion;Mar del Plata;Buenos Aires;Argentina;Belgrano y Mariano Acosta;-57.5854163,-37.9822201;ok
6;1;2023;1;Robo/Hurto Automotor;;;;Avenida Colon y Salta;;Asiste Policia y Libera;Mar del Plata;Buenos Aires;Argentina;Avenida Colon y Salta;-57.5573082,-37.9998646;ok
7;1;2023;1;Robo/Hurto Automotor;;;;Benito Lynch y Del Riego;;Se Realiza Seguimiento del Evento;Mar del Plata;Buenos Aires;Argentina;Benito Lynch y Del Riego;-57.589729,-38.0454299;ok
8;1;2023;1;Robo/Hurto Automotor;;;;Benito Lynch y Matteotti;;Persecucion Y Detencion;Mar del Plata;Buenos Aires;Argentina;Benito Lynch y Matteotti;-57.5906245,-38.044807;ok
9;1;2023;1;Robo/Hurto Automotor;;;;Formosa y Hipolito Yrigoyen;;Se Realiza Seguimiento del Evento;Mar del Plata;Buenos Aires;Argentina;Formosa y Hipolito Yrigoyen;-57.5640717,-38.0154876;ok
10;1;2023;1;Robo/Hurto Automotor;;;;Aragon y Jose Ingenieros;;Asiste Policia y Libera;Mar del Plata;Buenos Aires;Argentina;Aragon y Jose Ingenieros;-57.5533164,-37.9633239;ok
11;1;2023;1;Robo/Hurto Automotor;;;;San Antonio y Hernandarias;;No Asiste;Mar del Plata;Buenos Aires;Argentina;San Antonio y Hernandarias;-57.5993714,-38.008717;ok
12;1;2023;1;Robo/Hurto Automotor;;;;Mendoza y Patricio Peralta Ramos;;Asiste Policia y Libera;Mar del Plata;Buenos Aires;Argentina;Mendoza y Patricio Peralta Ramos;-57.5327923,-38.0099314;ok
13;1;2023;1;Robo/Hurto Automotor;;;;Constitucion y Marcos Sastre;;Asiste Policia y Libera;Mar del Plata;Buenos Aires;Argentina;Constitucion y Marcos Sastre;-57.55768,-37.9634654;ok
14;1;2023;1;Robo/Hurto Automotor;;;;Arturo Alio y Castelli;;Asiste Policia y Libera;Mar del Plata;Buenos Aires;Argentina;Arturo Alio y Castelli;-57.6035806,-37.985445;ok
15;1;2023;1;Robo/Hurto Automotor;;;;De La Plaza y Castex;;Asiste Policia y Libera;Mar del Plata;Buenos Aires;Argentina;De La Plaza y Castex;-57.5897057,-38.025842;ok
16;1;2023;1;Robo/Hurto Automotor;;;;Belgrano y La Rioja;;Asiste Policia y Libera;Mar del Plata;Buenos Aires;Argentina;Belgrano y La Rioja;-57.5521515,-37.9989138;ok
17;1;2023;1;Robo/Hurto Automotor;;;;Independencia y Veinticinco de 05;;Hallazgo Automotor;Mar del Plata;Buenos Aires;Argentina;Independencia y Veinticinco de 05;-57.5516059,-37.9946947;ok
18;1;2023;1;Robo/Hurto Automotor;;;;Guemes y Falucho;;Asiste Policia y Libera;Mar del Plata;Buenos Aires;Argentina;Guemes y Falucho;-57.5385242,-38.0116954;ok
19;1;2023;1;Robo/Hurto Automotor;;;;Rivadavia y Corrientes;;Hallazgo Automotor;Mar del Plata;Buenos Aires;Argentina;Rivadavia y Corrientes;-57.54455,-38.00176;ok
20;1;2023;1;Robo/Hurto Automotor;;;;Jose M Estrada y Esquiu;;Asiste Policia y Libera;Mar del Plata;Buenos Aires;Argentina;Jose M Estrada y Esquiu;-57.5408554,-37.9585749;ok
21;1;2023;1;Robo/Hurto Automotor;;;;Ortega Y Gasset y Lijo Lopez;;Asiste Policia y Libera;Mar del Plata;Buenos Aires;Argentina;Ortega Y Gasset y Lijo Lopez;-57.5616779,-37.961495;ok
22;1;2023;1;Robo/Hurto Automotor;;;;Guemes y Falucho;;Asiste Policia y Libera;Mar del Plata;Buenos Aires;Argentina;Guemes y Falucho;-57.5385242,-38.0116954;ok
23;1;2023;1;Robo/Hurto Automotor;;;;Corrientes y Juan B Justo;;Asiste Policia y Libera;Mar del Plata;Buenos Aires;Argentina;Corrientes y Juan B Justo;-57.5632469,-38.0248773;ok
24;1;2023;1;Robo/Hurto Automotor;;;;Juan B Justo y Jacinto Peralta Ramos;;Asiste Policia y Libera;Mar del Plata;Buenos Aires;Argentina;Juan B Justo y Jacinto Peralta Ramos;-57.5712062,-38.0188113;ok
25;1;2023;1;Robo/Hurto Automotor;;;;Matheu y Independencia;;Asiste Policia y Libera;Mar del Plata;Buenos Aires;Argentina;Matheu y Independencia;-57.5665017,-38.0130939;ok
26;1;2023;1;Robo/Hurto Automotor;;;;Pedro Luro y Termas De Rio Hondo;;Asiste Policia y Libera;Mar del Plata;Buenos Aires;Argentina;Pedro Luro y Termas De Rio Hondo;-57.5965228,-37.9729874;ok
27;1;2023;1;Robo/Hurto Automotor;;;;Ayolas y Polonia;;Asiste Policia y Libera;Mar del Plata;Buenos Aires;Argentina;Ayolas y Polonia;-57.5920903,-38.0110334;ok
28;1;2023;1;Robo/Hurto Automotor;;;;Alberti y Sarmiento;;Asiste Policia y Libera;Mar del Plata;Buenos Aires;Argentina;Alberti y Sarmiento;-57.5427879,-38.0117493;ok
29;1;2023;1;Robo/Hurto Automotor;;;;Garay y Guemes;;Asiste Policia y Libera;Mar del Plata;Buenos Aires;Argentina;Garay y Guemes;-57.5410807,-38.0148829;ok
30;1;2023;1;Robo/Hurto Automotor;;;;Libertad y Mariano Acosta;;Asiste Policia y Libera;Mar del Plata;Buenos Aires;Argentina;Libertad y Mariano Acosta;-57.5833755,-37.9796492;ok
31;1;2023;1;Robo/Hurto Automotor;;;;Reforma Universitaria y Doce de 10;;Asiste Policia y Libera;Mar del Plata;Buenos Aires;Argentina;Reforma Universitaria y Doce de 10;-57.5957645,-38.0057303;ok
32;1;2023;1;Robo/Hurto Automotor;;;;Hipolito Yrigoyen y Alvarado;;Asiste Policia y Libera;Mar del Plata;Buenos Aires;Argentina;Hipolito Yrigoyen y Alvarado;-57.5583031,-38.0083321;ok
33;1;2023;1;Robo/Hurto Automotor;;;;Rivadavia y Corrientes;;Asiste Policia y Libera;Mar del Plata;Buenos Aires;Argentina;Rivadavia y Corrientes;-57.54455,-38.00176;ok
34;1;2023;1;Robo/Hurto Automotor;;;;Castelli y Chilabert;;Asiste Policia y Libera;Mar del Plata;Buenos Aires;Argentina;Castelli y Chilabert;-57.6099949,-37.9810722;ok
35;1;2023;1;Robo/Hurto Automotor;;;;Alsina y Garay;;Asiste Policia y Libera;Mar del Plata;Buenos Aires;Argentina;Alsina y Garay;-57.5430657,-38.0138413;ok
36;1;2023;1;Robo/Hurto Automotor;;;;Jara y Matheu;;Asiste Policia y Libera;Mar del Plata;Buenos Aires;Argentina;Jara y Matheu;-57.5846559,-38.0039636;ok
37;1;2023;1;Robo/Hurto Automotor;;;;San Juan y Moreno;;Asiste Policia y Libera;Mar del Plata;Buenos Aires;Argentina;San Juan y Moreno;-57.56499,-37.99369;ok
38;1;2023;1;Robo/Hurto Automotor;;;;Independencia y Primera Junta;;Asiste Policia y Libera;Mar del Plata;Buenos Aires;Argentina;Independencia y Primera Junta;-57.5642688,-38.0107267;ok
39;1;2023;1;Robo/Hurto Automotor;;;;Avellaneda y Aristobulo Del Valle;;Hallazgo Automotor;Mar del Plata;Buenos Aires;Argentina;Avellaneda y Aristobulo Del Valle;-57.5288615,-38.024548;ok
40;1;2023;2;Robo/Hurto Automotor;;;;De La Plaza y Brumana;;Asiste Policia y Libera;Mar del Plata;Buenos Aires;Argentina;De La Plaza y Brumana;-57.6023371,-38.0215586;ok
41;1;2023;2;Robo/Hurto Automotor;;;;Juan B Alberdi y Santa Fe;;Asiste Policia y Libera;Mar del Plata;Buenos Aires;Argentina;Juan B Alberdi y Santa Fe;-57.5436145,-37.9988532;ok
42;1;2023;2;Robo/Hurto Automotor;;;;Juan B Justo y Santiago Del Estero;;Asiste Policia y Libera;Mar del Plata;Buenos Aires;Argentina;Juan B Justo y Santiago Del Estero;-57.5649839,-38.0235368;ok
43;1;2023;2;Robo/Hurto Automotor;;;;Jacinto Peralta Ramos y Tripulacion Del Fournier;;Asiste Policia y Libera;Mar del Plata;Buenos Aires;Argentina;Jacinto Peralta Ramos y Tripulacion Del Fournier;-57.5843727,-38.0298687;ok
44;1;2023;2;Robo/Hurto Automotor;;;;Mendoza y Patricio Peralta Ramos;;Asiste Policia y Libera;Mar del Plata;Buenos Aires;Argentina;Mendoza y Patricio Peralta Ramos;-57.5327923,-38.0099314;ok
45;1;2023;2;Robo/Hurto Automotor;;;;De La Plaza y Polonia;;Hallazgo Automotor;Mar del Plata;Buenos Aires;Argentina;De La Plaza y Polonia;-57.603598,-38.020598;ok
46;1;2023;2;Robo/Hurto Automotor;;;;Mario Bravo y Thomas A Edison;;Secuestro De Vehiculo;Mar del Plata;Buenos Aires;Argentina;Mario Bravo y Thomas A Edison;-57.5712164,-38.0605849;ok
47;1;2023;2;Robo/Hurto Automotor;;;;De Los Trabajadores y Puan;;Asiste Policia y Libera;Mar del Plata;Buenos Aires;Argentina;De Los Trabajadores y Puan;-57.5474689,-38.0656162;ok
48;1;2023;2;Robo/Hurto Automotor;;;;Della Paolera y Constitucion;;Asiste Policia y Libera;Mar del Plata;Buenos Aires;Argentina;Della Paolera y Constitucion;-57.5776386,-37.95333;ok
49;1;2023;2;Robo/Hurto Automotor;;;;Alvarado y Dorrego;;Asiste Policia y Libera;Mar del Plata;Buenos Aires;Argentina;Alvarado y Dorrego;-57.5676466,-38.0037046;ok
50;1;2023;2;Robo/Hurto Automotor;;;;Juan B Justo y Arturo Alio;;Asiste Policia y Libera;Mar del Plata;Buenos Aires;Argentina;Juan B Justo y Arturo Alio;-57.6081434,-37.9910724;ok
51;1;2023;2;Robo/Hurto Automotor;;;;Juan B Alberdi y San Luis;;Asiste Policia y Libera;Mar del Plata;Buenos Aires;Argentina;Juan B Alberdi y San Luis;-57.5465117,-37.9972055;ok
52;1;2023;2;Robo/Hurto Automotor;;;;Saavedra y Salta;;Persecucion Y Perdida;Mar del Plata;Buenos Aires;Argentina;Saavedra y Salta;-57.5662977,-38.0110106;ok
53;1;2023;2;Robo/Hurto Automotor;;;;Roca y Cordoba;;Asiste Policia y Libera;Mar del Plata;Buenos Aires;Argentina;Roca y Cordoba;-57.5572707,-38.0122579;ok
54;1;2023;2;Robo/Hurto Automotor;;;;Tucuman y Avenida Colon;;Asiste Policia y Libera;Mar del Plata;Buenos Aires;Argentina;Tucuman y Avenida Colon;-57.5441781,-38.0065117;ok
55;1;2023;2;Robo/Hurto Automotor;;;;San Martin y Santiago Del Estero;;Persecucion Y Detencion;Mar del Plata;Buenos Aires;Argentina;San Martin y Santiago Del Estero;-57.5460202,-37.9998436;ok
56;1;2023;2;Robo/Hurto Automotor;;;;Avellaneda y Aristobulo Del Valle;;Asiste Policia y Libera;Mar del Plata;Buenos Aires;Argentina;Avellaneda y Aristobulo Del Valle;-57.5288615,-38.024548;ok
57;1;2023;2;Robo/Hurto Automotor;;;;Matteotti y Irala;;Asiste Unidad Sanitaria y Traslada;Mar del Plata;Buenos Aires;Argentina;Matteotti y Irala;-57.5711582,-38.028661;ok
58;1;2023;2;Robo/Hurto Automotor;;;;Gaboto y Florencio Sanchez;;No Asiste;Mar del Plata;Buenos Aires;Argentina;Gaboto y Florencio Sanchez;-57.571944,-38.0211079;ok
59;1;2023;2;Robo/Hurto Automotor;;;;Tucuman y Rodriguez Pena;;Asiste Policia y Libera;Mar del Plata;Buenos Aires;Argentina;Tucuman y Rodriguez Pena;-57.5518769,-38.016046;ok
60;1;2023;2;Robo/Hurto Automotor;;;;Villar y Carasa;;Hallazgo Automotor;Mar del Plata;Buenos Aires;Argentina;Villar y Carasa;-57.5877425,-38.0311607;ok
61;1;2023;2;Robo/Hurto Automotor;;;;Cordoba y San Lorenzo;;Asiste Policia y Libera;Mar del Plata;Buenos Aires;Argentina;Cordoba y San Lorenzo;-57.55657,-38.01144;ok
62;1;2023;2;Robo/Hurto Automotor;;;;Tucuman y Falucho;;Asiste Policia y Libera;Mar del Plata;Buenos Aires;Argentina;Tucuman y Falucho;-57.54552,-38.00816;ok
63;1;2023;2;Robo/Hurto Automotor;;;;Arturo Alio y San Lorenzo;;Asiste Policia y Libera;Mar del Plata;Buenos Aires;Argentina;Arturo Alio y San Lorenzo;-57.6048573,-37.9869944;ok
64;1;2023;2;Robo/Hurto Automotor;;;;Belgrano y Italia;;Asiste Policia y Libera;Mar del Plata;Buenos Aires;Argentina;Belgrano y Italia;-57.5682827,-37.9908686;ok
65;1;2023;2;Robo/Hurto Automotor;;;;Avellaneda y Estado De Israel;;Se Realiza Seguimiento del Evento;Mar del Plata;Buenos Aires;Argentina;Avellaneda y Estado De Israel;-57.6001763,-37.9882774;ok
66;1;2023;2;Robo/Hurto Automotor;;;;Cerrito y calle 73;;Hallazgo Automotor;Mar del Plata;Buenos Aires;Argentina;Cerrito y calle 73;-57.5873881,-38.0576814;ok
67;1;2023;2;Robo/Hurto Automotor;;;;Fermin Errea y Castelli;;Asiste Bomberos;Mar del Plata;Buenos Aires;Argentina;Fermin Errea y Castelli;-57.62701,-37.97243;ok
68;1;2023;2;Robo/Hurto Automotor;;;;Tripulacion Del Fournier y Posadas;;Asiste Policia y Libera;Mar del Plata;Buenos Aires;Argentina;Tripulacion Del Fournier y Posadas;-57.558964,-38.0489718;ok
69;1;2023;2;Robo/Hurto Automotor;;;;Doce de Octubre y Fernandez;;Asiste Policia y Libera;Mar del Plata;Buenos Aires;Argentina;Doce de Octubre y Fernandez;-57.6062347,-37.997846;ok
70;1;2023;2;Robo/Hurto Automotor;;;;Jara y Matheu;;Hallazgo Automotor;Mar del Plata;Buenos Aires;Argentina;Jara y Matheu;-57.5846559,-38.0039636;ok
71;1;2023;2;Robo/Hurto Automotor;;;;Hipolito Yrigoyen y Pedro Luro;;Asiste Policia y Libera;Mar del Plata;Buenos Aires;Argentina;Hipolito Yrigoyen y Pedro Luro;-57.549186,-37.9970295;ok
72;1;2023;2;Robo/Hurto Automotor;;;;Tetamanti y Manrique;;Hallazgo Automotor;Mar del Plata;Buenos Aires;Argentina;Tetamanti y Manrique;-57.6271485,-38.0235483;ok
73;1;2023;2;Robo/Hurto Automotor;;;;Thomas A Edison y Napoles;;Asiste Policia y Libera;Mar del Plata;Buenos Aires;Argentina;Thomas A Edison y Napoles;-57.5638926,-38.0545138;ok
74;1;2023;2;Robo/Hurto Automotor;;;;25 De mayo y Salta;;No Asiste;Mar del Plata;Buenos Aires;Argentina;25 De mayo y Salta;-57.55569,-37.9926;ok
75;1;2023;2;Robo/Hurto Automotor;;;;Ruta 11 y Calle 515;;Asiste Policia y Libera;Mar del Plata;Buenos Aires;Argentina;Ruta 11 y Calle 515;-57.60211,-38.1262993;ok
76;1;2023;2;Robo/Hurto Automotor;;;;Jara y Santa Cruz;;Asiste Policia y Libera;Mar del Plata;Buenos Aires;Argentina;Jara y Santa Cruz;-57.5607547,-37.9742374;ok
77;1;2023;2;Robo/Hurto Automotor;;;;Patricio Peralta Ramos y Lamadrid;;Asiste Policia y Libera;Mar del Plata;Buenos Aires;Argentina;Patricio Peralta Ramos y Lamadrid;-57.5415435,-38.0066792;ok
78;1;2023;2;Robo/Hurto Automotor;;;;Thomas A Edison y Calabria;;Asiste Policia y Libera;Mar del Plata;Buenos Aires;Argentina;Thomas A Edison y Calabria;-57.5663617,-38.0565808;ok
79;1;2023;2;Robo/Hurto Automotor;;;;Talcahuano y Benito Lynch;;Asiste Policia y Libera;Mar del Plata;Buenos Aires;Argentina;Talcahuano y Benito Lynch;-57.5914491,-38.0441375;ok
80;1;2023;3;Robo/Hurto Automotor;;;;Patricio Peralta Ramos y Chacabuco;;Asiste Policia y Libera;Mar del Plata;Buenos Aires;Argentina;Patricio Peralta Ramos y Chacabuco;-57.5452102,-37.989941;ok
81;1;2023;3;Robo/Hurto Automotor;;;;Juan B Justo y Espana;;Asiste Policia y Libera;Mar del Plata;Buenos Aires;Argentina;Juan B Justo y Espana;-57.5738956,-38.0168517;ok
82;1;2023;3;Robo/Hurto Automotor;;;;Falucho y Chaco;;No Asiste;Mar del Plata;Buenos Aires;Argentina;Falucho y Chaco;-57.5695957,-37.9959618;ok
83;1;2023;3;Robo/Hurto Automotor;;;;Juan B Justo y Tucuman;;Asiste Policia y Libera;Mar del Plata;Buenos Aires;Argentina;Juan B Justo y Tucuman;-57.5605993,-38.0268124;ok
84;1;2023;3;Robo/Hurto Automotor;;;;Alsina y Rawson;;Asiste Policia y Libera;Mar del Plata;Buenos Aires;Argentina;Alsina y Rawson;-57.5424318,-38.013034;ok
85;1;2023;3;Robo/Hurto Automotor;;;;italia y Beruti;;Hallazgo Automotor;Mar del Plata;Buenos Aires;Argentina;italia y Beruti;-57.55722,-37.97718;ok
86;1;2023;3;Robo/Hurto Automotor;;;;Avenida Colon y Corrientes;;Se Realiza Seguimiento del Evento;Mar del Plata;Buenos Aires;Argentina;Avenida Colon y Corrientes;-57.54719,-38.00499;ok
87;1;2023;3;Robo/Hurto Automotor;;;;De La Plaza y Inda;;Asiste Policia y Libera;Mar del Plata;Buenos Aires;Argentina;De La Plaza y Inda;-57.6062994,-38.018583;ok
88;1;2023;3;Robo/Hurto Automotor;;;;Alberti y Catamarca;;Asiste Policia y Libera;Mar del Plata;Buenos Aires;Argentina;Alberti y Catamarca;-57.5577514,-38.0041716;ok
89;1;2023;3;Robo/Hurto Automotor;;;;Jacinto Peralta Ramos y Guanahani;;Asiste Policia y Libera;Mar del Plata;Buenos Aires;Argentina;Jacinto Peralta Ramos y Guanahani;-57.57944,-38.02576;ok
90;1;2023;3;Robo/Hurto Automotor;;;;Talcahuano y Azopardo;;Asiste Policia y Libera;Mar del Plata;Buenos Aires;Argentina;Talcahuano y Azopardo;-57.5765977,-38.0317295;ok
91;1;2023;3;Robo/Hurto Automotor;;;;San Martin y Santiago Del Estero;;Asiste Policia y Libera;Mar del Plata;Buenos Aires;Argentina;San Martin y Santiago Del Estero;-57.5460202,-37.9998436;ok
92;1;2023;3;Robo/Hurto Automotor;;;;Felix U Camet y Strobel;;Asiste Policia y Libera;Mar del Plata;Buenos Aires;Argentina;Felix U Camet y Strobel;-57.5441722,-37.9791759;ok
93;1;2023;3;Robo/Hurto Automotor;;;;Luis Dellepiane y Soler;;Secuestro De Vehiculo;Mar del Plata;Buenos Aires;Argentina;Luis Dellepiane y Soler;-57.5810313,-38.0339045;ok
94;1;2023;3;Robo/Hurto Automotor;;;;Rivadavia y Chaco;;Hallazgo Automotor;Mar del Plata;Buenos Aires;Argentina;Rivadavia y Chaco;-57.5657024,-37.991062;ok
95;1;2023;3;Robo/Hurto Automotor;;;;Antartida Argentina y Chuyantuya;;Detencion;Mar del Plata;Buenos Aires;Argentina;Antartida Argentina y Chuyantuya;-57.6108909,-38.0565172;ok
96;1;2023;3;Robo/Hurto Automotor;;;;Patricio Peralta Ramos y Quintana;;Asiste Policia y Libera;Mar del Plata;Buenos Aires;Argentina;Patricio Peralta Ramos y Quintana;-57.533882,-38.0283737;ok
97;1;2023;3;Robo/Hurto Automotor;;;;De La Plaza y Alejandro Korn;;Asiste Policia y Libera;Mar del Plata;Buenos Aires;Argentina;De La Plaza y Alejandro Korn;-57.5666719,-38.0444026;ok
98;1;2023;3;Robo/Hurto Automotor;;;;Jujuy y Alvarado;;No Asiste;Mar del Plata;Buenos Aires;Argentina;Jujuy y Alvarado;-57.563455,-38.0057372;ok
99;1;2023;3;Robo/Hurto Automotor;;;;Pedro Luro y Hipolito Yrigoyen;;Asiste Policia y Libera;Mar del Plata;Buenos Aires;Argentina;Pedro Luro y Hipolito Yrigoyen;-57.549186,-37.9970295;ok
100;1;2023;3;Robo/Hurto Automotor;;;;Avenida Colon y Buenos Aires;;Asiste Policia y Libera;Mar del Plata;Buenos Aires;Argentina;Avenida Colon y Buenos Aires;-57.5451108,-38.006042;ok
101;1;2023;3;Robo/Hurto Automotor;;;;Independencia y Bolivar;;Asiste Policia y Libera;Mar del Plata;Buenos Aires;Argentina;Independencia y Bolivar;-57.5555506,-37.9994525;ok
102;1;2023;3;Robo/Hurto Automotor;;;;Independencia y Juan B Justo;;No Asiste;Mar del Plata;Buenos Aires;Argentina;Independencia y Juan B Justo;-57.571174,-38.0186507;ok
103;1;2023;3;Robo/Hurto Automotor;;;;Dorrego y Rodriguez Pena;;Asiste Policia y Libera;Mar del Plata;Buenos Aires;Argentina;Dorrego y Rodriguez Pena;-57.5700704,-38.0067057;ok
104;1;2023;3;Robo/Hurto Automotor;;;;Pedro Luro y Chile;;Hallazgo Automotor;Mar del Plata;Buenos Aires;Argentina;Pedro Luro y Chile;-57.5744893,-37.9841493;ok
105;1;2023;3;Robo/Hurto Automotor;;;;Inda y De La Plaza;;No Asiste;Mar del Plata;Buenos Aires;Argentina;Inda y De La Plaza;-57.6062994,-38.018583;ok
106;1;2023;3;Robo/Hurto Automotor;;;;Patricio Peralta Ramos y Tres de 02;;Asiste Policia y Libera;Mar del Plata;Buenos Aires;Argentina;Patricio Peralta Ramos y Tres de 02;-57.5413417,-37.9976494;ok
107;1;2023;3;Robo/Hurto Automotor;;;;Thomas A Edison y Soler;;Asiste Unidad Sanitaria y Traslada;Mar del Plata;Buenos Aires;Argentina;Thomas A Edison y Soler;-57.5687126,-38.0573339;ok
108;1;2023;3;Robo/Hurto Automotor;;;;Guerrico y Sicilia;;Asiste Policia y Libera;Mar del Plata;Buenos Aires;Argentina;Guerrico y Sicilia;-57.6039517,-38.050607;ok
109;1;2023;3;Robo/Hurto Automotor;;;;Independencia y Juan J Paso;;Asiste Policia y Libera;Mar del Plata;Buenos Aires;Argentina;Independencia y Juan J Paso;-57.56907,-38.01636;ok
110;1;2023;3;Robo/Hurto Automotor;;;;Pedro Luro y Del Libano;;Asiste Policia y Libera;Mar del Plata;Buenos Aires;Argentina;Pedro Luro y Del Libano;-57.587262,-37.977724;ok
111;1;2023;3;Robo/Hurto Automotor;;;;Genova y Gonzalez Chaves;;Asiste Policia y Libera;Mar del Plata;Buenos Aires;Argentina;Genova y Gonzalez Chaves;-57.5928205,-38.0339351;ok
112;1;2023;3;Robo/Hurto Automotor;;;;Alte Brown y Tucuman;;No Asiste;Mar del Plata;Buenos Aires;Argentina;Alte Brown y Tucuman;-57.5448609,-38.0073224;ok
113;1;2023;3;Robo/Hurto Automotor;;;;Pasteur y Juan A Pena;;Hallazgo Automotor;Mar del Plata;Buenos Aires;Argentina;Pasteur y Juan A Pena;-57.5527934,-37.971565;ok
114;1;2023;3;Robo/Hurto Automotor;;;;Mexico y Libertad;;Asiste Policia y Libera;Mar del Plata;Buenos Aires;Argentina;Mexico y Libertad;-57.5714964,-37.9788593;ok
115;1;2023;3;Robo/Hurto Automotor;;;;De La Plaza y Roque Saenz Pena;;Asiste Policia y Libera;Mar del Plata;Buenos Aires;Argentina;De La Plaza y Roque Saenz Pena;-57.5756798,-38.0362455;ok
116;1;2023;3;Robo/Hurto Automotor;;;;Dutto y Guanahani;;Asiste Policia y Libera;Mar del Plata;Buenos Aires;Argentina;Dutto y Guanahani;-57.5557643,-38.0435805;ok
117;1;2023;4;Robo/Hurto Automotor;;;;De La Plaza Fortunato y Giacomo Matteotti;;Asiste Policia y Libera;Mar del Plata;Buenos Aires;Argentina;De La Plaza Fortunato y Giacomo Matteotti;-57.5823727,-38.036624;ok
118;1;2023;4;Robo/Hurto Automotor;;;;General Manuel N. Savio y Doce de 10;;Asiste Policia y Libera;Mar del Plata;Buenos Aires;Argentina;General Manuel N. Savio y Doce de 10;-57.566665,-38.0276863;ok
119;1;2023;4;Robo/Hurto Automotor;;;;Polonia y Genova;;Asiste Policia y Libera;Mar del Plata;Buenos Aires;Argentina;Polonia y Genova;-57.6069651,-38.0232487;ok
120;1;2023;4;Robo/Hurto Automotor;;;;Avenida Victorio Tetamanti y Calabria;;Asiste Policia y Libera;Mar del Plata;Buenos Aires;Argentina;Avenida Victorio Tetamanti y Calabria;-57.6191429,-38.0168595;ok
121;1;2023;4;Robo/Hurto Automotor;;;;Jacinto Peralta Ramos y Hipolito Bouchard;;Asiste Policia y Libera;Mar del Plata;Buenos Aires;Argentina;Jacinto Peralta Ramos y Hipolito Bouchard;-57.5827199,-38.0283646;ok
122;1;2023;4;Robo/Hurto Automotor;;;;Polonia y Tripulantes Del Fournier;;Asiste Policia y Libera;Mar del Plata;Buenos Aires;Argentina;Polonia y Tripulantes Del Fournier;-57.6002709,-38.0178043;ok
123;1;2023;4;Robo/Hurto Automotor;;;;Doce de Octubre y Reforma Universitaria;;No Asiste;Mar del Plata;Buenos Aires;Argentina;Doce de Octubre y Reforma Universitaria;-57.5957379,-38.0057109;ok
124;1;2023;4;Robo/Hurto Automotor;;;;Avenida Juan B. Justo y Alejandro Fleming;;Asiste Policia y Libera;Mar del Plata;Buenos Aires;Argentina;Avenida Juan B. Justo y Alejandro Fleming;-57.5588087,-38.0283904;ok
125;1;2023;4;Robo/Hurto Automotor;;;;Champagnat y Alvarado Rudecindo;;Asiste Policia y Libera;Mar del Plata;Buenos Aires;Argentina;Champagnat y Alvarado Rudecindo;-57.5912394,-37.9916845;ok
126;1;2023;4;Robo/Hurto Automotor;;;;Bravo Mario y Avenida Victorio Tetamanti;;Asiste Policia y Libera;Mar del Plata;Buenos Aires;Argentina;Bravo Mario y Avenida Victorio Tetamanti;-57.6239449,-38.0208103;ok
127;1;2023;4;Robo/Hurto Automotor;;;;Avenida Pedro Luro y Brasil;;Asiste Policia y Libera;Mar del Plata;Buenos Aires;Argentina;Avenida Pedro Luro y Brasil;-57.60746,-37.9675;ok
128;1;2023;4;Robo/Hurto Automotor;;;;Tomas Alva Edison y Eduardo G. Carasa;;Asiste Policia y Libera;Mar del Plata;Buenos Aires;Argentina;Tomas Alva Edison y Eduardo G. Carasa;-57.5605454,-38.0517354;ok
129;1;2023;4;Robo/Hurto Automotor;;;;Champagnat y Alvarado Rudecindo;;Asiste Policia y Libera;Mar del Plata;Buenos Aires;Argentina;Champagnat y Alvarado Rudecindo;-57.5912394,-37.9916845;ok
130;1;2023;4;Robo/Hurto Automotor;;;;Jacinto Peralta Ramos y Arana Y Goiri;;Asiste Policia y Libera;Mar del Plata;Buenos Aires;Argentina;Jacinto Peralta Ramos y Arana Y Goiri;-57.5859745,-38.0312314;ok
131;1;2023;4;Robo/Hurto Automotor;;;;Juan Bautista Alberdi y Entre Rios;;Asiste Policia y Libera;Mar del Plata;Buenos Aires;Argentina;Juan Bautista Alberdi y Entre Rios;-57.5417316,-37.9995275;ok
132;1;2023;4;Robo/Hurto Automotor;;;;Calle 513 y Calle 36;;Hallazgo Automotor;Mar del Plata;Buenos Aires;Argentina;Calle 513 y Calle 36;-57.6064479,-38.111105;ok
133;1;2023;4;Robo/Hurto Automotor;;;;De La Plaza Fortunato y Juana Manso;;Asiste Policia y Libera;Mar del Plata;Buenos Aires;Argentina;De La Plaza Fortunato y Juana Manso;-57.5857954,-38.0340276;ok
134;1;2023;4;Robo/Hurto Automotor;;;;Dorrego y Veinticinco de 05;;Asiste Policia y Libera;Mar del Plata;Buenos Aires;Argentina;Dorrego y Veinticinco de 05;-57.5881438,-37.987541;ok
135;1;2023;4;Robo/Hurto Automotor;;;;Victoriano E. Montes y General 07 Argentino Roca;;Asiste Policia y Libera;Mar del Plata;Buenos Aires;Argentina;Victoriano E. Montes y General 07 Argentino Roca;-57.5924561,-37.994412;ok
136;1;2023;4;Robo/Hurto Automotor;;;;Avenida Pedro Luro y Jose M. Calaza Coronel;;Asiste Policia y Libera;Mar del Plata;Buenos Aires;Argentina;Avenida Pedro Luro y Jose M. Calaza Coronel;-57.5995934,-37.9716199;ok
137;1;2023;4;Robo/Hurto Automotor;;;;Avenida Juan B. Justo y San Juan;;Asiste Policia y Libera;Mar del Plata;Buenos Aires;Argentina;Avenida Juan B. Justo y San Juan;-57.58007,-38.01232;ok
138;1;2023;4;Robo/Hurto Automotor;;;;Calabria y Roque Saenz Peña;;Asiste Policia y Libera;Mar del Plata;Buenos Aires;Argentina;Calabria y Roque Saenz Peña;-57.5839246,-38.0433388;ok
139;1;2023;4;Robo/Hurto Automotor;;;;Santiago Del Estero y Falucho;;LPR - Se realiza seguimiento del vehiculo;Mar del Plata;Buenos Aires;Argentina;Santiago Del Estero y Falucho;-57.5504533,-38.0056094;ok
140;1;2023;4;Robo/Hurto Automotor;;;;Avenida Colon y Francia;;Asiste Policia y Libera;Mar del Plata;Buenos Aires;Argentina;Avenida Colon y Francia;-57.57432,-37.99124;ok
141;1;2023;4;Robo/Hurto Automotor;;;;Moreno y Gamal Abdel Nasser;;No Asiste;Mar del Plata;Buenos Aires;Argentina;Moreno y Gamal Abdel Nasser;-57.5910247,-37.9804427;ok
142;1;2023;4;Robo/Hurto Automotor;;;;O'higgins y Mendoza;;Asiste Policia y Libera;Mar del Plata;Buenos Aires;Argentina;O'higgins y Mendoza;-57.5503102,-38.031494;ok
143;1;2023;4;Robo/Hurto Automotor;;;;Moreno y Victoriano E. Montes;;Asiste Policia y Libera;Mar del Plata;Buenos Aires;Argentina;Moreno y Victoriano E. Montes;-57.5821487,-37.981645;ok
144;1;2023;4;Robo/Hurto Automotor;;;;Bravo Mario y Pescadores;;Asiste Policia y Libera;Mar del Plata;Buenos Aires;Argentina;Bravo Mario y Pescadores;-57.5676985,-38.063191;ok
145;1;2023;4;Robo/Hurto Automotor;;;;Avenida Colon y Juan F. Czetz Coronel;;Asiste Policia y Libera;Mar del Plata;Buenos Aires;Argentina;Avenida Colon y Juan F. Czetz Coronel;-57.6065124,-37.9750111;ok
146;1;2023;4;Robo/Hurto Automotor;;;;Avenida Colon y Champagnat;;Asiste Policia y Libera;Mar del Plata;Buenos Aires;Argentina;Avenida Colon y Champagnat;-57.5870464,-37.9846757;ok
147;1;2023;4;Robo/Hurto Automotor;;;;Guanahani y Rondeau;;Asiste Policia y Libera;Mar del Plata;Buenos Aires;Argentina;Guanahani y Rondeau;-57.5549174,-38.0442655;ok
148;1;2023;4;Robo/Hurto Automotor;;;;Avenida Pedro Luro y Ramon Carrillo;;Asiste Policia y Libera;Mar del Plata;Buenos Aires;Argentina;Avenida Pedro Luro y Ramon Carrillo;-57.62665,-37.95795;ok
149;1;2023;4;Robo/Hurto Automotor;;;;Ricardo Rojas y Joaquina Acevedo;;Asiste Policia y Libera;Mar del Plata;Buenos Aires;Argentina;Ricardo Rojas y Joaquina Acevedo;-57.5657246,-37.952635;ok
150;1;2023;4;Robo/Hurto Automotor;;;;Tres Arroyos y Primera Junta;;Asiste Policia y Libera;Mar del Plata;Buenos Aires;Argentina;Tres Arroyos y Primera Junta;-57.59872,-37.99346;ok
151;1;2023;4;Robo/Hurto Automotor;;;;Mario Bravo y Diagonal Cesar Gascon;;Asiste Policia y Libera;Mar del Plata;Buenos Aires;Argentina;Mario Bravo y Diagonal Cesar Gascon;-57.581308,-38.0530434;ok
152;1;2023;4;Robo/Hurto Automotor;;;;Champagnat y Esteban Gascon;;Se Realiza Seguimiento del Evento;Mar del Plata;Buenos Aires;Argentina;Champagnat y Esteban Gascon;-57.5885727,-37.9874699;ok
153;1;2023;4;Robo/Hurto Automotor;;;;San Salvador y Mariano Castex;;No Asiste;Mar del Plata;Buenos Aires;Argentina;San Salvador y Mariano Castex;-57.5837882,-38.0238277;ok
154;1;2023;4;Robo/Hurto Automotor;;;;Portugal y Veinticinco de Mayo;;Asiste Policia y Libera;Mar del Plata;Buenos Aires;Argentina;Portugal y Veinticinco de Mayo;-57.6138095,-37.963086;ok
155;1;2023;4;Robo/Hurto Automotor;;;;Avenida Independencia y Moreno;;Asiste Policia y Libera;Mar del Plata;Buenos Aires;Argentina;Avenida Independencia y Moreno;-57.5548978,-37.998769;ok
156;1;2023;4;Robo/Hurto Automotor;;;;Avenida Pedro Luro y Hipolito Yrigoyen;;Asiste Policia y Libera;Mar del Plata;Buenos Aires;Argentina;Avenida Pedro Luro y Hipolito Yrigoyen;-57.5491919,-37.997121;ok
157;1;2023;4;Robo/Hurto Automotor;;;;San Martin y La Pampa;;Asiste Policia y Libera;Mar del Plata;Buenos Aires;Argentina;San Martin y La Pampa;-57.5640567,-37.9907962;ok
158;1;2023;4;Robo/Hurto Automotor;;;;Paraguay y Balcarce;;Asiste Policia y Libera;Mar del Plata;Buenos Aires;Argentina;Paraguay y Balcarce;-57.6059138,-37.963847;ok
159;1;2023;4;Robo/Hurto Automotor;;;;Juana Manso y Hipolito Bouchard;;Se Realiza Seguimiento del Evento;Mar del Plata;Buenos Aires;Argentina;Juana Manso y Hipolito Bouchard;-57.5808505,-38.0299303;ok
160;1;2023;4;Robo/Hurto Automotor;;;;Martin Miguel De Guemes y Pringles;;Asiste Policia y Libera;Mar del Plata;Buenos Aires;Argentina;Martin Miguel De Guemes y Pringles;-57.5526392,-38.0292061;ok
161;1;2023;4;Robo/Hurto Automotor;;;;Diagonal Pueyrredon y Bolivar;;Asiste Policia y Libera;Mar del Plata;Buenos Aires;Argentina;Diagonal Pueyrredon y Bolivar;-57.5550295,-37.9998135;ok
162;1;2023;4;Robo/Hurto Automotor;;;;Avenida Juan B. Justo y Primero de Mayo;;Se Realiza Seguimiento del Evento;Mar del Plata;Buenos Aires;Argentina;Avenida Juan B. Justo y Primero de Mayo;-57.5879981,-38.0062071;ok
163;1;2023;4;Robo/Hurto Automotor;;;;Reforma Universitaria Bis y Ortiz De Zarate;;Asiste Policia y Libera;Mar del Plata;Buenos Aires;Argentina;Reforma Universitaria Bis y Ortiz De Zarate;-57.5989946,-38.0084618;ok
164;1;2023;4;Robo/Hurto Automotor;;;;Vieytes y Corrientes;;Asiste Policia y Libera;Mar del Plata;Buenos Aires;Argentina;Vieytes y Corrientes;-57.560728,-38.0217964;ok
165;1;2023;4;Robo/Hurto Automotor;;;;Avenida Pedro Luro y Cordoba;;Asiste Policia y Libera;Mar del Plata;Buenos Aires;Argentina;Avenida Pedro Luro y Cordoba;-57.546208,-37.998617;ok
166;1;2023;4;Robo/Hurto Automotor;;;;Santiago Del Estero y Juan Bautista Alberdi;;Asiste Policia y Libera;Mar del Plata;Buenos Aires;Argentina;Santiago Del Estero y Juan Bautista Alberdi;-57.5444724,-37.9981098;ok
167;1;2023;4;Robo/Hurto Automotor;;;;Champagnat y Esteban Gascon;;LPR - Se realiza seguimiento del vehiculo;Mar del Plata;Buenos Aires;Argentina;Champagnat y Esteban Gascon;-57.5885727,-37.9874699;ok
168;1;2023;4;Robo/Hurto Automotor;;;;Avenida Pedro Luro y Mario Abel Amaya Diputado;;Asiste Policia y Libera;Mar del Plata;Buenos Aires;Argentina;Avenida Pedro Luro y Mario Abel Amaya Diputado;-57.6256154,-37.9584026;ok
169;1;2023;4;Robo/Hurto Automotor;;;;Juan Martin Zabala Monseñor y San Jose De Calasanz;;Asiste Policia y Libera;Mar del Plata;Buenos Aires;Argentina;Juan Martin Zabala Monseñor y San Jose De Calasanz;-57.5783046,-37.9629829;ok
170;1;2023;4;Robo/Hurto Automotor;;;;Mariano Castex y Soler Miguel;;No Asiste;Mar del Plata;Buenos Aires;Argentina;Mariano Castex y Soler Miguel;-57.5886973,-38.0278818;ok
171;1;2023;4;Robo/Hurto Automotor;;;;Hipolito Yrigoyen y Nueve de Julio;;Asiste Policia y Libera;Mar del Plata;Buenos Aires;Argentina;Hipolito Yrigoyen y Nueve de Julio;-57.54786,-37.99544;ok
172;1;2023;4;Robo/Hurto Automotor;;;;Ituzaingo y Avenida Juan Hector Jara;;Asiste Policia y Libera;Mar del Plata;Buenos Aires;Argentina;Ituzaingo y Avenida Juan Hector Jara;-57.5639149,-37.978244;ok
173;1;2023;4;Robo/Hurto Automotor;;;;Avenida Constitucion y Chubut;;Asiste Policia y Libera;Mar del Plata;Buenos Aires;Argentina;Avenida Constitucion y Chubut;-57.5495718,-37.967634;ok
174;1;2023;4;Robo/Hurto Automotor;;;;Avenida Juan B. Justo y Veinte de Setiembre;;Asiste Policia y Libera;Mar del Plata;Buenos Aires;Argentina;Avenida Juan B. Justo y Veinte de Setiembre;-57.5747942,-38.0162031;ok
175;1;2023;4;Robo/Hurto Automotor;;;;Dorrego y Rawson;;Asiste Policia y Libera;Mar del Plata;Buenos Aires;Argentina;Dorrego y Rawson;-57.565501,-38.0013468;ok
176;1;2023;4;Robo/Hurto Automotor;;;;Avenida Juan B. Justo y Onesimo Leguizamon;;Hallazgo Automotor;Mar del Plata;Buenos Aires;Argentina;Avenida Juan B. Justo y Onesimo Leguizamon;-57.6221583,-37.9805063;ok
177;1;2023;4;Robo/Hurto Automotor;;;;Avenida Constitucion y Ratery Ingeniero;;Asiste Policia y Libera;Mar del Plata;Buenos Aires;Argentina;Avenida Constitucion y Ratery Ingeniero;-57.5534873,-37.965546;ok
178;1;2023;4;Robo/Hurto Automotor;;;;Jacinto Peralta Ramos y Eduardo G. Carasa;;Asiste Policia y Libera;Mar del Plata;Buenos Aires;Argentina;Jacinto Peralta Ramos y Eduardo G. Carasa;-57.5867933,-38.0319017;ok
179;1;2023;4;Robo/Hurto Automotor;;;;Avenida Pedro Luro y Salta;;Detencion;Mar del Plata;Buenos Aires;Argentina;Avenida Pedro Luro y Salta;-57.5533842,-37.994999;ok
180;1;2023;4;Robo/Hurto Automotor;;;;Avenida Pedro Luro y Senador Enzo Bordabehere;;Se Realiza Seguimiento del Evento;Mar del Plata;Buenos Aires;Argentina;Avenida Pedro Luro y Senador Enzo Bordabehere;-57.585454,-37.9787733;ok
181;1;2023;4;Robo/Hurto Automotor;;;;Avenida Pedro Luro y Ecuador;;Asiste Policia y Libera;Mar del Plata;Buenos Aires;Argentina;Avenida Pedro Luro y Ecuador;-57.6154948,-37.9635469;ok
182;1;2023;4;Robo/Hurto Automotor;;;;Moreno y Catamarca;;Se Realiza Seguimiento del Evento;Mar del Plata;Buenos Aires;Argentina;Moreno y Catamarca;-57.5538262,-37.9993111;ok
183;1;2023;4;Robo/Hurto Automotor;;;;Santa Fe y Castelli Juan Jose;;Asiste Policia y Libera;Mar del Plata;Buenos Aires;Argentina;Santa Fe y Castelli Juan Jose;-57.5527117,-38.0100613;ok
184;1;2023;5;Robo/Hurto Automotor;;;;Buenos Aires y Rivadavia;;Asiste Policia y Libera;Mar del Plata;Buenos Aires;Argentina;Buenos Aires y Rivadavia;-57.5425285,-38.0027615;ok
185;1;2023;5;Robo/Hurto Automotor;;;;Los Granados y Cabrera;;Asiste Policia y Libera;Mar del Plata;Buenos Aires;Argentina;Los Granados y Cabrera;-57.5409723,-37.9223101;ok
186;1;2023;5;Robo/Hurto Automotor;;;;Alberti y Malvinas;;No Asiste;Mar del Plata;Buenos Aires;Argentina;Alberti y Malvinas;-57.5859811,-37.9899047;ok
187;1;2023;5;Robo/Hurto Automotor;;;;Carlos Tejedor y Rio Negro;;Persecucion Y Perdida;Mar del Plata;Buenos Aires;Argentina;Carlos Tejedor y Rio Negro;-57.5601649,-37.9733683;ok
188;1;2023;5;Robo/Hurto Automotor;;;;Mario Bravo y Talcahuano;;Asiste Policia y Libera;Mar del Plata;Buenos Aires;Argentina;Mario Bravo y Talcahuano;-57.5928781,-38.0442821;ok
189;1;2023;5;Robo/Hurto Automotor;;;;Vertiz y Ruta 88;;Asiste Policia y Libera;Mar del Plata;Buenos Aires;Argentina;Vertiz y Ruta 88;-57.6084409,-38.0064862;ok
190;1;2023;5;Robo/Hurto Automotor;;;;De La Plaza y Luis Piedrabuena;;Asiste Policia y Libera;Mar del Plata;Buenos Aires;Argentina;De La Plaza y Luis Piedrabuena;-57.5518873,-38.059621;ok
191;1;2023;5;Robo/Hurto Automotor;;;;Fitte y Ayolas;;Asiste Policia y Libera;Mar del Plata;Buenos Aires;Argentina;Fitte y Ayolas;-57.6034596,-38.0023461;ok
192;1;2023;5;Robo/Hurto Automotor;;;;Roca y Paz;;Asiste Policia y Libera;Mar del Plata;Buenos Aires;Argentina;Roca y Paz;-57.5460357,-38.031449;ok
193;1;2023;5;Robo/Hurto Automotor;;;;Don Bosco y Belgrano;;Asiste Policia y Libera;Mar del Plata;Buenos Aires;Argentina;Don Bosco y Belgrano;-57.5703193,-37.9898399;ok
194;1;2023;5;Robo/Hurto Automotor;;;;Vertiz y Thomas A Edison;;Asiste Policia y Libera;Mar del Plata;Buenos Aires;Argentina;Vertiz y Thomas A Edison;-57.5548272,-38.0469065;ok
195;1;2023;5;Robo/Hurto Automotor;;;;Champagnat y San Lorenzo;;Asiste Policia y Libera;Mar del Plata;Buenos Aires;Argentina;Champagnat y San Lorenzo;-57.5929895,-37.9929066;ok
196;1;2023;5;Robo/Hurto Automotor;;;;Gascon y Misiones;;No Asiste;Mar del Plata;Buenos Aires;Argentina;Gascon y Misiones;-57.5712716,-37.9962367;ok
197;1;2023;5;Robo/Hurto Automotor;;;;Avenida Colon y Funes;;Asiste Policia y Libera;Mar del Plata;Buenos Aires;Argentina;Avenida Colon y Funes;-57.5643751,-37.9963307;ok
198;1;2023;5;Robo/Hurto Automotor;;;;San Luis y San Martin;;Asiste Policia y Libera;Mar del Plata;Buenos Aires;Argentina;San Luis y San Martin;-57.5479,-37.99895;ok
199;1;2023;5;Robo/Hurto Automotor;;;;Floribelo Acosta y Zabala;;Asiste Policia y Libera;Mar del Plata;Buenos Aires;Argentina;Floribelo Acosta y Zabala;-57.5798717,-37.956831;ok
200;1;2023;5;Robo/Hurto Automotor;;;;Patricio Peralta Ramos y Rivadavia;;Asiste Policia y Libera;Mar del Plata;Buenos Aires;Argentina;Patricio Peralta Ramos y Rivadavia;-57.5422023,-38.003057;ok
201;1;2023;5;Robo/Hurto Automotor;;;;Independencia y Vieytes;;Asiste Policia y Libera;Mar del Plata;Buenos Aires;Argentina;Independencia y Vieytes;-57.5698218,-38.0171997;ok
202;1;2023;5;Robo/Hurto Automotor;;;;Canata y Johanes Gutemberg;;Hallazgo Automotor;Mar del Plata;Buenos Aires;Argentina;Canata y Johanes Gutemberg;-57.5725638,-38.0532079;ok
203;1;2023;5;Robo/Hurto Automotor;;;;Alberti y Tucuman;;Asiste Policia y Libera;Mar del Plata;Buenos Aires;Argentina;Alberti y Tucuman;-57.5467915,-38.0097228;ok
204;1;2023;5;Robo/Hurto Automotor;;;;Vertiz y Ruta 88;;Asiste Policia y Libera;Mar del Plata;Buenos Aires;Argentina;Vertiz y Ruta 88;-57.6084409,-38.0064862;ok
205;1;2023;5;Robo/Hurto Automotor;;;;Mario Bravo y Juramento;;Detencion;Mar del Plata;Buenos Aires;Argentina;Mario Bravo y Juramento;-57.5781019,-38.0554475;ok
206;1;2023;5;Robo/Hurto Automotor;;;;Juan B Justo y Fernandez;;Asiste Policia y Libera;Mar del Plata;Buenos Aires;Argentina;Juan B Justo y Fernandez;-57.6028567,-37.9950754;ok
207;1;2023;5;Robo/Hurto Automotor;;;;Rodriguez Pena y Catamarca;;Asiste Policia y Libera;Mar del Plata;Buenos Aires;Argentina;Rodriguez Pena y Catamarca;-57.562871,-38.010512;ok
208;1;2023;5;Robo/Hurto Automotor;;;;Avenida Colon y Olazabal;;Asiste Policia y Libera;Mar del Plata;Buenos Aires;Argentina;Avenida Colon y Olazabal;-57.5653086,-37.9958294;ok
209;1;2023;5;Robo/Hurto Automotor;;;;Juan B Justo y San Luis;;Asiste Policia y Libera;Mar del Plata;Buenos Aires;Argentina;Juan B Justo y San Luis;-57.5667081,-38.022191;ok
210;1;2023;5;Robo/Hurto Automotor;;;;Constitucion y Chubut;;Asiste Policia y Libera;Mar del Plata;Buenos Aires;Argentina;Constitucion y Chubut;-57.5515749,-37.9665777;ok
211;1;2023;5;Robo/Hurto Automotor;;;;Juan B Alberdi y Santiago Del Estero;;Detencion;Mar del Plata;Buenos Aires;Argentina;Juan B Alberdi y Santiago Del Estero;-57.5446913,-37.9983565;ok
212;1;2023;5;Robo/Hurto Automotor;;;;Avenida Colon y Teodoro Bronzini;;Asiste Policia y Libera;Mar del Plata;Buenos Aires;Argentina;Avenida Colon y Teodoro Bronzini;-57.5824127,-37.9871355;ok
213;1;2023;5;Robo/Hurto Automotor;;;;Remedios De Escalada y Alberti;;Persecucion Y Detencion;Mar del Plata;Buenos Aires;Argentina;Remedios De Escalada y Alberti;-57.5979698,-37.9838514;ok
214;1;2023;5;Robo/Hurto Automotor;;;;Juan B Justo y Bordabehere;;No Asiste;Mar del Plata;Buenos Aires;Argentina;Juan B Justo y Bordabehere;-57.6002581,-37.99699;ok
215;1;2023;5;Robo/Hurto Automotor;;;;Belgrano y Santiago Del Estero;;Asiste Policia y Libera;Mar del Plata;Buenos Aires;Argentina;Belgrano y Santiago Del Estero;-57.54718,-38.00155;ok
216;1;2023;5;Robo/Hurto Automotor;;;;Rodriguez Pena y Olazabal;;Asiste Policia y Libera;Mar del Plata;Buenos Aires;Argentina;Rodriguez Pena y Olazabal;-57.5730252,-38.0053752;ok
217;1;2023;5;Robo/Hurto Automotor;;;;Pedro Luro y Portugal;;Asiste Policia y Libera;Mar del Plata;Buenos Aires;Argentina;Pedro Luro y Portugal;-57.6145542,-37.9640484;ok
218;1;2023;5;Robo/Hurto Automotor;;;;Independencia y San Lorenzo;;Asiste Policia y Libera;Mar del Plata;Buenos Aires;Argentina;Independencia y San Lorenzo;-57.5626671,-38.0083622;ok
219;1;2023;5;Robo/Hurto Automotor;;;;Hipolito Yrigoyen y San Martin;;Asiste Policia y Libera;Mar del Plata;Buenos Aires;Argentina;Hipolito Yrigoyen y San Martin;-57.5498715,-37.9979601;ok
220;1;2023;5;Robo/Hurto Automotor;;;;Garay y Sarmiento;;Detencion;Mar del Plata;Buenos Aires;Argentina;Garay y Sarmiento;-57.5440609,-38.0133395;ok
221;1;2023;5;Robo/Hurto Automotor;;;;Alberti y Entre Rios;;Asiste Policia y Libera;Mar del Plata;Buenos Aires;Argentina;Alberti y Entre Rios;-57.5487725,-38.0087081;ok
222;1;2023;5;Robo/Hurto Automotor;;;;Chile y Alvarado;;Asiste Policia y Libera;Mar del Plata;Buenos Aires;Argentina;Chile y Alvarado;-57.5835592,-37.995611;ok
223;1;2023;5;Robo/Hurto Automotor;;;;Independencia y Juan J Paso;;Detencion;Mar del Plata;Buenos Aires;Argentina;Independencia y Juan J Paso;-57.56907,-38.01636;ok
224;1;2023;5;Robo/Hurto Automotor;;;;Independencia y Belgrano;;Asiste Policia y Libera;Mar del Plata;Buenos Aires;Argentina;Independencia y Belgrano;-57.5542745,-37.9979828;ok
225;1;2023;5;Robo/Hurto Automotor;;;;Juan B Justo y Espana;;Se Realiza Seguimiento del Evento;Mar del Plata;Buenos Aires;Argentina;Juan B Justo y Espana;-57.5738956,-38.0168517;ok
226;1;2023;5;Robo/Hurto Automotor;;;;Roca y Mexico;;Hallazgo Automotor;Mar del Plata;Buenos Aires;Argentina;Roca y Mexico;-57.586594,-37.997467;ok
227;1;2023;5;Robo/Hurto Automotor;;;;Tierra Del Fuego y San Lorenzo;;Asiste Policia y Libera;Mar del Plata;Buenos Aires;Argentina;Tierra Del Fuego y San Lorenzo;-57.5875989,-37.9956068;ok
228;1;2023;5;Robo/Hurto Automotor;;;;Larrea y Veinte de Setiembre;;Se Realiza Seguimiento del Evento;Mar del Plata;Buenos Aires;Argentina;Larrea y Veinte de Setiembre;-57.574474,-38.015987;ok
229;1;2023;5;Robo/Hurto Automotor;;;;Pedro Luro y Arturo Alio;;No Asiste;Mar del Plata;Buenos Aires;Argentina;Pedro Luro y Arturo Alio;-57.594537,-37.9742516;ok
230;1;2023;5;Robo/Hurto Automotor;;;;Avenida Colon y Catorce de 07;;Asiste Policia y Libera;Mar del Plata;Buenos Aires;Argentina;Avenida Colon y Catorce de 07;-57.5612598,-37.9978184;ok
231;1;2023;5;Robo/Hurto Automotor;;;;De La Plaza y Gianelli;;Asiste Policia y Libera;Mar del Plata;Buenos Aires;Argentina;De La Plaza y Gianelli;-57.5744242,-38.042711;ok
232;1;2023;5;Robo/Hurto Automotor;;;;Rivadavia y Nasser;;Hallazgo Automotor;Mar del Plata;Buenos Aires;Argentina;Rivadavia y Nasser;-57.5897523,-37.9788809;ok
233;1;2023;5;Robo/Hurto Automotor;;;;Marcelo T De Alvear y Ayolas;;Asiste Policia y Libera;Mar del Plata;Buenos Aires;Argentina;Marcelo T De Alvear y Ayolas;-57.5593792,-38.0357498;ok
234;1;2023;5;Robo/Hurto Automotor;;;;Carlos Tejedor y Valencia;;Detencion;Mar del Plata;Buenos Aires;Argentina;Carlos Tejedor y Valencia;-57.5543608,-37.9659224;ok
235;1;2023;5;Robo/Hurto Automotor;;;;Rivadavia y Montes;;Detencion;Mar del Plata;Buenos Aires;Argentina;Rivadavia y Montes;-57.5827587,-37.9823859;ok
236;1;2023;6;Robo/Hurto Automotor;;;;Pedro Luro y Canada;;Asiste Policia y Libera;Mar del Plata;Buenos Aires;Argentina;Pedro Luro y Canada;-57.61247,-37.9650643;ok
237;1;2023;6;Robo/Hurto Automotor;;;;Avenida Colon y Buenos Aires;;No Asiste;Mar del Plata;Buenos Aires;Argentina;Avenida Colon y Buenos Aires;-57.5451108,-38.006042;ok
238;1;2023;6;Robo/Hurto Automotor;;;;Juan B Justo y Marconi;;No Asiste;Mar del Plata;Buenos Aires;Argentina;Juan B Justo y Marconi;-57.5889117,-38.0055661;ok
239;1;2023;6;Robo/Hurto Automotor;;;;Thomas A Edison y Ayolas;;Asiste Policia y Libera;Mar del Plata;Buenos Aires;Argentina;Thomas A Edison y Ayolas;-57.55148,-38.044304;ok
240;1;2023;6;Robo/Hurto Automotor;;;;Hipolito Yrigoyen y Tres de 02;;Asiste Policia y Libera;Mar del Plata;Buenos Aires;Argentina;Hipolito Yrigoyen y Tres de 02;-57.5472084,-37.9946719;ok
241;1;2023;6;Robo/Hurto Automotor;;;;San Luis y San Martin;;Asiste Policia y Libera;Mar del Plata;Buenos Aires;Argentina;San Luis y San Martin;-57.5479,-37.99895;ok
242;1;2023;6;Robo/Hurto Automotor;;;;Pedro Luro y Bailey;;Asiste Policia y Libera;Mar del Plata;Buenos Aires;Argentina;Pedro Luro y Bailey;-57.6094266,-37.9666179;ok
243;1;2023;6;Robo/Hurto Automotor;;;;Genova y Juan D'arienzo;;Asiste Policia y Libera;Mar del Plata;Buenos Aires;Argentina;Genova y Juan D'arienzo;-57.6192661,-38.0137137;ok
244;1;2023;6;Robo/Hurto Automotor;;;;Vertiz y Florencio Sanchez;;Asiste Policia y Libera;Mar del Plata;Buenos Aires;Argentina;Vertiz y Florencio Sanchez;-57.5801231,-38.0278163;ok
245;1;2023;6;Robo/Hurto Automotor;;;;San Luis y Rivadavia;;Asiste Policia y Libera;Mar del Plata;Buenos Aires;Argentina;San Luis y Rivadavia;-57.5485527,-37.9997643;ok
246;1;2023;6;Robo/Hurto Automotor;;;;Avenida Colon y Bailey;;Asiste Policia y Libera;Mar del Plata;Buenos Aires;Argentina;Avenida Colon y Bailey;-57.6095317,-37.9664431;ok
247;1;2023;6;Robo/Hurto Automotor;;;;Gaboto y Camusso;;Asiste Policia y Libera;Mar del Plata;Buenos Aires;Argentina;Gaboto y Camusso;-57.5849991,-38.0112623;ok
248;1;2023;6;Robo/Hurto Automotor;;;;Juan J Paso y Santa Fe;;Asiste Policia y Libera;Mar del Plata;Buenos Aires;Argentina;Juan J Paso y Santa Fe;-57.5610713,-38.0203822;ok
249;1;2023;6;Robo/Hurto Automotor;;;;Paseo Victoria Ocampo y Formosa;;Asiste Policia y Libera;Mar del Plata;Buenos Aires;Argentina;Paseo Victoria Ocampo y Formosa;-57.5348274,-38.0302419;ok
250;1;2023;6;Robo/Hurto Automotor;;;;Calabria y Thomas A Edison;;Asiste Policia y Libera;Mar del Plata;Buenos Aires;Argentina;Calabria y Thomas A Edison;-57.5663617,-38.0565808;ok
251;1;2023;6;Robo/Hurto Automotor;;;;Azcuenaga y Cordoba;;Asiste Policia y Libera;Mar del Plata;Buenos Aires;Argentina;Azcuenaga y Cordoba;-57.564992,-38.02166;ok
252;1;2023;6;Robo/Hurto Automotor;;;;25 De mayo y Hipolito Yrigoyen;;Asiste Policia y Libera;Mar del Plata;Buenos Aires;Argentina;25 De mayo y Hipolito Yrigoyen;-57.5484942,-37.9962595;ok
253;1;2023;6;Robo/Hurto Automotor;;;;Rivadavia y Don Bosco;;Asiste Policia y Libera;Mar del Plata;Buenos Aires;Argentina;Rivadavia y Don Bosco;-57.5696825,-37.9890453;ok
254;1;2023;6;Robo/Hurto Automotor;;;;Polonia y De La Plaza;;Asiste Unidad Sanitaria y No Traslada;Mar del Plata;Buenos Aires;Argentina;Polonia y De La Plaza;-57.603598,-38.020598;ok
255;1;2023;6;Robo/Hurto Automotor;;;;Alejandro Korn y Doce de 10;;Se Realiza Seguimiento del Evento;Mar del Plata;Buenos Aires;Argentina;Alejandro Korn y Doce de 10;-57.5560214,-38.0357038;ok
256;1;2023;6;Robo/Hurto Automotor;;;;San Martin y Cordoba;;Hallazgo Automotor;Mar del Plata;Buenos Aires;Argentina;San Martin y Cordoba;-57.5468956,-37.9994085;ok
257;1;2023;6;Robo/Hurto Automotor;;;;Polonia y Magallanes;;Asiste Policia y Libera;Mar del Plata;Buenos Aires;Argentina;Polonia y Magallanes;-57.5912727,-38.0103417;ok
258;1;2023;6;Robo/Hurto Automotor;;;;España y Juan B Justo;;Asiste Policia y Libera;Mar del Plata;Buenos Aires;Argentina;España y Juan B Justo;-57.5738956,-38.0168517;ok
259;1;2023;6;Robo/Hurto Automotor;;;;Rodriguez Pena y Tres Arroyos;;Asiste Policia y Libera;Mar del Plata;Buenos Aires;Argentina;Rodriguez Pena y Tres Arroyos;-57.5981034,-37.992672;ok
260;1;2023;6;Robo/Hurto Automotor;;;;Genova y Dolores;;Asiste Policia y Libera;Mar del Plata;Buenos Aires;Argentina;Genova y Dolores;-57.5936424,-38.0334047;ok
261;1;2023;6;Robo/Hurto Automotor;;;;Catamarca y San Martin;;Se Realiza Seguimiento del Evento;Mar del Plata;Buenos Aires;Argentina;Catamarca y San Martin;-57.5519186,-37.9969473;ok
262;1;2023;6;Robo/Hurto Automotor;;;;Constitucion y Derqui;;Asiste Policia y Libera;Mar del Plata;Buenos Aires;Argentina;Constitucion y Derqui;-57.543546,-37.97015;ok
263;1;2023;6;Robo/Hurto Automotor;;;;San Juan y Matheu;;Asiste Policia y Libera;Mar del Plata;Buenos Aires;Argentina;San Juan y Matheu;-57.5765691,-38.008042;ok
264;1;2023;6;Robo/Hurto Automotor;;;;Vertiz y Mac Gaul;;Asiste Policia y Libera;Mar del Plata;Buenos Aires;Argentina;Vertiz y Mac Gaul;-57.6165115,-38.0188982;ok
265;1;2023;6;Robo/Hurto Automotor;;;;Matteotti y Benito Lynch;;Asiste Policia y Libera;Mar del Plata;Buenos Aires;Argentina;Matteotti y Benito Lynch;-57.5906245,-38.044807;ok
266;1;2023;6;Robo/Hurto Automotor;;;;Rodriguez Pena y Paseo Davila;;Asiste Policia y Libera;Mar del Plata;Buenos Aires;Argentina;Rodriguez Pena y Paseo Davila;-57.5317652,-38.0262262;ok
267;1;2023;6;Robo/Hurto Automotor;;;;Guemes y Alberti;;Detencion;Mar del Plata;Buenos Aires;Argentina;Guemes y Alberti;-57.53982,-38.0132307;ok
268;1;2023;6;Robo/Hurto Automotor;;;;San Juan y Avellaneda;;Asiste Policia y Libera;Mar del Plata;Buenos Aires;Argentina;San Juan y Avellaneda;-57.572095,-38.0025085;ok
269;1;2023;6;Robo/Hurto Automotor;;;;La Rioja y Pedro Luro;;Asiste Policia y Libera;Mar del Plata;Buenos Aires;Argentina;La Rioja y Pedro Luro;-57.5502292,-37.9965491;ok
270;1;2023;6;Robo/Hurto Automotor;;;;Tucuman y Pringles;;Asiste Policia y Libera;Mar del Plata;Buenos Aires;Argentina;Tucuman y Pringles;-57.55963,-38.02569;ok
271;1;2023;6;Robo/Hurto Automotor;;;;Talcahuano y Mario Bravo;;Asiste Policia y Libera;Mar del Plata;Buenos Aires;Argentina;Talcahuano y Mario Bravo;-57.5928781,-38.0442821;ok
272;1;2023;6;Robo/Hurto Automotor;;;;Doce de Octubre y Talcahuano;;Asiste Policia y Libera;Mar del Plata;Buenos Aires;Argentina;Doce de Octubre y Talcahuano;-57.5692219,-38.02573;ok
273;1;2023;6;Robo/Hurto Automotor;;;;Manso y Mario Bravo;;Asiste Policia y Libera;Mar del Plata;Buenos Aires;Argentina;Manso y Mario Bravo;-57.5956687,-38.0421443;ok
274;1;2023;6;Robo/Hurto Automotor;;;;Avenida Colon y Bartolome Mitre;;Asiste Policia y Libera;Mar del Plata;Buenos Aires;Argentina;Avenida Colon y Bartolome Mitre;-57.5521471,-38.0024937;ok
275;1;2023;6;Robo/Hurto Automotor;;;;Guemes y Garay;;Asiste Policia y Libera;Mar del Plata;Buenos Aires;Argentina;Guemes y Garay;-57.5410807,-38.0148829;ok
276;1;2023;6;Robo/Hurto Automotor;;;;Rodriguez Pena y Arturo Alio;;Asiste Policia y Libera;Mar del Plata;Buenos Aires;Argentina;Rodriguez Pena y Arturo Alio;-57.6061586,-37.9885569;ok
277;1;2023;7;Robo/Hurto Automotor;;;;De La Plaza y Polonia;;Asiste Policia y Libera;Mar del Plata;Buenos Aires;Argentina;De La Plaza y Polonia;-57.603598,-38.020598;ok
278;1;2023;7;Robo/Hurto Automotor;;;;Avenida Colon y Grecia;;Asiste Policia y Libera;Mar del Plata;Buenos Aires;Argentina;Avenida Colon y Grecia;-57.5973624,-37.979588;ok
279;1;2023;7;Robo/Hurto Automotor;;;;Benito Lynch y Talcahuano;;Asiste Policia y Libera;Mar del Plata;Buenos Aires;Argentina;Benito Lynch y Talcahuano;-57.5914491,-38.0441375;ok
280;1;2023;7;Robo/Hurto Automotor;;;;Rosales y Esteban Echeverria;;Asiste Policia y Libera;Mar del Plata;Buenos Aires;Argentina;Rosales y Esteban Echeverria;-57.5747932,-38.035753;ok
281;1;2023;7;Robo/Hurto Automotor;;;;Libertad y Marconi;;Asiste Policia y Libera;Mar del Plata;Buenos Aires;Argentina;Libertad y Marconi;-57.568567,-37.9804459;ok
282;1;2023;7;Robo/Hurto Automotor;;;;Mario Bravo y Talcahuano;;Asiste Policia y Libera;Mar del Plata;Buenos Aires;Argentina;Mario Bravo y Talcahuano;-57.5928781,-38.0442821;ok
283;1;2023;7;Robo/Hurto Automotor;;;;Champagnat y Venticinco de 05;;Asiste Policia y Libera;Mar del Plata;Buenos Aires;Argentina;Champagnat y Venticinco de 05;-57.581859,-37.9793792;ok
284;1;2023;7;Robo/Hurto Automotor;;;;Rivadavia y La Rioja;;Asiste Policia y Libera;Mar del Plata;Buenos Aires;Argentina;Rivadavia y La Rioja;-57.5515614,-37.998247;ok
285;1;2023;7;Robo/Hurto Automotor;;;;San Luis y San Martin;;Asiste Policia y Libera;Mar del Plata;Buenos Aires;Argentina;San Luis y San Martin;-57.5479,-37.99895;ok
286;1;2023;7;Robo/Hurto Automotor;;;;Catamarca y Pedro Luro;;Asiste Policia y Libera;Mar del Plata;Buenos Aires;Argentina;Catamarca y Pedro Luro;-57.5512018,-37.9960947;ok
287;1;2023;7;Robo/Hurto Automotor;;;;Juan B Alberdi y San Luis;;Asiste Policia y Libera;Mar del Plata;Buenos Aires;Argentina;Juan B Alberdi y San Luis;-57.5465117,-37.9972055;ok
288;1;2023;7;Robo/Hurto Automotor;;;;Benito Lynch y Matteotti;;Asiste Policia y Libera;Mar del Plata;Buenos Aires;Argentina;Benito Lynch y Matteotti;-57.5906245,-38.044807;ok
289;1;2023;7;Robo/Hurto Automotor;;;;Alvarado y Corrientes;;Asiste Policia y Libera;Mar del Plata;Buenos Aires;Argentina;Alvarado y Corrientes;-57.5523207,-38.0113686;ok
290;1;2023;7;Robo/Hurto Automotor;;;;San Juan y Rivadavia;;Asiste Policia y Libera;Mar del Plata;Buenos Aires;Argentina;San Juan y Rivadavia;-57.5636931,-37.9920791;ok
291;1;2023;7;Robo/Hurto Automotor;;;;Tucuman y Alte Brown;;Asiste Policia y Libera;Mar del Plata;Buenos Aires;Argentina;Tucuman y Alte Brown;-57.5448609,-38.0073224;ok
292;1;2023;7;Robo/Hurto Automotor;;;;Tres de 02 y Independencia;;Secuestro De Vehiculo;Mar del Plata;Buenos Aires;Argentina;Tres de 02 y Independencia;-57.5503203,-37.9930916;ok
293;1;2023;7;Robo/Hurto Automotor;;;;Corrientes y Alvarado;;Asiste Policia y Libera;Mar del Plata;Buenos Aires;Argentina;Corrientes y Alvarado;-57.5523207,-38.0113686;ok
294;1;2023;7;Robo/Hurto Automotor;;;;Alberti y Juncal;;Asiste Policia y Libera;Mar del Plata;Buenos Aires;Argentina;Alberti y Juncal;-57.5869875,-37.9893958;ok
295;1;2023;7;Robo/Hurto Automotor;;;;Santiago Del Estero y Juan J Paso;;Asiste Policia y Libera;Mar del Plata;Buenos Aires;Argentina;Santiago Del Estero y Juan J Paso;-57.5620124,-38.0198328;ok
296;1;2023;7;Robo/Hurto Automotor;;;;Pedro Luro y Neuquen;;Asiste Policia y Libera;Mar del Plata;Buenos Aires;Argentina;Pedro Luro y Neuquen;-57.5663445,-37.988436;ok
297;1;2023;7;Robo/Hurto Automotor;;;;Alberti y Arenales;;Detencion;Mar del Plata;Buenos Aires;Argentina;Alberti y Arenales;-57.5457747,-38.0102424;ok
298;1;2023;7;Robo/Hurto Automotor;;;;Alvarado y Mexico;;Hallazgo Automotor;Mar del Plata;Buenos Aires;Argentina;Alvarado y Mexico;-57.5846166,-37.9950818;ok
299;1;2023;7;Robo/Hurto Automotor;;;;Primera Junta y Arturo Alio;;Asiste Policia y Libera;Mar del Plata;Buenos Aires;Argentina;Primera Junta y Arturo Alio;-57.6033207,-37.992231;ok
300;1;2023;7;Robo/Hurto Automotor;;;;Alberto Einstein y Mario Bravo;;Asiste Policia y Libera;Mar del Plata;Buenos Aires;Argentina;Alberto Einstein y Mario Bravo;-57.5659608,-38.0644434;ok
301;1;2023;7;Robo/Hurto Automotor;;;;Ruta 88 y Napoles;;Asiste Policia y Libera;Mar del Plata;Buenos Aires;Argentina;Ruta 88 y Napoles;-57.618584,-38.0096483;ok
302;1;2023;7;Robo/Hurto Automotor;;;;Guemes y Gascon;;Asiste Policia y Libera;Mar del Plata;Buenos Aires;Argentina;Guemes y Gascon;-57.5391341,-38.0124087;ok
303;1;2023;8;Robo/Hurto Automotor;;;;Salta y Venticinco de 05;;Detencion;Mar del Plata;Buenos Aires;Argentina;Salta y Venticinco de 05;-57.55267,-37.99412;ok
304;1;2023;8;Robo/Hurto Automotor;;;;Pedro Luro y Entre Rios;;No Asiste;Mar del Plata;Buenos Aires;Argentina;Pedro Luro y Entre Rios;-57.5418433,-37.9999142;ok
305;1;2023;8;Robo/Hurto Automotor;;;;Moreno y Gral Pueyrredon;;Detencion;Mar del Plata;Buenos Aires;Argentina;Moreno y Gral Pueyrredon;-57.5537951,-37.9992299;ok
306;1;2023;8;Robo/Hurto Automotor;;;;Cerrito y Elcano;;Asiste Policia y Libera;Mar del Plata;Buenos Aires;Argentina;Cerrito y Elcano;-57.5577769,-38.0330675;ok
307;1;2023;8;Robo/Hurto Automotor;;;;Independencia y Alvarado;;Asiste Policia y Libera;Mar del Plata;Buenos Aires;Argentina;Independencia y Alvarado;-57.5613682,-38.0067445;ok
308;1;2023;8;Robo/Hurto Automotor;;;;De Los Inmigrantes y Magallanes;;Asiste Policia y Libera;Mar del Plata;Buenos Aires;Argentina;De Los Inmigrantes y Magallanes;-57.5865668,-38.0139121;ok
309;1;2023;8;Robo/Hurto Automotor;;;;Mario Bravo y Benito Lynch;;Asiste Policia y Libera;Mar del Plata;Buenos Aires;Argentina;Mario Bravo y Benito Lynch;-57.5509098,-38.0752486;ok
310;1;2023;8;Robo/Hurto Automotor;;;;Constitucion y Artigas;;Asiste Policia y Libera;Mar del Plata;Buenos Aires;Argentina;Constitucion y Artigas;-57.5567071,-37.9639616;ok
311;1;2023;8;Robo/Hurto Automotor;;;;Ituzaingo y La Pampa;;Asiste Policia y Libera;Mar del Plata;Buenos Aires;Argentina;Ituzaingo y La Pampa;-57.5568422,-37.9818581;ok
312;1;2023;8;Robo/Hurto Automotor;;;;Don Bosco y Nueve de Julio;;Asiste Policia y Libera;Mar del Plata;Buenos Aires;Argentina;Don Bosco y Nueve de Julio;-57.5670289,-37.9857338;ok
313;1;2023;8;Robo/Hurto Automotor;;;;Camusso y Elcano;;Asiste Policia y Libera;Mar del Plata;Buenos Aires;Argentina;Camusso y Elcano;-57.5858058,-38.0119672;ok
314;1;2023;8;Robo/Hurto Automotor;;;;Santa Fe y Roca;;Asiste Policia y Libera;Mar del Plata;Buenos Aires;Argentina;Santa Fe y Roca;-57.5552005,-38.013236;ok
315;1;2023;8;Robo/Hurto Automotor;;;;Talcahuano y Benito Lynch;;Asiste Policia y Libera;Mar del Plata;Buenos Aires;Argentina;Talcahuano y Benito Lynch;-57.5914491,-38.0441375;ok
316;1;2023;8;Robo/Hurto Automotor;;;;Olazabal y Brandsen;;Asiste Policia y Libera;Mar del Plata;Buenos Aires;Argentina;Olazabal y Brandsen;-57.5535399,-37.9812689;ok
317;1;2023;8;Robo/Hurto Automotor;;;;Arturo Alio y Pedro Luro;;Asiste Policia y Libera;Mar del Plata;Buenos Aires;Argentina;Arturo Alio y Pedro Luro;-57.594537,-37.9742516;ok
318;1;2023;8;Robo/Hurto Automotor;;;;Carlos M Alvear y Azcuenaga;;Asiste Policia y Libera;Mar del Plata;Buenos Aires;Argentina;Carlos M Alvear y Azcuenaga;-57.5510208,-38.028923;ok
319;1;2023;8;Robo/Hurto Automotor;;;;Moreno y Nasser;;Asiste Policia y Libera;Mar del Plata;Buenos Aires;Argentina;Moreno y Nasser;-57.5910354,-37.9804427;ok
320;1;2023;8;Robo/Hurto Automotor;;;;Rodriguez Pena y Independencia;;Asiste Policia y Libera;Mar del Plata;Buenos Aires;Argentina;Rodriguez Pena y Independencia;-57.5639362,-38.009929;ok
321;1;2023;8;Robo/Hurto Automotor;;;;Avenida Colon y Estado De Israel;;Asiste Policia y Libera;Mar del Plata;Buenos Aires;Argentina;Avenida Colon y Estado De Israel;-57.5943515,-37.9811118;ok
322;1;2023;8;Robo/Hurto Automotor;;;;Roca y Funes;;No Asiste;Mar del Plata;Buenos Aires;Argentina;Roca y Funes;-57.5713761,-38.005071;ok
323;1;2023;8;Robo/Hurto Automotor;;;;Guemes y Martin Rodriguez;;Asiste Policia y Libera;Mar del Plata;Buenos Aires;Argentina;Guemes y Martin Rodriguez;-57.5539049,-38.0307723;ok
324;1;2023;8;Robo/Hurto Automotor;;;;Tucuman y Gascon;;Asiste Policia y Libera;Mar del Plata;Buenos Aires;Argentina;Tucuman y Gascon;-57.5461474,-38.0089314;ok
325;1;2023;8;Robo/Hurto Automotor;;;;Talcahuano y Benito Lynch;;Asiste Policia y Libera;Mar del Plata;Buenos Aires;Argentina;Talcahuano y Benito Lynch;-57.5914491,-38.0441375;ok
326;1;2023;8;Robo/Hurto Automotor;;;;Reforma Universitaria y Gaboto;;Asiste Policia y Libera;Mar del Plata;Buenos Aires;Argentina;Reforma Universitaria y Gaboto;-57.5941379,-38.0043635;ok
327;1;2023;8;Robo/Hurto Automotor;;;;Independencia y Avellaneda;;Asiste Policia y Libera;Mar del Plata;Buenos Aires;Argentina;Independencia y Avellaneda;-57.562013,-38.00754;ok
328;1;2023;8;Robo/Hurto Automotor;;;;Patricio Peralta Ramos y Santa Cruz;;Hallazgo Automotor;Mar del Plata;Buenos Aires;Argentina;Patricio Peralta Ramos y Santa Cruz;-57.544483,-37.9824583;ok
329;1;2023;8;Robo/Hurto Automotor;;;;Independencia y Tres de 02;;Asiste Policia y Libera;Mar del Plata;Buenos Aires;Argentina;Independencia y Tres de 02;-57.5503203,-37.9930916;ok
330;1;2023;8;Robo/Hurto Automotor;;;;Pedro Luro y Catamarca;;Asiste Policia y Libera;Mar del Plata;Buenos Aires;Argentina;Pedro Luro y Catamarca;-57.5512018,-37.9960947;ok
331;1;2023;8;Robo/Hurto Automotor;;;;Cordoba y Juan B Alberdi;;Asiste Policia y Libera;Mar del Plata;Buenos Aires;Argentina;Cordoba y Juan B Alberdi;-57.5455192,-37.9977393;ok
332;1;2023;8;Robo/Hurto Automotor;;;;Rivadavia y Veinte de Setiembre;;Detencion;Mar del Plata;Buenos Aires;Argentina;Rivadavia y Veinte de Setiembre;-57.5577103,-37.9951458;ok
333;1;2023;8;Robo/Hurto Automotor;;;;Polonia y Vertiz;;Asiste Policia y Libera;Mar del Plata;Buenos Aires;Argentina;Polonia y Vertiz;-57.5969947,-38.0150894;ok
334;1;2023;8;Robo/Hurto Automotor;;;;San Martin y San Luis;;No Asiste;Mar del Plata;Buenos Aires;Argentina;San Martin y San Luis;-57.5479,-37.99895;ok
335;1;2023;8;Robo/Hurto Automotor;;;;Vignolo y Hernandarias;;Asiste Policia y Libera;Mar del Plata;Buenos Aires;Argentina;Vignolo y Hernandarias;-57.6040867,-38.007204;ok
336;1;2023;9;Robo/Hurto Automotor;;;;Libertad y Primero de Mayo;;Asiste Policia y Libera;Mar del Plata;Buenos Aires;Argentina;Libertad y Primero de Mayo;-57.5675271,-37.9809479;ok
337;1;2023;9;Robo/Hurto Automotor;;;;Antartida Argentina y Calabria;;Persecucion Y Detencion;Mar del Plata;Buenos Aires;Argentina;Antartida Argentina y Calabria;-57.59218,-38.0370765;ok
338;1;2023;9;Robo/Hurto Automotor;;;;Italia y Falucho;;Asiste Policia y Libera;Mar del Plata;Buenos Aires;Argentina;Italia y Falucho;-57.5715881,-37.9949557;ok
339;1;2023;9;Robo/Hurto Automotor;;;;Vertiz y Brumana;;Persecucion Y Detencion;Mar del Plata;Buenos Aires;Argentina;Vertiz y Brumana;-57.5957105,-38.0160369;ok
340;1;2023;9;Robo/Hurto Automotor;;;;Necochea y Neuquen;;Asiste Policia y Libera;Mar del Plata;Buenos Aires;Argentina;Necochea y Neuquen;-57.5601608,-37.9790284;ok
341;1;2023;9;Robo/Hurto Automotor;;;;Tarantino y Pedro Luro;;LPR - Se realiza seguimiento del vehiculo;Mar del Plata;Buenos Aires;Argentina;Tarantino y Pedro Luro;-57.6360558,-37.953941;ok
342;1;2023;9;Robo/Hurto Automotor;;;;Acha y Carasa;;No Asiste;Mar del Plata;Buenos Aires;Argentina;Acha y Carasa;-57.5595853,-38.0523832;ok
343;1;2023;9;Robo/Hurto Automotor;;;;Tres de Febrero y Independencia;;Detencion;Mar del Plata;Buenos Aires;Argentina;Tres de Febrero y Independencia;-57.5503036,-37.9931106;ok
344;1;2023;9;Robo/Hurto Automotor;;;;Don Bosco y Belgrano;;Asiste Policia y Libera;Mar del Plata;Buenos Aires;Argentina;Don Bosco y Belgrano;-57.5703193,-37.9898399;ok
345;1;2023;9;Robo/Hurto Automotor;;;;Avenida Colon y Santiago Del Estero;;Asiste Policia y Libera;Mar del Plata;Buenos Aires;Argentina;Avenida Colon y Santiago Del Estero;-57.5491479,-38.0040073;ok
346;1;2023;9;Robo/Hurto Automotor;;;;Avenida Colon y Santiago Del Estero;;Asiste Policia y Libera;Mar del Plata;Buenos Aires;Argentina;Avenida Colon y Santiago Del Estero;-57.5491479,-38.0040073;ok
347;1;2023;9;Robo/Hurto Automotor;;;;Pedro Luro y Armenia;;Asiste Policia y Libera;Mar del Plata;Buenos Aires;Argentina;Pedro Luro y Armenia;-57.595653,-37.9736275;ok
348;1;2023;9;Robo/Hurto Automotor;;;;Independencia y Falucho;;Asiste Policia y Libera;Mar del Plata;Buenos Aires;Argentina;Independencia y Falucho;-57.5574896,-38.0021032;ok
349;1;2023;9;Robo/Hurto Automotor;;;;Rodriguez Pena y La Pampa;;Asiste Policia y Libera;Mar del Plata;Buenos Aires;Argentina;Rodriguez Pena y La Pampa;-57.5750182,-38.0043637;ok
350;1;2023;9;Robo/Hurto Automotor;;;;Tres Arroyos y Castelli;;Asiste Policia y Libera;Mar del Plata;Buenos Aires;Argentina;Tres Arroyos y Castelli;-57.5955129,-37.98953;ok
351;1;2023;9;Robo/Hurto Automotor;;;;Vertiz y Ruta 88;;Asiste Unidad Sanitaria y Traslada;Mar del Plata;Buenos Aires;Argentina;Vertiz y Ruta 88;-57.6084409,-38.0064862;ok
352;1;2023;9;Robo/Hurto Automotor;;;;Santiago Del Estero y Pedro Luro;;Persecucion Y Detencion;Mar del Plata;Buenos Aires;Argentina;Santiago Del Estero y Pedro Luro;-57.5452142,-37.9990718;ok
353;1;2023;9;Robo/Hurto Automotor;;;;Benito Lynch y Gianelli;;Asiste Policia y Libera;Mar del Plata;Buenos Aires;Argentina;Benito Lynch y Gianelli;-57.5825031,-38.0508421;ok
354;1;2023;9;Robo/Hurto Automotor;;;;Juan B Justo y Corrientes;;Asiste Policia y Libera;Mar del Plata;Buenos Aires;Argentina;Juan B Justo y Corrientes;-57.5632469,-38.0248773;ok
355;1;2023;9;Robo/Hurto Automotor;;;;De La Plaza y Agote;;Asiste Policia y Libera;Mar del Plata;Buenos Aires;Argentina;De La Plaza y Agote;-57.5726775,-38.0386189;ok
356;1;2023;9;Robo/Hurto Automotor;;;;Avenida Colon y Santiago Del Estero;;Asiste Policia y Libera;Mar del Plata;Buenos Aires;Argentina;Avenida Colon y Santiago Del Estero;-57.5491479,-38.0040073;ok
357;1;2023;9;Robo/Hurto Automotor;;;;Pedro Luro y Armenia;;Asiste Policia y Libera;Mar del Plata;Buenos Aires;Argentina;Pedro Luro y Armenia;-57.595653,-37.9736275;ok
358;1;2023;9;Robo/Hurto Automotor;;;;Guemes y Gascon;;Asiste Policia y Libera;Mar del Plata;Buenos Aires;Argentina;Guemes y Gascon;-57.5391341,-38.0124087;ok
359;1;2023;9;Robo/Hurto Automotor;;;;San Juan y Avenida Colon;;Asiste Policia y Libera;Mar del Plata;Buenos Aires;Argentina;San Juan y Avenida Colon;-57.5662993,-37.9953255;ok
360;1;2023;9;Robo/Hurto Automotor;;;;Belgrano y Jujuy;;Asiste Policia y Libera;Mar del Plata;Buenos Aires;Argentina;Belgrano y Jujuy;-57.55631,-37.9969;ok
361;1;2023;9;Robo/Hurto Automotor;;;;Jacinto Peralta Ramos y Napoles;;Asiste Policia y Libera;Mar del Plata;Buenos Aires;Argentina;Jacinto Peralta Ramos y Napoles;-57.5902007,-38.0347391;ok
362;1;2023;9;Robo/Hurto Automotor;;;;Los Duraznos y Anchorena;;Hallazgo Automotor;Mar del Plata;Buenos Aires;Argentina;Los Duraznos y Anchorena;-57.55714,-37.93989;ok
363;1;2023;9;Robo/Hurto Automotor;;;;Salta y Belgrano;;Asiste Policia y Libera;Mar del Plata;Buenos Aires;Argentina;Salta y Belgrano;-57.5553253,-37.9974056;ok
364;1;2023;9;Robo/Hurto Automotor;;;;Estado De Israel y Venticinco de 05;;Se Realiza Seguimiento del Evento;Mar del Plata;Buenos Aires;Argentina;Estado De Israel y Venticinco de 05;-57.5897172,-37.9753835;ok
365;1;2023;9;Robo/Hurto Automotor;;;;Belgrano y Buenos Aires;;Asiste Policia y Libera;Mar del Plata;Buenos Aires;Argentina;Belgrano y Buenos Aires;-57.5431334,-38.003618;ok
366;1;2023;9;Robo/Hurto Automotor;;;;Avenida Colon y Tres Arroyos;;Hallazgo Automotor;Mar del Plata;Buenos Aires;Argentina;Avenida Colon y Tres Arroyos;-57.5903632,-37.9831302;ok
367;1;2023;9;Robo/Hurto Automotor;;;;San Lorenzo y Suarez;;Asiste Policia y Libera;Mar del Plata;Buenos Aires;Argentina;San Lorenzo y Suarez;-57.6095352,-37.985725;ok
368;1;2023;9;Robo/Hurto Automotor;;;;Pedro Luro y Rosario;;Asiste Policia y Libera;Mar del Plata;Buenos Aires;Argentina;Pedro Luro y Rosario;-57.6216596,-37.9604121;ok
369;1;2023;9;Robo/Hurto Automotor;;;;Calabria y De Los Inmigrantes;;Detencion;Mar del Plata;Buenos Aires;Argentina;Calabria y De Los Inmigrantes;-57.6039057,-38.0282581;ok
370;1;2023;9;Robo/Hurto Automotor;;;;San Luis y Almafuerte;;Asiste Policia y Libera;Mar del Plata;Buenos Aires;Argentina;San Luis y Almafuerte;-57.5627175,-38.0172917;ok
371;1;2023;9;Robo/Hurto Automotor;;;;Fermin Errea y Bolivar;;Hallazgo Automotor;Mar del Plata;Buenos Aires;Argentina;Fermin Errea y Bolivar;-57.62177,-37.96601;ok
372;1;2023;9;Robo/Hurto Automotor;;;;Avenida Colon y Independencia;;Asiste Policia y Libera;Mar del Plata;Buenos Aires;Argentina;Avenida Colon y Independencia;-57.55621,-38.00039;ok
373;1;2023;9;Robo/Hurto Automotor;;;;Avenida Colon y Italia;;Asiste Policia y Libera;Mar del Plata;Buenos Aires;Argentina;Avenida Colon y Italia;-57.570264,-37.9933186;ok
374;1;2023;9;Robo/Hurto Automotor;;;;Libertad y Bolivia;;Asiste Policia y Libera;Mar del Plata;Buenos Aires;Argentina;Libertad y Bolivia;-57.5865058,-37.971416;ok
375;1;2023;9;Robo/Hurto Automotor;;;;Mario Bravo y Benito Lynch;;Asiste Policia y Libera;Mar del Plata;Buenos Aires;Argentina;Mario Bravo y Benito Lynch;-57.5509098,-38.0752486;ok
376;1;2023;9;Robo/Hurto Automotor;;;;Pedro Luro y Olazabal;;Detencion;Mar del Plata;Buenos Aires;Argentina;Pedro Luro y Olazabal;-57.5613633,-37.9909643;ok
377;1;2023;9;Robo/Hurto Automotor;;;;Almafuerte y Misiones;;Asiste Policia y Libera;Mar del Plata;Buenos Aires;Argentina;Almafuerte y Misiones;-57.5804824,-38.0082591;ok
378;1;2023;9;Robo/Hurto Automotor;;;;Alvarado y Francia;;Se Realiza Seguimiento del Evento;Mar del Plata;Buenos Aires;Argentina;Alvarado y Francia;-57.5784405,-37.9981895;ok
379;1;2023;9;Robo/Hurto Automotor;;;;Nueve de Julio y Peru;;Secuestro De Vehiculo;Mar del Plata;Buenos Aires;Argentina;Nueve de Julio y Peru;-57.5751456,-37.9815996;ok
380;1;2023;9;Robo/Hurto Automotor;;;;Pedro Luro y Portugal;;Asiste Policia y Libera;Mar del Plata;Buenos Aires;Argentina;Pedro Luro y Portugal;-57.6145542,-37.9640484;ok
381;1;2023;9;Robo/Hurto Automotor;;;;San Juan y Balcarce;;Detencion;Mar del Plata;Buenos Aires;Argentina;San Juan y Balcarce;-57.559097,-37.98643;ok
382;1;2023;9;Robo/Hurto Automotor;;;;España y French;;Se Realiza Seguimiento del Evento;Mar del Plata;Buenos Aires;Argentina;España y French;-57.5477995,-37.986364;ok
383;1;2023;9;Robo/Hurto Automotor;;;;Della Paolera y Mariani;;Asiste Policia y Libera;Mar del Plata;Buenos Aires;Argentina;Della Paolera y Mariani;-57.5749993,-37.950177;ok
384;1;2023;9;Robo/Hurto Automotor;;;;De La Plaza y Manso;;Asiste Policia y Libera;Mar del Plata;Buenos Aires;Argentina;De La Plaza y Manso;-57.5857591,-38.0341046;ok
385;1;2023;9;Robo/Hurto Automotor;;;;Della Paolera y Constitucion;;Asiste Unidad Sanitaria y No Traslada;Mar del Plata;Buenos Aires;Argentina;Della Paolera y Constitucion;-57.5776386,-37.95333;ok
386;1;2023;9;Robo/Hurto Automotor;;;;Juan B Justo y Tres Arroyos;;Asiste Policia y Libera;Mar del Plata;Buenos Aires;Argentina;Juan B Justo y Tres Arroyos;-57.6010993,-37.9963629;ok
387;1;2023;9;Robo/Hurto Automotor;;;;Calabria y Don Orione;;Asiste Policia y Libera;Mar del Plata;Buenos Aires;Argentina;Calabria y Don Orione;-57.57156,-38.05266;ok
388;1;2023;9;Robo/Hurto Automotor;;;;Luis Dellepiane y Azopardo;;Persecucion Y Perdida;Mar del Plata;Buenos Aires;Argentina;Luis Dellepiane y Azopardo;-57.5774594,-38.0311566;ok
389;1;2023;9;Robo/Hurto Automotor;;;;Genova y Thomas A Edison;;Hallazgo Automotor;Mar del Plata;Buenos Aires;Argentina;Genova y Thomas A Edison;-57.5687233,-38.0574437;ok
390;1;2023;10;Robo/Hurto Automotor;;;;Cordoba y Venticinco de 05;;Asiste Policia y Libera;Mar del Plata;Buenos Aires;Argentina;Cordoba y Venticinco de 05;-57.54529,-37.99774;ok
391;1;2023;10;Robo/Hurto Automotor;;;;Alvarado y Tierra Del Fuego;;Asiste Policia y Libera;Mar del Plata;Buenos Aires;Argentina;Alvarado y Tierra Del Fuego;-57.5865847,-37.9940852;ok
392;1;2023;10;Robo/Hurto Automotor;;;;Pedro Luro y San Juan;;Asiste Policia y Libera;Mar del Plata;Buenos Aires;Argentina;Pedro Luro y San Juan;-57.5623682,-37.9904289;ok
393;1;2023;10;Robo/Hurto Automotor;;;;Manrique y Luis Dellepiane;;Asiste Unidad Sanitaria y Traslada;Mar del Plata;Buenos Aires;Argentina;Manrique y Luis Dellepiane;-57.5970282,-38.044889;ok
394;1;2023;10;Robo/Hurto Automotor;;;;Zabala y Cardiel;;Asiste Policia y Libera;Mar del Plata;Buenos Aires;Argentina;Zabala y Cardiel;-57.57931,-37.9593416;ok
395;1;2023;10;Robo/Hurto Automotor;;;;Avellaneda y Marconi;;Asiste Unidad Sanitaria y Traslada;Mar del Plata;Buenos Aires;Argentina;Avellaneda y Marconi;-57.58228,-37.99733;ok
396;1;2023;10;Robo/Hurto Automotor;;;;Santa Fe y Garay;;Se Realiza Seguimiento del Evento;Mar del Plata;Buenos Aires;Argentina;Santa Fe y Garay;-57.5520307,-38.0092975;ok
397;1;2023;10;Robo/Hurto Automotor;;;;Alberti y Bartolome Mitre;;Hallazgo Automotor;Mar del Plata;Buenos Aires;Argentina;Alberti y Bartolome Mitre;-57.5547515,-38.0056875;ok
398;1;2023;10;Robo/Hurto Automotor;;;;Pedro Luro y Juncal;;Detencion;Mar del Plata;Buenos Aires;Argentina;Pedro Luro y Juncal;-57.5804543,-37.9812915;ok
399;1;2023;10;Robo/Hurto Automotor;;;;Avenida Colon y Bartolome Mitre;;Asiste Policia y Libera;Mar del Plata;Buenos Aires;Argentina;Avenida Colon y Bartolome Mitre;-57.5521471,-38.0024937;ok
400;1;2023;10;Robo/Hurto Automotor;;;;Avenida Colon y Veinte de Setiembre;;Asiste Policia y Libera;Mar del Plata;Buenos Aires;Argentina;Avenida Colon y Veinte de Setiembre;-57.5603498,-37.9983637;ok
401;1;2023;10;Robo/Hurto Automotor;;;;Teodoro Bronzini y Gascon;;Asiste Policia y Libera;Mar del Plata;Buenos Aires;Argentina;Teodoro Bronzini y Gascon;-57.584401,-37.9896014;ok
402;1;2023;10;Robo/Hurto Automotor;;;;Cordoba y Moreno;;Asiste Policia y Libera;Mar del Plata;Buenos Aires;Argentina;Cordoba y Moreno;-57.54881,-38.0018;ok
403;1;2023;10;Robo/Hurto Automotor;;;;Matheu y Catorce de 07;;Asiste Policia y Libera;Mar del Plata;Buenos Aires;Argentina;Matheu y Catorce de 07;-57.5715835,-38.0105563;ok
404;1;2023;10;Robo/Hurto Automotor;;;;San Juan y Once de 09;;Asiste Policia y Libera;Mar del Plata;Buenos Aires;Argentina;San Juan y Once de 09;-57.5597236,-37.9872055;ok
405;1;2023;10;Robo/Hurto Automotor;;;;Pedro Luro y Guido;;Asiste Policia y Libera;Mar del Plata;Buenos Aires;Argentina;Pedro Luro y Guido;-57.5573939,-37.992958;ok
406;1;2023;10;Robo/Hurto Automotor;;;;Pedro Luro y Cordoba;;Asiste Policia y Libera;Mar del Plata;Buenos Aires;Argentina;Pedro Luro y Cordoba;-57.5462289,-37.9986161;ok
407;1;2023;10;Robo/Hurto Automotor;;;;Santiago Del Estero y Alberti;;Detencion;Mar del Plata;Buenos Aires;Argentina;Santiago Del Estero y Alberti;-57.5517512,-38.0072022;ok
408;1;2023;10;Robo/Hurto Automotor;;;;Benito Lynch y Talcahuano;;Asiste Policia y Libera;Mar del Plata;Buenos Aires;Argentina;Benito Lynch y Talcahuano;-57.5914491,-38.0441375;ok
409;1;2023;10;Robo/Hurto Automotor;;;;Garay y Alsina;;Asiste Policia y Libera;Mar del Plata;Buenos Aires;Argentina;Garay y Alsina;-57.5430657,-38.0138413;ok
410;1;2023;10;Robo/Hurto Automotor;;;;Pedro Luro y Trinidad Y Tobago;;Asiste Policia y Libera;Mar del Plata;Buenos Aires;Argentina;Pedro Luro y Trinidad Y Tobago;-57.620568,-37.9608031;ok
411;1;2023;10;Robo/Hurto Automotor;;;;San Martin y La Rioja;;Persecucion Y Detencion;Mar del Plata;Buenos Aires;Argentina;San Martin y La Rioja;-57.5508868,-37.9974534;ok
412;1;2023;10;Robo/Hurto Automotor;;;;Polonia y De La Plaza;;Asiste Policia y Libera;Mar del Plata;Buenos Aires;Argentina;Polonia y De La Plaza;-57.603598,-38.020598;ok
413;1;2023;10;Robo/Hurto Automotor;;;;Remedios De Escalada y Roca;;Asiste Policia y Libera;Mar del Plata;Buenos Aires;Argentina;Remedios De Escalada y Roca;-57.6024336,-37.9893206;ok
414;1;2023;10;Robo/Hurto Automotor;;;;Arturo Alio y Alte Brown;;Asiste Policia y Libera;Mar del Plata;Buenos Aires;Argentina;Arturo Alio y Alte Brown;-57.5991161,-37.9798711;ok
415;1;2023;10;Robo/Hurto Automotor;;;;Solis y Esteban Echeverria;;Asiste Policia y Libera;Mar del Plata;Buenos Aires;Argentina;Solis y Esteban Echeverria;-57.562511,-38.026928;ok
416;1;2023;10;Robo/Hurto Automotor;;;;Independencia y Belgrano;;No Asiste;Mar del Plata;Buenos Aires;Argentina;Independencia y Belgrano;-57.5542745,-37.9979828;ok
417;1;2023;10;Robo/Hurto Automotor;;;;Alberti y Buenos Aires;;Asiste Policia y Libera;Mar del Plata;Buenos Aires;Argentina;Alberti y Buenos Aires;-57.5477439,-38.0092402;ok
418;1;2023;10;Robo/Hurto Automotor;;;;Salta y Venticinco de 05;;Asiste Policia y Libera;Mar del Plata;Buenos Aires;Argentina;Salta y Venticinco de 05;-57.55267,-37.99412;ok
419;1;2023;10;Robo/Hurto Automotor;;;;Ayolas y Brumana;;Asiste Policia y Libera;Mar del Plata;Buenos Aires;Argentina;Ayolas y Brumana;-57.5908059,-38.0120985;ok
420;1;2023;10;Robo/Hurto Automotor;;;;Benito Lynch y Agote;;Asiste Policia y Libera;Mar del Plata;Buenos Aires;Argentina;Benito Lynch y Agote;-57.5850807,-38.0488444;ok
421;1;2023;10;Robo/Hurto Automotor;;;;Polonia y William Morris;;Hallazgo Automotor;Mar del Plata;Buenos Aires;Argentina;Polonia y William Morris;-57.6102046,-38.0260439;ok
422;1;2023;10;Robo/Hurto Automotor;;;;maria remedios del valle y Calle 24;;No Asiste;Mar del Plata;Buenos Aires;Argentina;maria remedios del valle y Calle 24;-57.5889677,-38.0930553;ok
423;1;2023;10;Robo/Hurto Automotor;;;;Lamadrid y Alberti;;Asiste Policia y Libera;Mar del Plata;Buenos Aires;Argentina;Lamadrid y Alberti;-57.5448172,-38.0107295;ok
424;1;2023;10;Robo/Hurto Automotor;;;;Pedro Luro y Corrientes;;Asiste Policia y Libera;Mar del Plata;Buenos Aires;Argentina;Pedro Luro y Corrientes;-57.5432321,-38.0000518;ok
425;1;2023;10;Robo/Hurto Automotor;;;;San Luis y Belgrano;;Asiste Policia y Libera;Mar del Plata;Buenos Aires;Argentina;San Luis y Belgrano;-57.54918,-38.00053;ok
426;1;2023;10;Robo/Hurto Automotor;;;;Alberti y Bahia Blanca;;Asiste Policia y Libera;Mar del Plata;Buenos Aires;Argentina;Alberti y Bahia Blanca;-57.5909649,-37.9873959;ok
427;1;2023;10;Robo/Hurto Automotor;;;;Avenida Colon y San Luis;;Asiste Policia y Libera;Mar del Plata;Buenos Aires;Argentina;Avenida Colon y San Luis;-57.5511581,-38.0029897;ok
428;1;2023;10;Robo/Hurto Automotor;;;;Sicilia y De Los Inmigrantes;;Detencion;Mar del Plata;Buenos Aires;Argentina;Sicilia y De Los Inmigrantes;-57.6030959,-38.0275869;ok
429;1;2023;10;Robo/Hurto Automotor;;;;Matteotti y Del Riego;;No Asiste;Mar del Plata;Buenos Aires;Argentina;Matteotti y Del Riego;-57.552691,-38.0752529;ok
430;1;2023;10;Robo/Hurto Automotor;;;;Saavedra y Catamarca;;Asiste Policia y Libera;Mar del Plata;Buenos Aires;Argentina;Saavedra y Catamarca;-57.5641449,-38.0120895;ok
431;1;2023;10;Robo/Hurto Automotor;;;;Polonia y Puan;;Asiste Policia y Libera;Mar del Plata;Buenos Aires;Argentina;Polonia y Puan;-57.605297,-38.0219899;ok
432;1;2023;10;Robo/Hurto Automotor;;;;Polonia y Puan;;Asiste Policia y Libera;Mar del Plata;Buenos Aires;Argentina;Polonia y Puan;-57.605297,-38.0219899;ok
433;1;2023;10;Robo/Hurto Automotor;;;;Entre Rios y Rivadavia;;Detencion;Mar del Plata;Buenos Aires;Argentina;Entre Rios y Rivadavia;-57.543554,-38.0023131;ok
434;1;2023;10;Robo/Hurto Automotor;;;;Independencia y Castelli;;Secuestro De Vehiculo;Mar del Plata;Buenos Aires;Argentina;Independencia y Castelli;-57.5608766,-38.0057706;ok
435;1;2023;10;Robo/Hurto Automotor;;;;Patricio Peralta Ramos y Rodriguez Pena;;Asiste Policia y Libera;Mar del Plata;Buenos Aires;Argentina;Patricio Peralta Ramos y Rodriguez Pena;-57.5321364,-38.0259915;ok
436;1;2023;10;Robo/Hurto Automotor;;;;San Luis y Quintana;;Secuestro De Vehiculo;Mar del Plata;Buenos Aires;Argentina;San Luis y Quintana;-57.5608044,-38.0149047;ok
437;1;2023;10;Robo/Hurto Automotor;;;;San Lorenzo y Suarez;;Asiste Policia y Libera;Mar del Plata;Buenos Aires;Argentina;San Lorenzo y Suarez;-57.6095352,-37.985725;ok
438;1;2023;10;Robo/Hurto Automotor;;;;Libertad y Chile;;Asiste Policia y Libera;Mar del Plata;Buenos Aires;Argentina;Libertad y Chile;-57.5705328,-37.9794224;ok
439;1;2023;10;Robo/Hurto Automotor;;;;Primero de Mayo y Moreno;;Asiste Policia y Libera;Mar del Plata;Buenos Aires;Argentina;Primero de Mayo y Moreno;-57.5740949,-37.989052;ok
440;1;2023;10;Robo/Hurto Automotor;;;;Avenida Colon y Guemes;;Asiste Policia y Libera;Mar del Plata;Buenos Aires;Argentina;Avenida Colon y Guemes;-57.5371179,-38.0100262;ok
441;1;2023;10;Robo/Hurto Automotor;;;;De Las Olimpiadas y Solis;;Secuestro De Vehiculo;Mar del Plata;Buenos Aires;Argentina;De Las Olimpiadas y Solis;-57.572502,-38.0189171;ok
442;1;2023;10;Robo/Hurto Automotor;;;;Cordoba y Santa Fe;;Asiste Policia y Libera;Mar del Plata;Buenos Aires;Argentina;Cordoba y Santa Fe;-57.54489,-37.99696;ok
443;1;2023;10;Robo/Hurto Automotor;;;;Avenida Colon y Olavarria;;Asiste Policia y Libera;Mar del Plata;Buenos Aires;Argentina;Avenida Colon y Olavarria;-57.53819,-38.00955;ok
444;1;2023;10;Robo/Hurto Automotor;;;;Inda y soler;;Asiste Policia y Libera;Mar del Plata;Buenos Aires;Argentina;Inda y soler;-57.6041585,-38.0166653;ok
445;1;2023;10;Robo/Hurto Automotor;;;;David Ortega Presbitero y Pedro Luro;;Asiste Policia y Libera;Mar del Plata;Buenos Aires;Argentina;David Ortega Presbitero y Pedro Luro;-57.5872907,-37.974225;ok
446;1;2023;10;Robo/Hurto Automotor;;;;Alte Brown y Guemes;;Asiste Policia y Libera;Mar del Plata;Buenos Aires;Argentina;Alte Brown y Guemes;-57.5378591,-38.0108888;ok
447;1;2023;10;Robo/Hurto Automotor;;;;Pedro Luro y Hipolito Yrigoyen;;Detencion;Mar del Plata;Buenos Aires;Argentina;Pedro Luro y Hipolito Yrigoyen;-57.549186,-37.9970295;ok
448;1;2023;11;Robo/Hurto Automotor;;;;San Juan y Gascon;;Asiste Policia y Libera;Mar del Plata;Buenos Aires;Argentina;San Juan y Gascon;-57.5682565,-37.9977608;ok
449;1;2023;11;Robo/Hurto Automotor;;;;San Martin y Mexico;;Asiste Policia y Libera;Mar del Plata;Buenos Aires;Argentina;San Martin y Mexico;-57.5761651,-37.9846552;ok
450;1;2023;11;Robo/Hurto Automotor;;;;Patricio Peralta Ramos y Beruti;;Detencion;Mar del Plata;Buenos Aires;Argentina;Patricio Peralta Ramos y Beruti;-57.5445941,-37.9837571;ok
451;1;2023;11;Robo/Hurto Automotor;;;;Pedro Luro y Corrientes;;Asiste Policia y Libera;Mar del Plata;Buenos Aires;Argentina;Pedro Luro y Corrientes;-57.5432321,-38.0000518;ok
452;1;2023;11;Robo/Hurto Automotor;;;;Moreno y Corrientes;;Hallazgo Automotor;Mar del Plata;Buenos Aires;Argentina;Moreno y Corrientes;-57.5458427,-38.0033497;ok
453;1;2023;11;Robo/Hurto Automotor;;;;San Juan y Belgrano;;Asiste Policia y Libera;Mar del Plata;Buenos Aires;Argentina;San Juan y Belgrano;-57.5643245,-37.9928657;ok
454;1;2023;11;Robo/Hurto Automotor;;;;Juan B Alberdi y Corrientes;;Asiste Policia y Libera;Mar del Plata;Buenos Aires;Argentina;Juan B Alberdi y Corrientes;-57.5422693,-37.9989239;ok
455;1;2023;11;Robo/Hurto Automotor;;;;Rio Negro y Funes De Millan;;Asiste Policia y Libera;Mar del Plata;Buenos Aires;Argentina;Rio Negro y Funes De Millan;-57.5820305,-37.9623666;ok
456;1;2023;11;Robo/Hurto Automotor;;;;25 De mayo y Bartolome Mitre;;Detencion;Mar del Plata;Buenos Aires;Argentina;25 De mayo y Bartolome Mitre;-57.5475126,-37.996762;ok
457;1;2023;11;Robo/Hurto Automotor;;;;Juan B Justo y Thomas A Edison;;No Asiste;Mar del Plata;Buenos Aires;Argentina;Juan B Justo y Thomas A Edison;-57.5449921,-38.038801;ok
458;1;2023;11;Robo/Hurto Automotor;;;;Castelli y Chilabert;;Asiste Policia y Libera;Mar del Plata;Buenos Aires;Argentina;Castelli y Chilabert;-57.6099949,-37.9810722;ok
459;1;2023;11;Robo/Hurto Automotor;;;;San Luis y San Martin;;No Asiste;Mar del Plata;Buenos Aires;Argentina;San Luis y San Martin;-57.5479,-37.99895;ok
460;1;2023;11;Robo/Hurto Automotor;;;;Juan B Justo y Paula Albarracin;;Secuestro De Vehiculo;Mar del Plata;Buenos Aires;Argentina;Juan B Justo y Paula Albarracin;-57.6063721,-37.9923796;ok
461;1;2023;11;Robo/Hurto Automotor;;;;Cuba y Guanahani;;Hallazgo Automotor;Mar del Plata;Buenos Aires;Argentina;Cuba y Guanahani;-57.58979,-38.01797;ok
462;1;2023;11;Robo/Hurto Automotor;;;;Juan B Justo y De Los Reservistas;;Asiste Policia y Libera;Mar del Plata;Buenos Aires;Argentina;Juan B Justo y De Los Reservistas;-57.5993846,-37.997637;ok
463;1;2023;11;Robo/Hurto Automotor;;;;Rodriguez Pena y La Rioja;;Asiste Policia y Libera;Mar del Plata;Buenos Aires;Argentina;Rodriguez Pena y La Rioja;-57.5618743,-38.0110162;ok
464;1;2023;11;Robo/Hurto Automotor;;;;25 De mayo y Juan J Paso;;Asiste Policia y Libera;Mar del Plata;Buenos Aires;Argentina;25 De mayo y Juan J Paso;-57.5877511,-37.979914;ok
465;1;2023;11;Robo/Hurto Automotor;;;;Moreno y Grecia;;Asiste Policia y Libera;Mar del Plata;Buenos Aires;Argentina;Moreno y Grecia;-57.5960228,-37.9779526;ok
466;1;2023;11;Robo/Hurto Automotor;;;;Tetamanti y Johanes Gutemberg;;Asiste Policia y Libera;Mar del Plata;Buenos Aires;Argentina;Tetamanti y Johanes Gutemberg;-57.6198945,-38.017491;ok
467;1;2023;11;Robo/Hurto Automotor;;;;Pedro Luro y Chilabert;;Asiste Policia y Libera;Mar del Plata;Buenos Aires;Argentina;Pedro Luro y Chilabert;-57.6015025,-37.9705426;ok
468;1;2023;11;Robo/Hurto Automotor;;;;Olazabal y San Martin;;Asiste Policia y Libera;Mar del Plata;Buenos Aires;Argentina;Olazabal y San Martin;-57.56205,-37.99182;ok
469;1;2023;11;Robo/Hurto Automotor;;;;Independencia y Belgrano;;Asiste Policia y Libera;Mar del Plata;Buenos Aires;Argentina;Independencia y Belgrano;-57.5542745,-37.9979828;ok
470;1;2023;11;Robo/Hurto Automotor;;;;Constitucion y Chubut;;Asiste Policia y Libera;Mar del Plata;Buenos Aires;Argentina;Constitucion y Chubut;-57.5515749,-37.9665777;ok
471;1;2023;11;Robo/Hurto Automotor;;;;Arturo Alio y Garay;;Asiste Policia y Libera;Mar del Plata;Buenos Aires;Argentina;Arturo Alio y Garay;-57.6023164,-37.9838546;ok
472;1;2023;11;Robo/Hurto Automotor;;;;Gascon y Termas De Rio Hondo;;Asiste Policia y Libera;Mar del Plata;Buenos Aires;Argentina;Gascon y Termas De Rio Hondo;-57.602464,-37.9804476;ok
473;1;2023;11;Robo/Hurto Automotor;;;;San Luis y Quintana;;Asiste Policia y Libera;Mar del Plata;Buenos Aires;Argentina;San Luis y Quintana;-57.5608044,-38.0149047;ok
474;1;2023;11;Robo/Hurto Automotor;;;;Buenos Aires y Alvarado;;Asiste Policia y Libera;Mar del Plata;Buenos Aires;Argentina;Buenos Aires y Alvarado;-57.5503219,-38.012391;ok
475;1;2023;11;Robo/Hurto Automotor;;;;Nueve de Julio y Suarez;;Asiste Policia y Libera;Mar del Plata;Buenos Aires;Argentina;Nueve de Julio y Suarez;-57.5982223,-37.969967;ok
476;1;2023;11;Robo/Hurto Automotor;;;;Felix U Camet y Falkner;;Asiste Policia y Libera;Mar del Plata;Buenos Aires;Argentina;Felix U Camet y Falkner;-57.5442383,-37.980379;ok
477;1;2023;11;Robo/Hurto Automotor;;;;Garay y Estado De Israel;;Persecucion Y Perdida;Mar del Plata;Buenos Aires;Argentina;Garay y Estado De Israel;-57.607646,-37.983403;ok
478;1;2023;11;Robo/Hurto Automotor;;;;Pedro Luro y San Luis;;Asiste Policia y Libera;Mar del Plata;Buenos Aires;Argentina;Pedro Luro y San Luis;-57.5470639,-37.998142;ok
479;1;2023;11;Robo/Hurto Automotor;;;;Talcahuano y Gaboto;;Asiste Policia y Libera;Mar del Plata;Buenos Aires;Argentina;Talcahuano y Gaboto;-57.5675977,-38.0243808;ok
480;1;2023;11;Robo/Hurto Automotor;;;;Jacinto Peralta Ramos y Arana Y Goiri;;Asiste Policia y Libera;Mar del Plata;Buenos Aires;Argentina;Jacinto Peralta Ramos y Arana Y Goiri;-57.5859745,-38.0312314;ok
481;1;2023;11;Robo/Hurto Automotor;;;;Avellaneda y San Luis;;Hallazgo Automotor;Mar del Plata;Buenos Aires;Argentina;Avellaneda y San Luis;-57.556978,-38.0101302;ok
482;1;2023;11;Robo/Hurto Automotor;;;;Arturo Alio y Libertad;;Asiste Inspeccion General;Mar del Plata;Buenos Aires;Argentina;Arturo Alio y Libertad;-57.5905604,-37.9692888;ok
483;1;2023;11;Robo/Hurto Automotor;;;;San Luis y San Martin;;Asiste Policia y Libera;Mar del Plata;Buenos Aires;Argentina;San Luis y San Martin;-57.5479,-37.99895;ok
484;1;2023;11;Robo/Hurto Automotor;;;;Independencia y San Martin;;No Asiste;Mar del Plata;Buenos Aires;Argentina;Independencia y San Martin;-57.55293,-37.99639;ok
485;1;2023;11;Robo/Hurto Automotor;;;;Rivadavia y Santa Fe;;Detencion;Mar del Plata;Buenos Aires;Argentina;Rivadavia y Santa Fe;-57.5455414,-38.0012994;ok
486;1;2023;11;Robo/Hurto Automotor;;;;Rivadavia y Santa Fe;;No Asiste;Mar del Plata;Buenos Aires;Argentina;Rivadavia y Santa Fe;-57.5455414,-38.0012994;ok
487;1;2023;11;Robo/Hurto Automotor;;;;San Lorenzo y Remedios De Escalada;;Hallazgo Automotor;Mar del Plata;Buenos Aires;Argentina;San Lorenzo y Remedios De Escalada;-57.6028106,-37.988055;ok
488;1;2023;11;Robo/Hurto Automotor;;;;Roca y Patricio Peralta Ramos;;Asiste Policia y Libera;Mar del Plata;Buenos Aires;Argentina;Roca y Patricio Peralta Ramos;-57.5310067,-38.025427;ok
489;1;2023;11;Robo/Hurto Automotor;;;;Libertad y Arturo Alio;;Asiste Policia y Libera;Mar del Plata;Buenos Aires;Argentina;Libertad y Arturo Alio;-57.5905604,-37.9692888;ok
490;1;2023;11;Robo/Hurto Automotor;;;;Las Heras y Larrea;;Asiste Policia y Libera;Mar del Plata;Buenos Aires;Argentina;Las Heras y Larrea;-57.5547351,-38.024803;ok
491;1;2023;11;Robo/Hurto Automotor;;;;San Luis y Venticinco de 05;;No Asiste;Mar del Plata;Buenos Aires;Argentina;San Luis y Venticinco de 05;-57.5465392,-37.99726;ok
492;1;2023;11;Robo/Hurto Automotor;;;;Carlos Tejedor y Constitucion;;Detencion;Mar del Plata;Buenos Aires;Argentina;Carlos Tejedor y Constitucion;-57.553602,-37.9655493;ok
493;1;2023;11;Robo/Hurto Automotor;;;;Patricio Peralta Ramos y Saavedra;;Asiste Policia y Libera;Mar del Plata;Buenos Aires;Argentina;Patricio Peralta Ramos y Saavedra;-57.5335131,-38.0275285;ok
494;1;2023;11;Robo/Hurto Automotor;;;;Patricio Peralta Ramos y Belgrano;;Asiste Policia y Libera;Mar del Plata;Buenos Aires;Argentina;Patricio Peralta Ramos y Belgrano;-57.5425775,-38.0037806;ok
495;1;2023;11;Robo/Hurto Automotor;;;;Patricio Peralta Ramos y Chacabuco;;Asiste Policia y Libera;Mar del Plata;Buenos Aires;Argentina;Patricio Peralta Ramos y Chacabuco;-57.5452102,-37.989941;ok
496;1;2023;11;Robo/Hurto Automotor;;;;Felix U Camet y Miguel De Unamuno;;Asiste Policia y Libera;Mar del Plata;Buenos Aires;Argentina;Felix U Camet y Miguel De Unamuno;-57.5406799,-37.963093;ok
497;1;2023;12;Robo/Hurto Automotor;;;;Chacabuco y Avenida Independencia;;No Asiste;Mar del Plata;Buenos Aires;Argentina;Chacabuco y Avenida Independencia;-57.5470287,-37.9890203;ok
498;1;2023;12;Robo/Hurto Automotor;;;;Avenida Juan B. Justo y Avenida Independencia;;Asiste Policia y Libera;Mar del Plata;Buenos Aires;Argentina;Avenida Juan B. Justo y Avenida Independencia;-57.5712351,-38.0189348;ok
499;1;2023;12;Robo/Hurto Automotor;;;;Avenida Antartida Argentina y Chuyantuya Cacique;;Asiste Policia y Libera;Mar del Plata;Buenos Aires;Argentina;Avenida Antartida Argentina y Chuyantuya Cacique;-57.6109,-38.05651;ok
500;1;2023;12;Robo/Hurto Automotor;;;;Avenida Juan B. Justo y Funes Gregorio;;Asiste Policia y Libera;Mar del Plata;Buenos Aires;Argentina;Avenida Juan B. Justo y Funes Gregorio;-57.5782895,-38.0136672;ok
501;1;2023;12;Robo/Hurto Automotor;;;;Santiago Del Estero y Avenida Patricio Peralta Ramos;;Asiste Policia y Libera;Mar del Plata;Buenos Aires;Argentina;Santiago Del Estero y Avenida Patricio Peralta Ramos;-57.542568,-37.9958618;ok
502;1;2023;12;Robo/Hurto Automotor;;;;Avenida Colon y Veinte de Setiembre;;Se Realiza Seguimiento del Evento;Mar del Plata;Buenos Aires;Argentina;Avenida Colon y Veinte de Setiembre;-57.5603498,-37.9983637;ok
503;1;2023;12;Robo/Hurto Automotor;;;;Calabria y Mosconi Enrique C. General;;Asiste Policia y Libera;Mar del Plata;Buenos Aires;Argentina;Calabria y Mosconi Enrique C. General;-57.5594183,-38.06181;ok
504;1;2023;12;Robo/Hurto Automotor;;;;Buenos Aires y Esteban Gascon;;Asiste Policia y Libera;Mar del Plata;Buenos Aires;Argentina;Buenos Aires y Esteban Gascon;-57.5471188,-38.0083796;ok
505;1;2023;12;Robo/Hurto Automotor;;;;Jacinto Peralta Ramos y Genova;;Asiste Policia y Libera;Mar del Plata;Buenos Aires;Argentina;Jacinto Peralta Ramos y Genova;-57.5910465,-38.0353764;ok
506;1;2023;12;Robo/Hurto Automotor;;;;Avenida Colon y Arenales;;Asiste Policia y Libera;Mar del Plata;Buenos Aires;Argentina;Avenida Colon y Arenales;-57.5431562,-38.0070263;ok
507;1;2023;12;Robo/Hurto Automotor;;;;Jose Cardiel Padre y Ricardo Palma;;Asiste Policia y Libera;Mar del Plata;Buenos Aires;Argentina;Jose Cardiel Padre y Ricardo Palma;-57.5635149,-37.9673254;ok
508;1;2023;12;Robo/Hurto Automotor;;;;San Martin y Avenida Juan Hector Jara;;No Asiste;Mar del Plata;Buenos Aires;Argentina;San Martin y Avenida Juan Hector Jara;-57.5705099,-37.986354;ok
509;1;2023;12;Robo/Hurto Automotor;;;;Rawson y Guillermo Marconi Ingeniero;;Asiste Policia y Libera;Mar del Plata;Buenos Aires;Argentina;Rawson y Guillermo Marconi Ingeniero;-57.5796131,-37.9941979;ok
510;1;2023;12;Robo/Hurto Automotor;;;;Fragata Sarmiento y Newbery J.;;Secuestro De Vehiculo;Mar del Plata;Buenos Aires;Argentina;Fragata Sarmiento y Newbery J.;-57.5734292,-38.0688411;ok
511;1;2023;12;Robo/Hurto Automotor;;;;San Luis y Juan Bautista Alberdi;;Detencion;Mar del Plata;Buenos Aires;Argentina;San Luis y Juan Bautista Alberdi;-57.5465331,-37.9972393;ok
512;1;2023;12;Robo/Hurto Automotor;;;;Avenida Pedro Luro y Hipolito Yrigoyen;;Asiste Policia y Libera;Mar del Plata;Buenos Aires;Argentina;Avenida Pedro Luro y Hipolito Yrigoyen;-57.5491919,-37.997121;ok
513;1;2023;12;Robo/Hurto Automotor;;;;Avenida Colon y Hipolito Yrigoyen;;Asiste Policia y Libera;Mar del Plata;Buenos Aires;Argentina;Avenida Colon y Hipolito Yrigoyen;-57.5531516,-38.001981;ok
514;1;2023;12;Robo/Hurto Automotor;;;;Juana Manso y Juan Bautista Azopardo;;Hallazgo Automotor;Mar del Plata;Buenos Aires;Argentina;Juana Manso y Juan Bautista Azopardo;-57.5800038,-38.0292063;ok
515;1;2023;12;Robo/Hurto Automotor;;;;Los Pinos y Rotonda Del Lago;;Secuestro De Vehiculo;Mar del Plata;Buenos Aires;Argentina;Los Pinos y Rotonda Del Lago;-57.5914089,-38.007046;ok
516;1;2023;12;Robo/Hurto Automotor;;;;Jacinto Peralta Ramos y De La Plaza Fortunato;;Asiste Policia y Libera;Mar del Plata;Buenos Aires;Argentina;Jacinto Peralta Ramos y De La Plaza Fortunato;-57.5877079,-38.032636;ok
517;1;2023;12;Robo/Hurto Automotor;;;;Hipolito Yrigoyen y Nueve de Julio;;Asiste Policia y Libera;Mar del Plata;Buenos Aires;Argentina;Hipolito Yrigoyen y Nueve de Julio;-57.54786,-37.99544;ok
518;1;2023;12;Robo/Hurto Automotor;;;;Las Heras y Falucho;;Detencion;Mar del Plata;Buenos Aires;Argentina;Las Heras y Falucho;-57.54249,-38.00965;ok
519;1;2023;12;Robo/Hurto Automotor;;;;Leandro N. Alem y Vicente Lopez;;Asiste Policia y Libera;Mar del Plata;Buenos Aires;Argentina;Leandro N. Alem y Vicente Lopez;-57.54357,-38.03713;ok
520;1;2023;12;Robo/Hurto Automotor;;;;Avenida Constitucion y Zuviria Martinez Gustavo;;Asiste Policia y Libera;Mar del Plata;Buenos Aires;Argentina;Avenida Constitucion y Zuviria Martinez Gustavo;-57.5736162,-37.955461;ok
521;1;2023;12;Robo/Hurto Automotor;;;;Avenida Patricio Peralta Ramos y Belgrano;;Asiste Policia y Libera;Mar del Plata;Buenos Aires;Argentina;Avenida Patricio Peralta Ramos y Belgrano;-57.5426097,-38.003658;ok
522;1;2023;12;Robo/Hurto Automotor;;;;Avenida Patricio Peralta Ramos y Olavarria;;Asiste Policia y Libera;Mar del Plata;Buenos Aires;Argentina;Avenida Patricio Peralta Ramos y Olavarria;-57.53745,-38.00865;ok
523;1;2023;12;Robo/Hurto Automotor;;;;Catorce de Julio y Roca 07 Argentino General;;Hallazgo Automotor;Mar del Plata;Buenos Aires;Argentina;Catorce de Julio y Roca 07 Argentino General;-57.5683595,-38.0066433;ok
524;1;2023;12;Robo/Hurto Automotor;;;;Avenida Colon y Canada;;Asiste Policia y Libera;Mar del Plata;Buenos Aires;Argentina;Avenida Colon y Canada;-57.6164167,-37.9699461;ok
525;1;2023;12;Robo/Hurto Automotor;;;;Arturo Alio y Alberti Manuel;;Asiste Policia y Libera;Mar del Plata;Buenos Aires;Argentina;Arturo Alio y Alberti Manuel;-57.6010366,-37.9822733;ok
526;1;2023;12;Robo/Hurto Automotor;;;;Olavarria y San Lorenzo;;Asiste Policia y Libera;Mar del Plata;Buenos Aires;Argentina;Olavarria y San Lorenzo;-57.544613,-38.017509;ok
527;1;2023;12;Robo/Hurto Automotor;;;;Grecia y Rivadavia;;Se Realiza Seguimiento del Evento;Mar del Plata;Buenos Aires;Argentina;Grecia y Rivadavia;-57.5947402,-37.9763858;ok
528;1;2023;12;Robo/Hurto Automotor;;;;Nueve de Julio y Luciano Arrue;;Asiste Policia y Libera;Mar del Plata;Buenos Aires;Argentina;Nueve de Julio y Luciano Arrue;-57.6038747,-37.97174;ok
529;1;2023;12;Robo/Hurto Automotor;;;;Jose Eusebio Colombres y Comunidad Foral De Navarra;;Detencion;Mar del Plata;Buenos Aires;Argentina;Jose Eusebio Colombres y Comunidad Foral De Navarra;-57.5552556,-38.0773214;ok
530;1;2023;12;Robo/Hurto Automotor;;;;Avenida Constitucion y Ricardo Rojas;;Asiste Policia y Libera;Mar del Plata;Buenos Aires;Argentina;Avenida Constitucion y Ricardo Rojas;-57.5646169,-37.9599715;ok
531;1;2023;12;Robo/Hurto Automotor;;;;Catamarca y Avenida Pedro Luro;;Hallazgo Automotor;Mar del Plata;Buenos Aires;Argentina;Catamarca y Avenida Pedro Luro;-57.5512134,-37.9961032;ok
532;1;2023;12;Robo/Hurto Automotor;;;;Avenida Independencia y Belgrano;;Asiste Policia y Libera;Mar del Plata;Buenos Aires;Argentina;Avenida Independencia y Belgrano;-57.5542281,-37.9979591;ok
533;1;2023;12;Robo/Hurto Automotor;;;;Avenida Felix U. Camet y Pascual Mugaburu;;Asiste Policia y Libera;Mar del Plata;Buenos Aires;Argentina;Avenida Felix U. Camet y Pascual Mugaburu;-57.54067,-37.96309;ok
534;1;2023;12;Robo/Hurto Automotor;;;;Marcelo T. De Alvear Doctor y Arana Y Goiri;;Asiste Policia y Libera;Mar del Plata;Buenos Aires;Argentina;Marcelo T. De Alvear Doctor y Arana Y Goiri;-57.5691675,-38.0438694;ok
535;1;2023;12;Robo/Hurto Automotor;;;;Champagnat y Primera Junta;;Asiste Policia y Libera;Mar del Plata;Buenos Aires;Argentina;Champagnat y Primera Junta;-57.5948684,-37.9953409;ok
536;1;2023;12;Robo/Hurto Automotor;;;;Genova y Friuli;;Asiste Policia y Libera;Mar del Plata;Buenos Aires;Argentina;Genova y Friuli;-57.5964358,-38.031208;ok
537;1;2023;12;Robo/Hurto Automotor;;;;Avenida Patricio Peralta Ramos y Chacabuco;;Asiste Policia y Libera;Mar del Plata;Buenos Aires;Argentina;Avenida Patricio Peralta Ramos y Chacabuco;-57.54521,-37.98994;ok
538;1;2023;12;Robo/Hurto Automotor;;;;Esteban Gascon y Hipolito Yrigoyen;;Asiste Policia y Libera;Mar del Plata;Buenos Aires;Argentina;Esteban Gascon y Hipolito Yrigoyen;-57.5550895,-38.0043696;ok
539;1;2023;12;Robo/Hurto Automotor;;;;Entre Rios y Rivadavia;;Asiste Policia y Libera;Mar del Plata;Buenos Aires;Argentina;Entre Rios y Rivadavia;-57.543554,-38.0023131;ok
540;1;2023;12;Robo/Hurto Automotor;;;;Alsina y Rawson;;Detencion;Mar del Plata;Buenos Aires;Argentina;Alsina y Rawson;-57.5424318,-38.013034;ok
541;1;2023;12;Robo/Hurto Automotor;;;;Avenida Patricio Peralta Ramos y Matheu Domingo;;Detencion;Mar del Plata;Buenos Aires;Argentina;Avenida Patricio Peralta Ramos y Matheu Domingo;-57.5343858,-38.0293449;ok
542;1;2023;12;Robo/Hurto Automotor;;;;Paseo Victoria Ocampo y Guardavidas Guillermo Volpe;;No Asiste;Mar del Plata;Buenos Aires;Argentina;Paseo Victoria Ocampo y Guardavidas Guillermo Volpe;-57.5323095,-38.026933;ok
543;1;2023;12;Robo/Hurto Automotor;;;;Leandro N. Alem y Saavedra Cornelio;;Asiste Policia y Libera;Mar del Plata;Buenos Aires;Argentina;Leandro N. Alem y Saavedra Cornelio;-57.535139,-38.0267126;ok
544;1;2024;1;Robo/Hurto Automotor;;;;san juan y Avellaneda Nicolas;;Detencion;Mar del Plata;Buenos Aires;Argentina;san juan y Avellaneda Nicolas;-57.5721211,-38.002508;ok
545;1;2024;1;Robo/Hurto Automotor;;;;Carlos Tejedor y Caseros;;Asiste Policia y Libera;Mar del Plata;Buenos Aires;Argentina;Carlos Tejedor y Caseros;-57.5439633,-37.9536473;ok
546;1;2024;1;Robo/Hurto Automotor;;;;Belgrano y La Rioja;;Persecucion Y Detencion;Mar del Plata;Buenos Aires;Argentina;Belgrano y La Rioja;-57.5521515,-37.9989138;ok
547;1;2024;1;Robo/Hurto Automotor;;;;Beruti Antonio Luis y Eduardo Wilde;;Asiste Policia y Libera;Mar del Plata;Buenos Aires;Argentina;Beruti Antonio Luis y Eduardo Wilde;-57.5988641,-37.951647;ok
548;1;2024;1;Robo/Hurto Automotor;;;;Avenida Pedro Luro y Paula Albarracin;;Asiste Policia y Libera;Mar del Plata;Buenos Aires;Argentina;Avenida Pedro Luro y Paula Albarracin;-57.59247,-37.9753;ok
549;1;2024;1;Robo/Hurto Automotor;;;;Libres Del Sur y Pascual Mugaburu;;Asiste Policia y Libera;Mar del Plata;Buenos Aires;Argentina;Libres Del Sur y Pascual Mugaburu;-57.5423895,-37.9622562;ok
550;1;2024;1;Robo/Hurto Automotor;;;;Avenida Independencia y Avellaneda Nicolas;;No Asiste;Mar del Plata;Buenos Aires;Argentina;Avenida Independencia y Avellaneda Nicolas;-57.562,-38.00758;ok
551;1;2024;1;Robo/Hurto Automotor;;;;Jujuy y Primera Junta;;Asiste Policia y Libera;Mar del Plata;Buenos Aires;Argentina;Jujuy y Primera Junta;-57.5666629,-38.009705;ok
552;1;2024;1;Robo/Hurto Automotor;;;;Sarmiento y Rawson;;Asiste CPM;Mar del Plata;Buenos Aires;Argentina;Sarmiento y Rawson;-57.54342,-38.0125364;ok
553;1;2024;1;Robo/Hurto Automotor;;;;Chacabuco y Jujuy;;Asiste Policia y Libera;Mar del Plata;Buenos Aires;Argentina;Chacabuco y Jujuy;-57.5491045,-37.9879773;ok
554;1;2024;1;Robo/Hurto Automotor;;;;Avenida Patricio Peralta Ramos y Las Heras;;Asiste Policia y Libera;Mar del Plata;Buenos Aires;Argentina;Avenida Patricio Peralta Ramos y Las Heras;-57.540509,-38.0073088;ok
555;1;2024;1;Robo/Hurto Automotor;;;;Salta y Laprida;;Asiste Policia y Libera;Mar del Plata;Buenos Aires;Argentina;Salta y Laprida;-57.5694717,-38.0149455;ok
556;1;2024;1;Robo/Hurto Automotor;;;;Avenida Colon y Mitre Bartolome;;Asiste Policia y Libera;Mar del Plata;Buenos Aires;Argentina;Avenida Colon y Mitre Bartolome;-57.5521348,-38.0024412;ok
557;1;2024;1;Robo/Hurto Automotor;;;;Avenida Pedro Luro y Estado De Israel;;Asiste Policia y Libera;Mar del Plata;Buenos Aires;Argentina;Avenida Pedro Luro y Estado De Israel;-57.590415,-37.9762461;ok
558;1;2024;1;Robo/Hurto Automotor;;;;Alberti Manuel y Lamadrid;;No Asiste;Mar del Plata;Buenos Aires;Argentina;Alberti Manuel y Lamadrid;-57.5447518,-38.0107037;ok
559;1;2024;1;Robo/Hurto Automotor;;;;Gandhi Mahatma y Cura Brochero;;Asiste Policia y Libera;Mar del Plata;Buenos Aires;Argentina;Gandhi Mahatma y Cura Brochero;-57.5486204,-37.936026;ok
560;1;2024;1;Robo/Hurto Automotor;;;;Genova y Rondeau;;Asiste Policia y Libera;Mar del Plata;Buenos Aires;Argentina;Genova y Rondeau;-57.5665445,-38.0538572;ok
561;1;2024;1;Robo/Hurto Automotor;;;;Bravo Mario y Tomas Alva Edison;;Hallazgo Automotor;Mar del Plata;Buenos Aires;Argentina;Bravo Mario y Tomas Alva Edison;-57.5712102,-38.0605715;ok
562;1;2024;1;Robo/Hurto Automotor;;;;Chile y Baldomero Fernandez Moreno;;Asiste Policia y Libera;Mar del Plata;Buenos Aires;Argentina;Chile y Baldomero Fernandez Moreno;-57.5770625,-37.9875321;ok
563;1;2024;1;Robo/Hurto Automotor;;;;San Juan y Rodriguez Peña;;Asiste Policia y Libera;Mar del Plata;Buenos Aires;Argentina;San Juan y Rodriguez Peña;-57.5740098,-38.0048771;ok
564;1;2024;1;Robo/Hurto Automotor;;;;Labarden y Solis;;Asiste Policia y Libera;Mar del Plata;Buenos Aires;Argentina;Labarden y Solis;-57.6011328,-37.9977607;ok
565;1;2024;1;Robo/Hurto Automotor;;;;Avenida Independencia y Brown Almirante;;Hallazgo Automotor;Mar del Plata;Buenos Aires;Argentina;Avenida Independencia y Brown Almirante;-57.5569,-38.00126;ok
566;1;2024;1;Robo/Hurto Automotor;;;;Calabria y Luis Dellepiane;;Asiste Policia y Libera;Mar del Plata;Buenos Aires;Argentina;Calabria y Luis Dellepiane;-57.5849601,-38.037389;ok
567;1;2024;1;Robo/Hurto Automotor;;;;Termas De Rio Hondo y Brown Almirante;;Asiste Policia y Libera;Mar del Plata;Buenos Aires;Argentina;Termas De Rio Hondo y Brown Almirante;-57.6011627,-37.9788483;ok
568;1;2024;1;Robo/Hurto Automotor;;;;Rivadavia y Mitre Bartolome;;Asiste Policia y Libera;Mar del Plata;Buenos Aires;Argentina;Rivadavia y Mitre Bartolome;-57.5495932,-37.9991876;ok
569;1;2024;1;Robo/Hurto Automotor;;;;Avenida Juan B. Justo y Arturo Alio;;Asiste Policia y Libera;Mar del Plata;Buenos Aires;Argentina;Avenida Juan B. Justo y Arturo Alio;-57.6081541,-37.9910808;ok
570;1;2024;1;Robo/Hurto Automotor;;;;Brandsen y Avenida Patricio Peralta Ramos;;Asiste Policia y Libera;Mar del Plata;Buenos Aires;Argentina;Brandsen y Avenida Patricio Peralta Ramos;-57.5449623,-37.9855982;ok
571;1;2024;1;Robo/Hurto Automotor;;;;Termas De Rio Hondo y Esteban Gascon;;Asiste Policia y Libera;Mar del Plata;Buenos Aires;Argentina;Termas De Rio Hondo y Esteban Gascon;-57.60247,-37.98042;ok
572;1;2024;1;Robo/Hurto Automotor;;;;Viamonte y San Lorenzo;;Se Realiza Seguimiento del Evento;Mar del Plata;Buenos Aires;Argentina;Viamonte y San Lorenzo;-57.5415973,-38.0190181;ok
573;1;2024;1;Robo/Hurto Automotor;;;;Juana Manso y Juan Bautista Azopardo;;Hallazgo Automotor;Mar del Plata;Buenos Aires;Argentina;Juana Manso y Juan Bautista Azopardo;-57.5800038,-38.0292063;ok
574;1;2024;1;Robo/Hurto Automotor;;;;Belgrano y La Rioja;;Asiste Policia y Libera;Mar del Plata;Buenos Aires;Argentina;Belgrano y La Rioja;-57.5521515,-37.9989138;ok
575;1;2024;1;Robo/Hurto Automotor;;;;Avenida Pedro Luro y Avenida Independencia;;Asiste Policia y Libera;Mar del Plata;Buenos Aires;Argentina;Avenida Pedro Luro y Avenida Independencia;-57.5523021,-37.9955494;ok
576;1;2024;1;Robo/Hurto Automotor;;;;Avenida Vertiz y Casildo Villar;;Asiste Policia y Libera;Mar del Plata;Buenos Aires;Argentina;Avenida Vertiz y Casildo Villar;-57.5820354,-38.0262857;ok
577;1;2024;1;Robo/Hurto Automotor;;;;Don Bosco y Rawson;;Persecucion Y Perdida;Mar del Plata;Buenos Aires;Argentina;Don Bosco y Rawson;-57.57554,-37.99631;ok
578;1;2024;1;Robo/Hurto Automotor;;;;Avenida Juan Hector Jara y Alvarado Rudecindo;;Asiste Policia y Libera;Mar del Plata;Buenos Aires;Argentina;Avenida Juan Hector Jara y Alvarado Rudecindo;-57.5795026,-37.9976111;ok
579;1;2024;1;Robo/Hurto Automotor;;;;Gaboto y Cerrito;;Asiste Policia y Libera;Mar del Plata;Buenos Aires;Argentina;Gaboto y Cerrito;-57.5569662,-38.0323966;ok
580;1;2024;1;Robo/Hurto Automotor;;;;Teodoro Bronzini y Tres de 02;;Asiste Policia y Libera;Mar del Plata;Buenos Aires;Argentina;Teodoro Bronzini y Tres de 02;-57.5764984,-37.9798506;ok
581;1;2024;1;Robo/Hurto Automotor;;;;Florencio Sanchez y Avenida Vertiz;;Asiste Policia y Libera;Mar del Plata;Buenos Aires;Argentina;Florencio Sanchez y Avenida Vertiz;-57.5801553,-38.0276683;ok
582;1;2024;1;Robo/Hurto Automotor;;;;Jacinto Peralta Ramos y Avenida Vertiz;;Asiste Policia y Libera;Mar del Plata;Buenos Aires;Argentina;Jacinto Peralta Ramos y Avenida Vertiz;-57.5810786,-38.0271037;ok
583;1;2024;1;Robo/Hurto Automotor;;;;Avenida Constitucion y Chubut;;Asiste Policia y Libera;Mar del Plata;Buenos Aires;Argentina;Avenida Constitucion y Chubut;-57.5495718,-37.967634;ok
584;1;2024;1;Robo/Hurto Automotor;;;;Avenida Colon y Arenales;;Asiste Policia y Libera;Mar del Plata;Buenos Aires;Argentina;Avenida Colon y Arenales;-57.5431562,-38.0070263;ok
585;1;2024;1;Robo/Hurto Automotor;;;;Ayolas y Ciudad De San Cayetano;;Asiste Policia y Libera;Mar del Plata;Buenos Aires;Argentina;Ayolas y Ciudad De San Cayetano;-57.6086476,-37.999872;ok
586;1;2024;1;Robo/Hurto Automotor;;;;Cerrito y Juan Bautista Azopardo;;Asiste Policia y Libera;Mar del Plata;Buenos Aires;Argentina;Cerrito y Juan Bautista Azopardo;-57.5659773,-38.0398112;ok
587;1;2024;1;Robo/Hurto Automotor;;;;Florisbelo Acosta y Eduardo Bradley;;Asiste Policia y Libera;Mar del Plata;Buenos Aires;Argentina;Florisbelo Acosta y Eduardo Bradley;-57.588342,-37.952561;ok
588;1;2024;1;Robo/Hurto Automotor;;;;Avenida Juan B. Justo y Carlos Gardel;;Asiste Policia y Libera;Mar del Plata;Buenos Aires;Argentina;Avenida Juan B. Justo y Carlos Gardel;-57.6081648,-37.9910639;ok
589;1;2024;1;Robo/Hurto Automotor;;;;Avenida Juan B. Justo y Andres Mac Gaul;;Asiste Policia y Libera;Mar del Plata;Buenos Aires;Argentina;Avenida Juan B. Justo y Andres Mac Gaul;-57.5950197,-38.0009538;ok
590;1;2024;1;Robo/Hurto Automotor;;;;Diagonal Elpidio Gonzalez y Los Platanos;;No Asiste;Mar del Plata;Buenos Aires;Argentina;Diagonal Elpidio Gonzalez y Los Platanos;-57.5686765,-38.033311;ok
591;1;2024;1;Robo/Hurto Automotor;;;;Larrea y Avenida Independencia;;Secuestro De Vehiculo;Mar del Plata;Buenos Aires;Argentina;Larrea y Avenida Independencia;-57.5704576,-38.0179825;ok
592;1;2024;1;Robo/Hurto Automotor;;;;Corrientes y Avenida Colon;;Asiste Policia y Libera;Mar del Plata;Buenos Aires;Argentina;Corrientes y Avenida Colon;-57.54719,-38.00499;ok
593;1;2024;1;Robo/Hurto Automotor;;;;Talcahuano y Gaboto;;Asiste Policia y Libera;Mar del Plata;Buenos Aires;Argentina;Talcahuano y Gaboto;-57.5675977,-38.0243808;ok
594;1;2024;1;Robo/Hurto Automotor;;;;Avenida Colon y Avenida Independencia;;Persecucion Y Perdida;Mar del Plata;Buenos Aires;Argentina;Avenida Colon y Avenida Independencia;-57.556234,-38.0004082;ok
595;1;2024;1;Robo/Hurto Automotor;;;;Avenida Independencia y Moreno;;Asiste Policia y Libera;Mar del Plata;Buenos Aires;Argentina;Avenida Independencia y Moreno;-57.5548978,-37.998769;ok
596;1;2024;1;Robo/Hurto Automotor;;;;Jacinto Peralta Ramos y Puan;;Asiste Policia y Libera;Mar del Plata;Buenos Aires;Argentina;Jacinto Peralta Ramos y Puan;-57.589417,-38.0340529;ok
597;1;2024;1;Robo/Hurto Automotor;;;;Guido Tomas y Matheu Domingo;;Persecucion Y Detencion;Mar del Plata;Buenos Aires;Argentina;Guido Tomas y Matheu Domingo;-57.575201,-38.013278;ok
598;1;2024;1;Robo/Hurto Automotor;;;;Avenida Libertad y Arturo Alio;;Asiste Policia y Libera;Mar del Plata;Buenos Aires;Argentina;Avenida Libertad y Arturo Alio;-57.5905451,-37.9693118;ok
599;1;2024;1;Robo/Hurto Automotor;;;;Ruta 11 y Scaglia Lorenzo;;Asiste Policia y Libera;Mar del Plata;Buenos Aires;Argentina;Ruta 11 y Scaglia Lorenzo;-57.5315664,-37.9323765;ok
600;1;2024;2;Robo/Hurto Automotor;;;;Viamonte y Bolivar;;Detencion;Mar del Plata;Buenos Aires;Argentina;Viamonte y Bolivar;-57.5344722,-38.0102011;ok
601;1;2024;2;Robo/Hurto Automotor;;;;Belgrano y Avenida Independencia;;No Asiste;Mar del Plata;Buenos Aires;Argentina;Belgrano y Avenida Independencia;-57.5542281,-37.9979591;ok
602;1;2024;2;Robo/Hurto Automotor;;;;Avenida Constitucion y Carlos Tejedor;;Asiste Policia y Libera;Mar del Plata;Buenos Aires;Argentina;Avenida Constitucion y Carlos Tejedor;-57.55348,-37.96554;ok
603;1;2024;2;Robo/Hurto Automotor;;;;Rawson y Salta;;Asiste Policia y Libera;Mar del Plata;Buenos Aires;Argentina;Rawson y Salta;-57.5605458,-38.003879;ok
604;1;2024;2;Robo/Hurto Automotor;;;;Arenales y Alberti Manuel;;Asiste Policia y Libera;Mar del Plata;Buenos Aires;Argentina;Arenales y Alberti Manuel;-57.5458014,-38.0101773;ok
605;1;2024;2;Robo/Hurto Automotor;;;;Arturo Alio y Avenida Libertad;;Asiste Policia y Libera;Mar del Plata;Buenos Aires;Argentina;Arturo Alio y Avenida Libertad;-57.5905451,-37.9693118;ok
606;1;2024;2;Robo/Hurto Automotor;;;;Ortiz De Zarate y Lisandro De La Torre;;No Asiste;Mar del Plata;Buenos Aires;Argentina;Ortiz De Zarate y Lisandro De La Torre;-57.55444,-38.0420482;ok
607;1;2024;2;Robo/Hurto Automotor;;;;Avenida Juan Hector Jara y Alvarado Rudecindo;;Asiste Policia y Libera;Mar del Plata;Buenos Aires;Argentina;Avenida Juan Hector Jara y Alvarado Rudecindo;-57.5795026,-37.9976111;ok
608;1;2024;2;Robo/Hurto Automotor;;;;Ortiz De Zarate y Reforma Universitaria;;Asiste Policia y Libera;Mar del Plata;Buenos Aires;Argentina;Ortiz De Zarate y Reforma Universitaria;-57.5990209,-38.0084217;ok
609;1;2024;2;Robo/Hurto Automotor;;;;Mitre Bartolome y Venticinco de 05;;Asiste Policia y Libera;Mar del Plata;Buenos Aires;Argentina;Mitre Bartolome y Venticinco de 05;-57.5475126,-37.996762;ok
610;1;2024;2;Robo/Hurto Automotor;;;;Martin Miguel De Guemes y Falucho;;Asiste Policia y Libera;Mar del Plata;Buenos Aires;Argentina;Martin Miguel De Guemes y Falucho;-57.5384779,-38.0116691;ok
611;1;2024;2;Robo/Hurto Automotor;;;;Rodriguez Peña y Uruguay;;Asiste Policia y Libera;Mar del Plata;Buenos Aires;Argentina;Rodriguez Peña y Uruguay;-57.5841185,-37.999737;ok
612;1;2024;2;Robo/Hurto Automotor;;;;Calabria y Marcelo T. De Alvear;;Asiste Policia y Libera;Mar del Plata;Buenos Aires;Argentina;Calabria y Marcelo T. De Alvear;-57.5758702,-38.0494071;ok
613;1;2024;2;Robo/Hurto Automotor;;;;Polonia y Juan Gutenberg;;Detencion;Mar del Plata;Buenos Aires;Argentina;Polonia y Juan Gutenberg;-57.6094515,-38.0253971;ok
614;1;2024;2;Robo/Hurto Automotor;;;;Alvarado y Bernardo De Irigoyen;;Asiste Policia y Libera;Mar del Plata;Buenos Aires;Argentina;Alvarado y Bernardo De Irigoyen;-57.5323329,-38.021462;ok
615;1;2024;2;Robo/Hurto Automotor;;;;San Luis y San Martin;;Asiste Policia y Libera;Mar del Plata;Buenos Aires;Argentina;San Luis y San Martin;-57.5479,-37.99895;ok
616;1;2024;2;Robo/Hurto Automotor;;;;Avenida Juan B. Justo y Funes Gregorio;;Asiste Policia y Libera;Mar del Plata;Buenos Aires;Argentina;Avenida Juan B. Justo y Funes Gregorio;-57.5782895,-38.0136672;ok
617;1;2024;2;Robo/Hurto Automotor;;;;Lisandro De La Torre y Magallanes;;Asiste Policia y Libera;Mar del Plata;Buenos Aires;Argentina;Lisandro De La Torre y Magallanes;-57.5773716,-38.0209448;ok
618;1;2024;2;Robo/Hurto Automotor;;;;Tomas Alva Edison y De La Plaza Fortunato;;Asiste Policia y Libera;Mar del Plata;Buenos Aires;Argentina;Tomas Alva Edison y De La Plaza Fortunato;-57.5613573,-38.0524675;ok
619;1;2024;2;Robo/Hurto Automotor;;;;Bravo Mario y Pehuajo;;Asiste Policia y Libera;Mar del Plata;Buenos Aires;Argentina;Bravo Mario y Pehuajo;-57.6068292,-38.033686;ok
620;1;2024;2;Robo/Hurto Automotor;;;;Avenida Colon y Malvinas;;Asiste Policia y Libera;Mar del Plata;Buenos Aires;Argentina;Avenida Colon y Malvinas;-57.5833561,-37.9866551;ok
621;1;2024;2;Robo/Hurto Automotor;;;;Avenida Juan Hector Jara y Almafuerte;;Asiste Policia y Libera;Mar del Plata;Buenos Aires;Argentina;Avenida Juan Hector Jara y Almafuerte;-57.5858895,-38.0054775;ok
622;1;2024;2;Robo/Hurto Automotor;;;;Mendoza y O'higgins;;Asiste Policia y Libera;Mar del Plata;Buenos Aires;Argentina;Mendoza y O'higgins;-57.5503102,-38.031494;ok
623;1;2024;2;Robo/Hurto Automotor;;;;Avenida Centenario y De La Plaza Fortunato;;Asiste Policia y Libera;Mar del Plata;Buenos Aires;Argentina;Avenida Centenario y De La Plaza Fortunato;-57.6138226,-38.008918;ok
624;1;2024;2;Robo/Hurto Automotor;;;;Avenida Juan B. Justo y Avenida Independencia;;Asiste Policia y Libera;Mar del Plata;Buenos Aires;Argentina;Avenida Juan B. Justo y Avenida Independencia;-57.5712351,-38.0189348;ok
625;1;2024;2;Robo/Hurto Automotor;;;;Cerrito y Juan Gutenberg;;Asiste Policia y Libera;Mar del Plata;Buenos Aires;Argentina;Cerrito y Juan Gutenberg;-57.5775225,-38.0494436;ok
626;1;2024;2;Robo/Hurto Automotor;;;;Larrea y España;;Asiste Policia y Libera;Mar del Plata;Buenos Aires;Argentina;Larrea y España;-57.5735176,-38.0164332;ok
627;1;2024;2;Robo/Hurto Automotor;;;;Avenida Juan B. Justo y Americo Raul Canosa;;Asiste Policia y Libera;Mar del Plata;Buenos Aires;Argentina;Avenida Juan B. Justo y Americo Raul Canosa;-57.5766525,-38.0148284;ok
628;1;2024;2;Robo/Hurto Automotor;;;;Avenida Libertad y Francia;;Asiste Policia y Libera;Mar del Plata;Buenos Aires;Argentina;Avenida Libertad y Francia;-57.5654195,-37.9820396;ok
629;1;2024;2;Robo/Hurto Automotor;;;;Chile y Rodriguez Peña;;Persecucion Y Detencion;Mar del Plata;Buenos Aires;Argentina;Chile y Rodriguez Peña;-57.58611,-37.99873;ok
630;1;2024;2;Robo/Hurto Automotor;;;;Avenida Pedro Luro y Ramon Carrillo;;Asiste Policia y Libera;Mar del Plata;Buenos Aires;Argentina;Avenida Pedro Luro y Ramon Carrillo;-57.62665,-37.95795;ok
631;1;2024;2;Robo/Hurto Automotor;;;;Nueve de Julio y Neuquen;;Asiste Policia y Libera;Mar del Plata;Buenos Aires;Argentina;Nueve de Julio y Neuquen;-57.5660326,-37.9862563;ok
632;1;2024;2;Robo/Hurto Automotor;;;;Falucho y Viamonte;;Asiste Policia y Libera;Mar del Plata;Buenos Aires;Argentina;Falucho y Viamonte;-57.5364973,-38.012703;ok
633;1;2024;2;Robo/Hurto Automotor;;;;Chacabuco y Jujuy;;Asiste Policia y Libera;Mar del Plata;Buenos Aires;Argentina;Chacabuco y Jujuy;-57.5491045,-37.9879773;ok
634;1;2024;2;Robo/Hurto Automotor;;;;Juan Gutenberg y Avenida Victorio Tetamanti;;Asiste Policia y Libera;Mar del Plata;Buenos Aires;Argentina;Juan Gutenberg y Avenida Victorio Tetamanti;-57.6199254,-38.0173001;ok
635;1;2024;2;Robo/Hurto Automotor;;;;Avenida de los Trabajadores y Cayetano Rodriguez;;Asiste Policia y Libera;Mar del Plata;Buenos Aires;Argentina;Avenida de los Trabajadores y Cayetano Rodriguez;-57.543899,-38.077622;ok
636;1;2024;2;Robo/Hurto Automotor;;;;Doce de Octubre y Jose Dutto Padre;;Asiste Policia y Libera;Mar del Plata;Buenos Aires;Argentina;Doce de Octubre y Jose Dutto Padre;-57.5508845,-38.0395807;ok
637;1;2024;2;Robo/Hurto Automotor;;;;Avenida Pedro Luro y Bordabehere Enzo;;Asiste Policia y Libera;Mar del Plata;Buenos Aires;Argentina;Avenida Pedro Luro y Bordabehere Enzo;-57.5854436,-37.9787623;ok
638;1;2024;2;Robo/Hurto Automotor;;;;Don Bosco y Avenida Juan B. Justo;;Asiste Policia y Libera;Mar del Plata;Buenos Aires;Argentina;Don Bosco y Avenida Juan B. Justo;-57.5852524,-38.0083519;ok
639;1;2024;2;Robo/Hurto Automotor;;;;Ruta 11 y Toscana;;Asiste Policia y Libera;Mar del Plata;Buenos Aires;Argentina;Ruta 11 y Toscana;-57.5581061,-38.099408;ok
640;1;2024;2;Robo/Hurto Automotor;;;;De La Plaza Fortunato y Luis Agote;;Asiste Policia y Libera;Mar del Plata;Buenos Aires;Argentina;De La Plaza Fortunato y Luis Agote;-57.5717256,-38.044652;ok
641;1;2024;2;Robo/Hurto Automotor;;;;San Juan y Matheu Domingo;;Asiste Policia y Libera;Mar del Plata;Buenos Aires;Argentina;San Juan y Matheu Domingo;-57.5765691,-38.008042;ok
642;1;2024;2;Robo/Hurto Automotor;;;;Rodriguez Peña y Cordoba;;Asiste Policia y Libera;Mar del Plata;Buenos Aires;Argentina;Rodriguez Peña y Cordoba;-57.55787,-38.01304;ok
643;1;2024;2;Robo/Hurto Automotor;;;;Arturo Alio y Garay Juan De;;Asiste Policia y Libera;Mar del Plata;Buenos Aires;Argentina;Arturo Alio y Garay Juan De;-57.6021452,-37.983913;ok
644;1;2024;2;Robo/Hurto Automotor;;;;Castelli Juan Jose y Alvear Carlos Maria De;;Asiste Policia y Libera;Mar del Plata;Buenos Aires;Argentina;Castelli Juan Jose y Alvear Carlos Maria De;-57.5406847,-38.0161853;ok
645;1;2024;3;Robo/Hurto Automotor;;;;Alberti Manuel y Las Heras;;Detencion;Mar del Plata;Buenos Aires;Argentina;Alberti Manuel y Las Heras;-57.54378,-38.01125;ok
646;1;2024;3;Robo/Hurto Automotor;;;;Sarmiento y Garay Juan De;;Detencion;Mar del Plata;Buenos Aires;Argentina;Sarmiento y Garay Juan De;-57.54403,-38.01334;ok
647;1;2024;3;Robo/Hurto Automotor;;;;Hipolito Yrigoyen y Brown Almirante;;Asiste Policia y Libera;Mar del Plata;Buenos Aires;Argentina;Hipolito Yrigoyen y Brown Almirante;-57.5538668,-38.0026147;ok
648;1;2024;3;Robo/Hurto Automotor;;;;Posadas y Doce de 10;;Asiste Policia y Libera;Mar del Plata;Buenos Aires;Argentina;Posadas y Doce de 10;-57.5491618,-38.0408721;ok
649;1;2024;3;Robo/Hurto Automotor;;;;Olavarria y Azcuenaga;;Secuestro De Vehiculo;Mar del Plata;Buenos Aires;Argentina;Olavarria y Azcuenaga;-57.5530151,-38.0279255;ok
650;1;2024;3;Robo/Hurto Automotor;;;;Americo Raul Canosa y San Salvador;;Asiste Policia y Libera;Mar del Plata;Buenos Aires;Argentina;Americo Raul Canosa y San Salvador;-57.5880596,-38.0206055;ok
651;1;2024;3;Robo/Hurto Automotor;;;;Avenida Colon y Buenos Aires;;Asiste Policia y Libera;Mar del Plata;Buenos Aires;Argentina;Avenida Colon y Buenos Aires;-57.5451108,-38.006042;ok
652;1;2024;3;Robo/Hurto Automotor;;;;Italia y Almafuerte;;Asiste Policia y Libera;Mar del Plata;Buenos Aires;Argentina;Italia y Almafuerte;-57.5818077,-38.0075916;ok
653;1;2024;3;Robo/Hurto Automotor;;;;Avenida Independencia y Venticinco de 05;;Asiste Policia y Libera;Mar del Plata;Buenos Aires;Argentina;Avenida Independencia y Venticinco de 05;-57.551644,-37.994538;ok
654;1;2024;3;Robo/Hurto Automotor;;;;San Luis y San Martin;;Asiste Policia y Libera;Mar del Plata;Buenos Aires;Argentina;San Luis y San Martin;-57.5479,-37.99895;ok
655;1;2024;3;Robo/Hurto Automotor;;;;Avenida Victorio Tetamanti y Silvestre Tohel;;Asiste Policia y Libera;Mar del Plata;Buenos Aires;Argentina;Avenida Victorio Tetamanti y Silvestre Tohel;-57.6331811,-38.028558;ok
656;1;2024;3;Robo/Hurto Automotor;;;;Avenida Pedro Luro y Catamarca;;Asiste Policia y Libera;Mar del Plata;Buenos Aires;Argentina;Avenida Pedro Luro y Catamarca;-57.5512134,-37.9961032;ok
657;1;2024;3;Robo/Hurto Automotor;;;;Avenida Colon y Olazabal Felix De;;Asiste Policia y Libera;Mar del Plata;Buenos Aires;Argentina;Avenida Colon y Olazabal Felix De;-57.5652929,-37.9958231;ok
658;1;2024;3;Robo/Hurto Automotor;;;;General Manuel N. Savio y Jose Garibaldi;;Asiste Policia y Libera;Mar del Plata;Buenos Aires;Argentina;General Manuel N. Savio y Jose Garibaldi;-57.5691477,-38.0301835;ok
659;1;2024;3;Robo/Hurto Automotor;;;;Mansilla y Avenida Felix U. Camet;;Asiste Policia y Libera;Mar del Plata;Buenos Aires;Argentina;Mansilla y Avenida Felix U. Camet;-57.5374938,-37.9535687;ok
660;1;2024;3;Robo/Hurto Automotor;;;;Avenida Pedro Luro y Hipolito Yrigoyen;;Detencion;Mar del Plata;Buenos Aires;Argentina;Avenida Pedro Luro y Hipolito Yrigoyen;-57.5491919,-37.997121;ok
661;1;2024;3;Robo/Hurto Automotor;;;;Alsina y Rawson;;Asiste Policia y Libera;Mar del Plata;Buenos Aires;Argentina;Alsina y Rawson;-57.5424318,-38.013034;ok
662;1;2024;3;Robo/Hurto Automotor;;;;Avenida Colon y Olavarria;;Asiste Policia y Libera;Mar del Plata;Buenos Aires;Argentina;Avenida Colon y Olavarria;-57.53819,-38.00955;ok
663;1;2024;3;Robo/Hurto Automotor;;;;San juan y Alvarado Rudecindo;;Asiste Policia y Libera;Mar del Plata;Buenos Aires;Argentina;San juan y Alvarado Rudecindo;-57.5714747,-38.001732;ok
664;1;2024;3;Robo/Hurto Automotor;;;;Rawson y Luciano Arrue;;Asiste Policia y Libera;Mar del Plata;Buenos Aires;Argentina;Rawson y Luciano Arrue;-57.6047499,-37.981505;ok
665;1;2024;3;Robo/Hurto Automotor;;;;Alsina y Rawson;;Asiste Policia y Libera;Mar del Plata;Buenos Aires;Argentina;Alsina y Rawson;-57.5424318,-38.013034;ok
666;1;2024;3;Robo/Hurto Automotor;;;;Avenida Pedro Luro y Hipolito Yrigoyen;;Asiste Policia y Libera;Mar del Plata;Buenos Aires;Argentina;Avenida Pedro Luro y Hipolito Yrigoyen;-57.5491919,-37.997121;ok
667;1;2024;3;Robo/Hurto Automotor;;;;Formosa y La Rioja;;Asiste Policia y Libera;Mar del Plata;Buenos Aires;Argentina;Formosa y La Rioja;-57.5650797,-38.0149776;ok
668;1;2024;3;Robo/Hurto Automotor;;;;Americo Raul Canosa y Doce de 10;;Detencion;Mar del Plata;Buenos Aires;Argentina;Americo Raul Canosa y Doce de 10;-57.5827619,-38.0164954;ok
669;1;2024;3;Robo/Hurto Automotor;;;;Garay Juan De y David Ortega Presbitero;;Asiste Policia y Libera;Mar del Plata;Buenos Aires;Argentina;Garay Juan De y David Ortega Presbitero;-57.5962509,-37.986889;ok
670;1;2024;3;Robo/Hurto Automotor;;;;Guido Tomas y Alvarado Rudecindo;;Asiste Policia y Libera;Mar del Plata;Buenos Aires;Argentina;Guido Tomas y Alvarado Rudecindo;-57.568468,-38.0032079;ok
671;1;2024;3;Robo/Hurto Automotor;;;;Avenida Juan Jose Paso y España;;Asiste Policia y Libera;Mar del Plata;Buenos Aires;Argentina;Avenida Juan Jose Paso y España;-57.57219,-38.01481;ok
672;1;2024;3;Robo/Hurto Automotor;;;;Martin Miguel De Guemes y Rodriguez Peña;;Asiste Policia y Libera;Mar del Plata;Buenos Aires;Argentina;Martin Miguel De Guemes y Rodriguez Peña;-57.544255,-38.018811;ok
673;1;2024;3;Robo/Hurto Automotor;;;;Avenida Felix U. Camet y Vuelta De Obligado;;Asiste Policia y Libera;Mar del Plata;Buenos Aires;Argentina;Avenida Felix U. Camet y Vuelta De Obligado;-57.5378672,-37.9545205;ok
674;1;2024;3;Robo/Hurto Automotor;;;;Alberti Manuel y Las Heras;;Asiste Policia y Libera;Mar del Plata;Buenos Aires;Argentina;Alberti Manuel y Las Heras;-57.54378,-38.01125;ok
675;1;2024;3;Robo/Hurto Automotor;;;;Mario Bravo y Cerrito;;Asiste Policia y Libera;Mar del Plata;Buenos Aires;Argentina;Mario Bravo y Cerrito;-57.5816094,-38.0528279;ok
676;1;2024;3;Robo/Hurto Automotor;;;;Avenida Constitucion y Marcos Sastre;;Asiste Policia y Libera;Mar del Plata;Buenos Aires;Argentina;Avenida Constitucion y Marcos Sastre;-57.5576711,-37.9634861;ok
677;1;2024;3;Robo/Hurto Automotor;;;;Avenida Juan Hector Jara y Brown Almirante;;Se Realiza Seguimiento del Evento;Mar del Plata;Buenos Aires;Argentina;Avenida Juan Hector Jara y Brown Almirante;-57.5750021,-37.9919231;ok
678;1;2024;3;Robo/Hurto Automotor;;;;Buenos Aires y Rivadavia;;Asiste Policia y Libera;Mar del Plata;Buenos Aires;Argentina;Buenos Aires y Rivadavia;-57.5425285,-38.0027615;ok
679;1;2024;3;Robo/Hurto Automotor;;;;Catorce de Julio y Moreno;;Detencion;Mar del Plata;Buenos Aires;Argentina;Catorce de Julio y Moreno;-57.5599758,-37.9962;ok
680;1;2024;3;Robo/Hurto Automotor;;;;Avenida Colon y Olavarria;;No Asiste;Mar del Plata;Buenos Aires;Argentina;Avenida Colon y Olavarria;-57.53819,-38.00955;ok
681;1;2024;3;Robo/Hurto Automotor;;;;Federico Rauch Coronel y Alvarado Rudecindo;;Hallazgo Automotor;Mar del Plata;Buenos Aires;Argentina;Federico Rauch Coronel y Alvarado Rudecindo;-57.6102003,-37.9821331;ok
682;1;2024;3;Robo/Hurto Automotor;;;;San Juan y Rivadavia;;Asiste Policia y Libera;Mar del Plata;Buenos Aires;Argentina;San Juan y Rivadavia;-57.5636931,-37.9920791;ok
683;1;2024;3;Robo/Hurto Automotor;;;;Calabrese Eneas y Luis Beltran Fray;;Asiste Policia y Libera;Mar del Plata;Buenos Aires;Argentina;Calabrese Eneas y Luis Beltran Fray;-57.5458627,-37.939808;ok
684;1;2024;3;Robo/Hurto Automotor;;;;Avenida Colon y Martin Miguel De Guemes;;No Asiste;Mar del Plata;Buenos Aires;Argentina;Avenida Colon y Martin Miguel De Guemes;-57.53717,-38.0098937;ok
685;1;2024;3;Robo/Hurto Automotor;;;;Jose Lanzilota y Gutenberg Juan;;Asiste Policia y Libera;Mar del Plata;Buenos Aires;Argentina;Jose Lanzilota y Gutenberg Juan;-57.5732282,-38.0526891;ok
686;1;2024;3;Robo/Hurto Automotor;;;;Avenida Colon y Martin Miguel De Guemes;;Asiste Policia y Libera;Mar del Plata;Buenos Aires;Argentina;Avenida Colon y Martin Miguel De Guemes;-57.53717,-38.0098937;ok
687;1;2024;3;Robo/Hurto Automotor;;;;Lebensohn Moises y Rufino Inda Intendente;;Asiste Policia y Libera;Mar del Plata;Buenos Aires;Argentina;Lebensohn Moises y Rufino Inda Intendente;-57.6063838,-38.018654;ok
688;1;2024;3;Robo/Hurto Automotor;;;;Arturo Alio y Garay Juan De;;Asiste Policia y Libera;Mar del Plata;Buenos Aires;Argentina;Arturo Alio y Garay Juan De;-57.6021452,-37.983913;ok
689;1;2024;3;Robo/Hurto Automotor;;;;Champagnat y Matheu Domingo;;Asiste Policia y Libera;Mar del Plata;Buenos Aires;Argentina;Champagnat y Matheu Domingo;-57.5966514,-37.997856;ok
690;1;2024;3;Robo/Hurto Automotor;;;;Laprida y Martin Miguel De Guemes;;Asiste Policia y Libera;Mar del Plata;Buenos Aires;Argentina;Laprida y Martin Miguel De Guemes;-57.5500601,-38.025982;ok
691;1;2024;3;Robo/Hurto Automotor;;;;Avenida Colon y Teodoro J. Bronzini;;Asiste Policia y Libera;Mar del Plata;Buenos Aires;Argentina;Avenida Colon y Teodoro J. Bronzini;-57.5823771,-37.9871533;ok
692;1;2024;3;Robo/Hurto Automotor;;;;Avenida Juan Hector Jara y Avellaneda Nicolas;;Asiste Policia y Libera;Mar del Plata;Buenos Aires;Argentina;Avenida Juan Hector Jara y Avellaneda Nicolas;-57.580092,-37.9984651;ok
693;1;2024;3;Robo/Hurto Automotor;;;;Antonio Maria Gianelli y Diagonal Elpidio Gonzalez;;Detencion;Mar del Plata;Buenos Aires;Argentina;Antonio Maria Gianelli y Diagonal Elpidio Gonzalez;-57.5634182,-38.0345149;ok
694;1;2024;3;Robo/Hurto Automotor;;;;Chacabuco y Avenida Independencia;;Asiste Policia y Libera;Mar del Plata;Buenos Aires;Argentina;Chacabuco y Avenida Independencia;-57.5470287,-37.9890203;ok
695;1;2024;3;Robo/Hurto Automotor;;;;Castelli Juan Jose y Chilabert Bis;;Asiste Policia y Libera;Mar del Plata;Buenos Aires;Argentina;Castelli Juan Jose y Chilabert Bis;-57.6100313,-37.9810785;ok
696;1;2024;3;Robo/Hurto Automotor;;;;Guido Tomas y Matheu Domingo;;Asiste Policia y Libera;Mar del Plata;Buenos Aires;Argentina;Guido Tomas y Matheu Domingo;-57.575201,-38.013278;ok
697;1;2024;3;Robo/Hurto Automotor;;;;Alvarado Rudecindo y Bahia Blanca;;Asiste Policia y Libera;Mar del Plata;Buenos Aires;Argentina;Alvarado Rudecindo y Bahia Blanca;-57.5935213,-37.9905604;ok
698;1;2024;3;Robo/Hurto Automotor;;;;Arturo Alio y Avenida Colon;;Hallazgo Automotor;Mar del Plata;Buenos Aires;Argentina;Arturo Alio y Avenida Colon;-57.5983446,-37.9789883;ok
699;1;2024;3;Robo/Hurto Automotor;;;;Corrientes y Avenida Pedro Luro;;Asiste Policia y Libera;Mar del Plata;Buenos Aires;Argentina;Corrientes y Avenida Pedro Luro;-57.54323,-38.0001;ok
700;1;2024;3;Robo/Hurto Automotor;;;;Matheu Domingo y Catamarca;;Asiste Policia y Libera;Mar del Plata;Buenos Aires;Argentina;Matheu Domingo y Catamarca;-57.5654173,-38.0136653;ok
701;1;2024;3;Robo/Hurto Automotor;;;;Eduardo Wilde y Belgrano;;Detencion;Mar del Plata;Buenos Aires;Argentina;Eduardo Wilde y Belgrano;-57.6134826,-37.9679762;ok
702;1;2024;3;Robo/Hurto Automotor;;;;Ruta 11 y Cura Brochero;;Asiste Policia y Libera;Mar del Plata;Buenos Aires;Argentina;Ruta 11 y Cura Brochero;-57.5315803,-37.932353;ok
703;1;2024;3;Robo/Hurto Automotor;;;;Calabria y Cerrito;;Se Realiza Seguimiento del Evento;Mar del Plata;Buenos Aires;Argentina;Calabria y Cerrito;-57.5767033,-38.0487652;ok
704;1;2024;3;Robo/Hurto Automotor;;;;Avenida Colon y Francia;;Asiste Policia y Libera;Mar del Plata;Buenos Aires;Argentina;Avenida Colon y Francia;-57.57432,-37.99124;ok
705;1;2024;3;Robo/Hurto Automotor;;;;Avenida Pedro Luro y Cordoba;;Asiste Policia y Libera;Mar del Plata;Buenos Aires;Argentina;Avenida Pedro Luro y Cordoba;-57.546208,-37.998617;ok
706;1;2024;3;Robo/Hurto Automotor;;;;Friuli y Guanahani;;Asiste Policia y Libera;Mar del Plata;Buenos Aires;Argentina;Friuli y Guanahani;-57.5837471,-38.0221185;ok
707;1;2024;3;Robo/Hurto Automotor;;;;Leandro N. Alem y Azcuenaga;;Asiste Policia y Libera;Mar del Plata;Buenos Aires;Argentina;Leandro N. Alem y Azcuenaga;-57.5410215,-38.0339807;ok
708;1;2024;3;Robo/Hurto Automotor;;;;Santiago Del Estero y Manuel Quintana;;Asiste Policia y Libera;Mar del Plata;Buenos Aires;Argentina;Santiago Del Estero y Manuel Quintana;-57.5600728,-38.017507;ok
709;1;2024;3;Robo/Hurto Automotor;;;;Avenida Colon y Arturo Alio;;Asiste Policia y Libera;Mar del Plata;Buenos Aires;Argentina;Avenida Colon y Arturo Alio;-57.5983446,-37.9789883;ok
710;1;2024;4;Robo/Hurto Automotor;;;;De La Plaza Fortunato y Giacomo Matteotti;;Asiste Policia y Libera;Mar del Plata;Buenos Aires;Argentina;De La Plaza Fortunato y Giacomo Matteotti;-57.5823727,-38.036624;ok
711;1;2024;4;Robo/Hurto Automotor;;;;General Manuel N. Savio y Doce de 10;;Asiste Policia y Libera;Mar del Plata;Buenos Aires;Argentina;General Manuel N. Savio y Doce de 10;-57.566665,-38.0276863;ok
712;1;2024;4;Robo/Hurto Automotor;;;;Polonia y Genova;;Asiste Policia y Libera;Mar del Plata;Buenos Aires;Argentina;Polonia y Genova;-57.6069651,-38.0232487;ok
713;1;2024;4;Robo/Hurto Automotor;;;;Avenida Victorio Tetamanti y Calabria;;Asiste Policia y Libera;Mar del Plata;Buenos Aires;Argentina;Avenida Victorio Tetamanti y Calabria;-57.6191429,-38.0168595;ok
714;1;2024;4;Robo/Hurto Automotor;;;;Jacinto Peralta Ramos y Hipolito Bouchard;;Asiste Policia y Libera;Mar del Plata;Buenos Aires;Argentina;Jacinto Peralta Ramos y Hipolito Bouchard;-57.5827199,-38.0283646;ok
715;1;2024;4;Robo/Hurto Automotor;;;;Polonia y Tripulantes Del Fournier;;Asiste Policia y Libera;Mar del Plata;Buenos Aires;Argentina;Polonia y Tripulantes Del Fournier;-57.6002709,-38.0178043;ok
716;1;2024;4;Robo/Hurto Automotor;;;;Doce de Octubre y Reforma Universitaria;;No Asiste;Mar del Plata;Buenos Aires;Argentina;Doce de Octubre y Reforma Universitaria;-57.5957379,-38.0057109;ok
717;1;2024;4;Robo/Hurto Automotor;;;;Avenida Juan B. Justo y Alejandro Fleming;;Asiste Policia y Libera;Mar del Plata;Buenos Aires;Argentina;Avenida Juan B. Justo y Alejandro Fleming;-57.5588087,-38.0283904;ok
718;1;2024;4;Robo/Hurto Automotor;;;;Champagnat y Alvarado Rudecindo;;Asiste Policia y Libera;Mar del Plata;Buenos Aires;Argentina;Champagnat y Alvarado Rudecindo;-57.5912394,-37.9916845;ok
719;1;2024;4;Robo/Hurto Automotor;;;;Bravo Mario y Avenida Victorio Tetamanti;;Asiste Policia y Libera;Mar del Plata;Buenos Aires;Argentina;Bravo Mario y Avenida Victorio Tetamanti;-57.6239449,-38.0208103;ok
720;1;2024;4;Robo/Hurto Automotor;;;;Avenida Pedro Luro y Brasil;;Asiste Policia y Libera;Mar del Plata;Buenos Aires;Argentina;Avenida Pedro Luro y Brasil;-57.60746,-37.9675;ok
721;1;2024;4;Robo/Hurto Automotor;;;;Tomas Alva Edison y Eduardo G. Carasa;;Asiste Policia y Libera;Mar del Plata;Buenos Aires;Argentina;Tomas Alva Edison y Eduardo G. Carasa;-57.5605454,-38.0517354;ok
722;1;2024;4;Robo/Hurto Automotor;;;;Champagnat y Alvarado Rudecindo;;Asiste Policia y Libera;Mar del Plata;Buenos Aires;Argentina;Champagnat y Alvarado Rudecindo;-57.5912394,-37.9916845;ok
723;1;2024;4;Robo/Hurto Automotor;;;;Jacinto Peralta Ramos y Arana Y Goiri;;Asiste Policia y Libera;Mar del Plata;Buenos Aires;Argentina;Jacinto Peralta Ramos y Arana Y Goiri;-57.5859745,-38.0312314;ok
724;1;2024;4;Robo/Hurto Automotor;;;;Juan Bautista Alberdi y Entre Rios;;Asiste Policia y Libera;Mar del Plata;Buenos Aires;Argentina;Juan Bautista Alberdi y Entre Rios;-57.5417316,-37.9995275;ok
725;1;2024;4;Robo/Hurto Automotor;;;;Calle 513 y Calle 36;;Hallazgo Automotor;Mar del Plata;Buenos Aires;Argentina;Calle 513 y Calle 36;-57.6064479,-38.111105;ok
726;1;2024;4;Robo/Hurto Automotor;;;;De La Plaza Fortunato y Juana Manso;;Asiste Policia y Libera;Mar del Plata;Buenos Aires;Argentina;De La Plaza Fortunato y Juana Manso;-57.5857954,-38.0340276;ok
727;1;2024;4;Robo/Hurto Automotor;;;;Dorrego y Venticinco de 05;;Asiste Policia y Libera;Mar del Plata;Buenos Aires;Argentina;Dorrego y Venticinco de 05;-57.5881438,-37.987541;ok
728;1;2024;4;Robo/Hurto Automotor;;;;Victoriano E. Montes y General 07 Argentino Roca;;Asiste Policia y Libera;Mar del Plata;Buenos Aires;Argentina;Victoriano E. Montes y General 07 Argentino Roca;-57.5924561,-37.994412;ok
729;1;2024;4;Robo/Hurto Automotor;;;;Avenida Pedro Luro y Jose M. Calaza Coronel;;Asiste Policia y Libera;Mar del Plata;Buenos Aires;Argentina;Avenida Pedro Luro y Jose M. Calaza Coronel;-57.5995934,-37.9716199;ok
730;1;2024;4;Robo/Hurto Automotor;;;;Avenida Juan B. Justo y San Juan;;Asiste Policia y Libera;Mar del Plata;Buenos Aires;Argentina;Avenida Juan B. Justo y San Juan;-57.58007,-38.01232;ok
731;1;2024;4;Robo/Hurto Automotor;;;;Calabria y Roque Saenz Peña;;Asiste Policia y Libera;Mar del Plata;Buenos Aires;Argentina;Calabria y Roque Saenz Peña;-57.5839246,-38.0433388;ok
732;1;2024;4;Robo/Hurto Automotor;;;;Santiago Del Estero y Falucho;;LPR - Se realiza seguimiento del vehiculo;Mar del Plata;Buenos Aires;Argentina;Santiago Del Estero y Falucho;-57.5504533,-38.0056094;ok
733;1;2024;4;Robo/Hurto Automotor;;;;Avenida Colon y Francia;;Asiste Policia y Libera;Mar del Plata;Buenos Aires;Argentina;Avenida Colon y Francia;-57.57432,-37.99124;ok
734;1;2024;4;Robo/Hurto Automotor;;;;Moreno y Gamal Abdel Nasser;;No Asiste;Mar del Plata;Buenos Aires;Argentina;Moreno y Gamal Abdel Nasser;-57.5910247,-37.9804427;ok
735;1;2024;4;Robo/Hurto Automotor;;;;O'higgins y Mendoza;;Asiste Policia y Libera;Mar del Plata;Buenos Aires;Argentina;O'higgins y Mendoza;-57.5503102,-38.031494;ok
736;1;2024;4;Robo/Hurto Automotor;;;;Moreno y Victoriano E. Montes;;Asiste Policia y Libera;Mar del Plata;Buenos Aires;Argentina;Moreno y Victoriano E. Montes;-57.5821487,-37.981645;ok
737;1;2024;4;Robo/Hurto Automotor;;;;Bravo Mario y Pescadores;;Asiste Policia y Libera;Mar del Plata;Buenos Aires;Argentina;Bravo Mario y Pescadores;-57.5676985,-38.063191;ok
738;1;2024;4;Robo/Hurto Automotor;;;;Avenida Colon y Juan F. Czetz Coronel;;Asiste Policia y Libera;Mar del Plata;Buenos Aires;Argentina;Avenida Colon y Juan F. Czetz Coronel;-57.6065124,-37.9750111;ok
739;1;2024;4;Robo/Hurto Automotor;;;;Avenida Colon y Champagnat;;Asiste Policia y Libera;Mar del Plata;Buenos Aires;Argentina;Avenida Colon y Champagnat;-57.5870464,-37.9846757;ok
740;1;2024;4;Robo/Hurto Automotor;;;;Guanahani y Rondeau;;Asiste Policia y Libera;Mar del Plata;Buenos Aires;Argentina;Guanahani y Rondeau;-57.5549174,-38.0442655;ok
741;1;2024;4;Robo/Hurto Automotor;;;;Avenida Pedro Luro y Ramon Carrillo;;Asiste Policia y Libera;Mar del Plata;Buenos Aires;Argentina;Avenida Pedro Luro y Ramon Carrillo;-57.62665,-37.95795;ok
742;1;2024;4;Robo/Hurto Automotor;;;;Ricardo Rojas y Joaquina Acevedo;;Asiste Policia y Libera;Mar del Plata;Buenos Aires;Argentina;Ricardo Rojas y Joaquina Acevedo;-57.5657246,-37.952635;ok
743;1;2024;4;Robo/Hurto Automotor;;;;Tres Arroyos y Primera Junta;;Asiste Policia y Libera;Mar del Plata;Buenos Aires;Argentina;Tres Arroyos y Primera Junta;-57.59872,-37.99346;ok
744;1;2024;4;Robo/Hurto Automotor;;;;Mario Bravo y Diagonal Cesar Gascon;;Asiste Policia y Libera;Mar del Plata;Buenos Aires;Argentina;Mario Bravo y Diagonal Cesar Gascon;-57.581308,-38.0530434;ok
745;1;2024;4;Robo/Hurto Automotor;;;;Champagnat y Esteban Gascon;;Se Realiza Seguimiento del Evento;Mar del Plata;Buenos Aires;Argentina;Champagnat y Esteban Gascon;-57.5885727,-37.9874699;ok
746;1;2024;4;Robo/Hurto Automotor;;;;San Salvador y Mariano Castex;;No Asiste;Mar del Plata;Buenos Aires;Argentina;San Salvador y Mariano Castex;-57.5837882,-38.0238277;ok
747;1;2024;4;Robo/Hurto Automotor;;;;Portugal y Venticinco de Mayo;;Asiste Policia y Libera;Mar del Plata;Buenos Aires;Argentina;Portugal y Venticinco de Mayo;-57.6137772,-37.9631935;ok
748;1;2024;4;Robo/Hurto Automotor;;;;Avenida Independencia y Moreno;;Asiste Policia y Libera;Mar del Plata;Buenos Aires;Argentina;Avenida Independencia y Moreno;-57.5548978,-37.998769;ok
749;1;2024;4;Robo/Hurto Automotor;;;;Avenida Pedro Luro y Hipolito Yrigoyen;;Asiste Policia y Libera;Mar del Plata;Buenos Aires;Argentina;Avenida Pedro Luro y Hipolito Yrigoyen;-57.5491919,-37.997121;ok
750;1;2024;4;Robo/Hurto Automotor;;;;San Martin y La Pampa;;Asiste Policia y Libera;Mar del Plata;Buenos Aires;Argentina;San Martin y La Pampa;-57.5640567,-37.9907962;ok
751;1;2024;4;Robo/Hurto Automotor;;;;Paraguay y Balcarce;;Asiste Policia y Libera;Mar del Plata;Buenos Aires;Argentina;Paraguay y Balcarce;-57.6059138,-37.963847;ok
752;1;2024;4;Robo/Hurto Automotor;;;;Juana Manso y Hipolito Bouchard;;Se Realiza Seguimiento del Evento;Mar del Plata;Buenos Aires;Argentina;Juana Manso y Hipolito Bouchard;-57.5808505,-38.0299303;ok
753;1;2024;4;Robo/Hurto Automotor;;;;Martin Miguel De Guemes y Pringles;;Asiste Policia y Libera;Mar del Plata;Buenos Aires;Argentina;Martin Miguel De Guemes y Pringles;-57.5526392,-38.0292061;ok
754;1;2024;4;Robo/Hurto Automotor;;;;Diagonal Pueyrredon y Bolivar;;Asiste Policia y Libera;Mar del Plata;Buenos Aires;Argentina;Diagonal Pueyrredon y Bolivar;-57.5550295,-37.9998135;ok
755;1;2024;4;Robo/Hurto Automotor;;;;Avenida Juan B. Justo y Primero de Mayo;;Se Realiza Seguimiento del Evento;Mar del Plata;Buenos Aires;Argentina;Avenida Juan B. Justo y Primero de Mayo;-57.5879981,-38.0062071;ok
756;1;2024;4;Robo/Hurto Automotor;;;;Reforma Universitaria Bis y Ortiz De Zarate;;Asiste Policia y Libera;Mar del Plata;Buenos Aires;Argentina;Reforma Universitaria Bis y Ortiz De Zarate;-57.5989946,-38.0084618;ok
757;1;2024;4;Robo/Hurto Automotor;;;;Vieytes y Corrientes;;Asiste Policia y Libera;Mar del Plata;Buenos Aires;Argentina;Vieytes y Corrientes;-57.560728,-38.0217964;ok
758;1;2024;4;Robo/Hurto Automotor;;;;Avenida Pedro Luro y Cordoba;;Asiste Policia y Libera;Mar del Plata;Buenos Aires;Argentina;Avenida Pedro Luro y Cordoba;-57.546208,-37.998617;ok
759;1;2024;4;Robo/Hurto Automotor;;;;Santiago Del Estero y Juan Bautista Alberdi;;Asiste Policia y Libera;Mar del Plata;Buenos Aires;Argentina;Santiago Del Estero y Juan Bautista Alberdi;-57.5444724,-37.9981098;ok
760;1;2024;4;Robo/Hurto Automotor;;;;Champagnat y Esteban Gascon;;LPR - Se realiza seguimiento del vehiculo;Mar del Plata;Buenos Aires;Argentina;Champagnat y Esteban Gascon;-57.5885727,-37.9874699;ok
761;1;2024;4;Robo/Hurto Automotor;;;;Avenida Pedro Luro y Mario Abel Amaya Diputado;;Asiste Policia y Libera;Mar del Plata;Buenos Aires;Argentina;Avenida Pedro Luro y Mario Abel Amaya Diputado;-57.6256154,-37.9584026;ok
762;1;2024;4;Robo/Hurto Automotor;;;;Juan Martin Zabala Monseñor y San Jose De Calasanz;;Asiste Policia y Libera;Mar del Plata;Buenos Aires;Argentina;Juan Martin Zabala Monseñor y San Jose De Calasanz;-57.5783046,-37.9629829;ok
763;1;2024;4;Robo/Hurto Automotor;;;;Mariano Castex y Soler Miguel;;No Asiste;Mar del Plata;Buenos Aires;Argentina;Mariano Castex y Soler Miguel;-57.5886973,-38.0278818;ok
764;1;2024;4;Robo/Hurto Automotor;;;;Hipolito Yrigoyen y Nueve de Julio;;Asiste Policia y Libera;Mar del Plata;Buenos Aires;Argentina;Hipolito Yrigoyen y Nueve de Julio;-57.54786,-37.99544;ok
765;1;2024;4;Robo/Hurto Automotor;;;;Ituzaingo y Avenida Juan Hector Jara;;Asiste Policia y Libera;Mar del Plata;Buenos Aires;Argentina;Ituzaingo y Avenida Juan Hector Jara;-57.5639149,-37.978244;ok
766;1;2024;4;Robo/Hurto Automotor;;;;Avenida Constitucion y Chubut;;Asiste Policia y Libera;Mar del Plata;Buenos Aires;Argentina;Avenida Constitucion y Chubut;-57.5495718,-37.967634;ok
767;1;2024;4;Robo/Hurto Automotor;;;;Avenida Juan B. Justo y Veinte de Setiembre;;Asiste Policia y Libera;Mar del Plata;Buenos Aires;Argentina;Avenida Juan B. Justo y Veinte de Setiembre;-57.5747942,-38.0162031;ok
768;1;2024;4;Robo/Hurto Automotor;;;;Dorrego y Rawson;;Asiste Policia y Libera;Mar del Plata;Buenos Aires;Argentina;Dorrego y Rawson;-57.565501,-38.0013468;ok
769;1;2024;4;Robo/Hurto Automotor;;;;Avenida Juan B. Justo y Onesimo Leguizamon;;Hallazgo Automotor;Mar del Plata;Buenos Aires;Argentina;Avenida Juan B. Justo y Onesimo Leguizamon;-57.6221583,-37.9805063;ok
770;1;2024;4;Robo/Hurto Automotor;;;;Avenida Constitucion y Ratery Ingeniero;;Asiste Policia y Libera;Mar del Plata;Buenos Aires;Argentina;Avenida Constitucion y Ratery Ingeniero;-57.5534873,-37.965546;ok
771;1;2024;4;Robo/Hurto Automotor;;;;Jacinto Peralta Ramos y Eduardo G. Carasa;;Asiste Policia y Libera;Mar del Plata;Buenos Aires;Argentina;Jacinto Peralta Ramos y Eduardo G. Carasa;-57.5867933,-38.0319017;ok
772;1;2024;4;Robo/Hurto Automotor;;;;Avenida Pedro Luro y Salta;;Detencion;Mar del Plata;Buenos Aires;Argentina;Avenida Pedro Luro y Salta;-57.5533842,-37.994999;ok
773;1;2024;4;Robo/Hurto Automotor;;;;Avenida Pedro Luro y Senador Enzo Bordabehere;;Se Realiza Seguimiento del Evento;Mar del Plata;Buenos Aires;Argentina;Avenida Pedro Luro y Senador Enzo Bordabehere;-57.585454,-37.9787733;ok
774;1;2024;4;Robo/Hurto Automotor;;;;Avenida Pedro Luro y Ecuador;;Asiste Policia y Libera;Mar del Plata;Buenos Aires;Argentina;Avenida Pedro Luro y Ecuador;-57.6154948,-37.9635469;ok
775;1;2024;4;Robo/Hurto Automotor;;;;Moreno y Catamarca;;Se Realiza Seguimiento del Evento;Mar del Plata;Buenos Aires;Argentina;Moreno y Catamarca;-57.5538262,-37.9993111;ok
776;1;2024;4;Robo/Hurto Automotor;;;;Santa Fe y Castelli Juan Jose;;Asiste Policia y Libera;Mar del Plata;Buenos Aires;Argentina;Santa Fe y Castelli Juan Jose;-57.5527117,-38.0100613;ok
777;1;2024;5;Robo/Hurto Automotor;;;;Esteban Gascon y Champagnat;;Asiste Policia y Libera;Mar del Plata;Buenos Aires;Argentina;Esteban Gascon y Champagnat;-57.5885727,-37.9874699;ok
778;1;2024;5;Robo/Hurto Automotor;;;;Jose Cardiel Padre y Benito Juarez;;Asiste Policia y Libera;Mar del Plata;Buenos Aires;Argentina;Jose Cardiel Padre y Benito Juarez;-57.56254,-37.96779;ok
779;1;2024;5;Robo/Hurto Automotor;;;;Cordoba y Juan Bautista Alberdi;;Asiste Policia y Libera;Mar del Plata;Buenos Aires;Argentina;Cordoba y Juan Bautista Alberdi;-57.545541,-37.9976;ok
780;1;2024;5;Robo/Hurto Automotor;;;;Avenida Libertad y Chile;;Asiste Policia y Libera;Mar del Plata;Buenos Aires;Argentina;Avenida Libertad y Chile;-57.5705484,-37.9794467;ok
781;1;2024;5;Robo/Hurto Automotor;;;;Alvarado Rudecindo y Juncal;;Asiste Policia y Libera;Mar del Plata;Buenos Aires;Argentina;Alvarado Rudecindo y Juncal;-57.5895661,-37.9925851;ok
782;1;2024;5;Robo/Hurto Automotor;;;;Avenida Pedro Luro y Guido Tomas;;Asiste Policia y Libera;Mar del Plata;Buenos Aires;Argentina;Avenida Pedro Luro y Guido Tomas;-57.5593782,-37.9919499;ok
783;1;2024;5;Robo/Hurto Automotor;;;;Avenida Libertad y Jujuy;;Detencion;Mar del Plata;Buenos Aires;Argentina;Avenida Libertad y Jujuy;-57.5504221,-37.989619;ok
784;1;2024;5;Robo/Hurto Automotor;;;;Juan Martin Zabala Monseñor y Champagnat;;Asiste Policia y Libera;Mar del Plata;Buenos Aires;Argentina;Juan Martin Zabala Monseñor y Champagnat;-57.5777393,-37.9667222;ok
785;1;2024;5;Robo/Hurto Automotor;;;;Alvarado Rudecindo y Peru;;Hallazgo Automotor;Mar del Plata;Buenos Aires;Argentina;Alvarado Rudecindo y Peru;-57.58557,-37.99454;ok
786;1;2024;5;Robo/Hurto Automotor;;;;Ayolas y Cerrito;;Asiste Policia y Libera;Mar del Plata;Buenos Aires;Argentina;Ayolas y Cerrito;-57.5603408,-38.0351804;ok
787;1;2024;5;Robo/Hurto Automotor;;;;Las Palmeras y Felipe De Arana;;Asiste Policia y Libera;Mar del Plata;Buenos Aires;Argentina;Las Palmeras y Felipe De Arana;-57.56141,-37.93142;ok
788;1;2024;5;Robo/Hurto Automotor;;;;San Martin y San Luis;;Detencion;Mar del Plata;Buenos Aires;Argentina;San Martin y San Luis;-57.5479,-37.99895;ok
789;1;2024;5;Robo/Hurto Automotor;;;;España y San Martin;;No Asiste;Mar del Plata;Buenos Aires;Argentina;España y San Martin;-57.55607,-37.99483;ok
790;1;2024;5;Robo/Hurto Automotor;;;;Isla De Cerdeña y Justo Santa Maria De Oro;;No Asiste;Mar del Plata;Buenos Aires;Argentina;Isla De Cerdeña y Justo Santa Maria De Oro;-57.5476,-38.08512;ok
791;1;2024;5;Robo/Hurto Automotor;;;;La Rioja y Esteban Gascon;;No Asiste;Mar del Plata;Buenos Aires;Argentina;La Rioja y Esteban Gascon;-57.55609,-38.00386;ok
792;1;2024;5;Robo/Hurto Automotor;;;;Champagnat y Esteban Gascon;;LPR - Se realiza seguimiento del vehiculo;Mar del Plata;Buenos Aires;Argentina;Champagnat y Esteban Gascon;-57.5885727,-37.9874699;ok
793;1;2024;5;Robo/Hurto Automotor;;;;Luis Beltran Fray y Los Talas;;Asiste Policia y Libera;Mar del Plata;Buenos Aires;Argentina;Luis Beltran Fray y Los Talas;-57.55364,-37.93393;ok
794;1;2024;5;Robo/Hurto Automotor;;;;Champagnat y Avenida Colon;;Asiste Policia y Libera;Mar del Plata;Buenos Aires;Argentina;Champagnat y Avenida Colon;-57.5870464,-37.9846757;ok
795;1;2024;5;Robo/Hurto Automotor;;;;Ratery Ingeniero y Solis;;Asiste Policia y Libera;Mar del Plata;Buenos Aires;Argentina;Ratery Ingeniero y Solis;-57.5816004,-38.01253;ok
796;1;2024;5;Robo/Hurto Automotor;;;;Ayolas y General Rafael De Riego;;Asiste Policia y Libera;Mar del Plata;Buenos Aires;Argentina;Ayolas y General Rafael De Riego;-57.5693274,-38.0284833;ok
797;1;2024;5;Robo/Hurto Automotor;;;;Belgrano y Corrientes;;Asiste Policia y Libera;Mar del Plata;Buenos Aires;Argentina;Belgrano y Corrientes;-57.5451875,-38.0025452;ok
798;1;2024;5;Robo/Hurto Automotor;;;;Arturo Alio y Moreno;;Hallazgo Automotor;Mar del Plata;Buenos Aires;Argentina;Arturo Alio y Moreno;-57.5970778,-37.9774098;ok
799;1;2024;5;Robo/Hurto Automotor;;;;Ruta Nacional N 2 y El Casal;;Asiste Policia y Libera;Mar del Plata;Buenos Aires;Argentina;Ruta Nacional N 2 y El Casal;-57.61391,-37.85513;ok
800;1;2024;5;Robo/Hurto Automotor;;;;San Juan y Primera Junta;;Asiste Policia y Libera;Mar del Plata;Buenos Aires;Argentina;San Juan y Primera Junta;-57.57467,-38.00567;ok
801;1;2024;5;Robo/Hurto Automotor;;;;Buenos Aires y Moreno;;Asiste Policia y Libera;Mar del Plata;Buenos Aires;Argentina;Buenos Aires y Moreno;-57.5437613,-38.0044027;ok
802;1;2024;5;Robo/Hurto Automotor;;;;San Martin y Olazabal Felix De;;Se Realiza Seguimiento del Evento;Mar del Plata;Buenos Aires;Argentina;San Martin y Olazabal Felix De;-57.5620449,-37.9918396;ok
803;1;2024;5;Robo/Hurto Automotor;;;;Dean Funes y Castelli Juan Jose;;Asiste Policia y Libera;Mar del Plata;Buenos Aires;Argentina;Dean Funes y Castelli Juan Jose;-57.56881,-38.00193;ok
804;1;2024;5;Robo/Hurto Automotor;;;;Botana y Moreno;;Asiste Policia y Libera;Mar del Plata;Buenos Aires;Argentina;Botana y Moreno;-57.63718,-37.95709;ok
805;1;2024;5;Robo/Hurto Automotor;;;;Avenida Colon y Cordoba;;Asiste Policia y Libera;Mar del Plata;Buenos Aires;Argentina;Avenida Colon y Cordoba;-57.5501607,-38.003496;ok
806;1;2024;5;Robo/Hurto Automotor;;;;Catorce de Julio y Belgrano;;Se Realiza Seguimiento del Evento;Mar del Plata;Buenos Aires;Argentina;Catorce de Julio y Belgrano;-57.55933,-37.99542;ok
807;1;2024;5;Robo/Hurto Automotor;;;;Pringles y General Juan Jose De Urquiza;;Asiste Policia y Libera;Mar del Plata;Buenos Aires;Argentina;Pringles y General Juan Jose De Urquiza;-57.54465,-38.03325;ok
808;1;2024;5;Robo/Hurto Automotor;;;;Avellaneda Nicolas y Funes Gregorio;;Asiste Policia y Libera;Mar del Plata;Buenos Aires;Argentina;Avellaneda Nicolas y Funes Gregorio;-57.592101,-38.011097;ok
809;1;2024;5;Robo/Hurto Automotor;;;;Doce de Octubre y Tomas Alva Edison;;Asiste Policia y Libera;Mar del Plata;Buenos Aires;Argentina;Doce de Octubre y Tomas Alva Edison;-57.5482016,-38.0415277;ok
810;1;2024;5;Robo/Hurto Automotor;;;;Jose Agustin De La Maza y Diagonal Dalmacio Velez Sarsfield;;Asiste Policia y Libera;Mar del Plata;Buenos Aires;Argentina;Jose Agustin De La Maza y Diagonal Dalmacio Velez Sarsfield;-57.5495836,-38.0775219;ok
811;1;2024;5;Robo/Hurto Automotor;;;;Avenida Colon y Juncal;;Asiste Policia y Libera;Mar del Plata;Buenos Aires;Argentina;Avenida Colon y Juncal;-57.58439,-37.98614;ok
812;1;2024;5;Robo/Hurto Automotor;;;;Avenida Libertad y Jose M. Calaza Coronel;;Asiste Policia y Libera;Mar del Plata;Buenos Aires;Argentina;Avenida Libertad y Jose M. Calaza Coronel;-57.5956095,-37.966739;ok
813;1;2024;5;Robo/Hurto Automotor;;;;Guanahani y Osvaldo Magnasco;;Hallazgo Automotor;Mar del Plata;Buenos Aires;Argentina;Guanahani y Osvaldo Magnasco;-57.59235,-38.01603;ok
814;1;2024;5;Robo/Hurto Automotor;;;;Scaglia Lorenzo y Namibia;;Asiste Policia y Libera;Mar del Plata;Buenos Aires;Argentina;Scaglia Lorenzo y Namibia;-57.5427289,-37.923892;ok
815;1;2024;5;Robo/Hurto Automotor;;;;Viamonte y Moreno;;Asiste Policia y Libera;Mar del Plata;Buenos Aires;Argentina;Viamonte y Moreno;-57.5338416,-38.0094393;ok
816;1;2024;5;Robo/Hurto Automotor;;;;Guido Tomas y San Martin;;LPR - Se realiza seguimiento del vehiculo;Mar del Plata;Buenos Aires;Argentina;Guido Tomas y San Martin;-57.5600669,-37.9928176;ok
817;1;2024;5;Robo/Hurto Automotor;;;;Napoles y De Los Inmigrantes;;Asiste Policia y Libera;Mar del Plata;Buenos Aires;Argentina;Napoles y De Los Inmigrantes;-57.60144,-38.02623;ok
818;1;2024;5;Robo/Hurto Automotor;;;;O'higgins y Mendoza;;Asiste Policia y Libera;Mar del Plata;Buenos Aires;Argentina;O'higgins y Mendoza;-57.55031,-38.03149;ok
819;1;2024;5;Robo/Hurto Automotor;;;;Olazabal y San Martin;;Asiste Policia y Libera;Mar del Plata;Buenos Aires;Argentina;Olazabal y San Martin;-57.56205,-37.99182;ok
820;1;2024;5;Robo/Hurto Automotor;;;;Avenida Libertad y Venezuela;;Asiste Policia y Libera;Mar del Plata;Buenos Aires;Argentina;Avenida Libertad y Venezuela;-57.6135762,-37.9576669;ok
821;1;2024;5;Robo/Hurto Automotor;;;;Pigue y San Martin;;Detencion;Mar del Plata;Buenos Aires;Argentina;Pigue y San Martin;-57.6062309,-37.9694157;ok
822;1;2024;5;Robo/Hurto Automotor;;;;Jacinto Peralta Ramos y Lebensohn Moises;;Asiste Policia y Libera;Mar del Plata;Buenos Aires;Argentina;Jacinto Peralta Ramos y Lebensohn Moises;-57.5886113,-38.0333612;ok
823;1;2024;5;Robo/Hurto Automotor;;;;Rivadavia y Olazabal;;Asiste Policia y Libera;Mar del Plata;Buenos Aires;Argentina;Rivadavia y Olazabal;-57.56269,-37.99257;ok
824;1;2024;5;Robo/Hurto Automotor;;;;Las Heras y Falucho;;Asiste Policia y Libera;Mar del Plata;Buenos Aires;Argentina;Las Heras y Falucho;-57.54249,-38.00965;ok
825;1;2024;5;Robo/Hurto Automotor;;;;Las Heras y Falucho;;Asiste Policia y Libera;Mar del Plata;Buenos Aires;Argentina;Las Heras y Falucho;-57.54249,-38.00965;ok
826;1;2024;5;Robo/Hurto Automotor;;;;Figueroa Alcorta y Mario Bravo;;Detencion;Mar del Plata;Buenos Aires;Argentina;Figueroa Alcorta y Mario Bravo;-57.5685378,-38.0625413;ok
827;1;2024;5;Robo/Hurto Automotor;;;;Avenida Patricio Peralta Ramos y Alvear Carlos Maria De;;Asiste Policia y Libera;Mar del Plata;Buenos Aires;Argentina;Avenida Patricio Peralta Ramos y Alvear Carlos Maria De;-57.534453,-38.0084764;ok
828;1;2024;5;Robo/Hurto Automotor;;;;Funes y Rodriguez Peña;;Asiste Policia y Libera;Mar del Plata;Buenos Aires;Argentina;Funes y Rodriguez Peña;-57.5720519,-38.005866;ok
829;1;2024;5;Robo/Hurto Automotor;;;;Corrientes y Rivadavia;;Asiste Policia y Libera;Mar del Plata;Buenos Aires;Argentina;Corrientes y Rivadavia;-57.54455,-38.00176;ok
830;1;2024;5;Robo/Hurto Automotor;;;;Carlos M. Della Paolera y Juan Martin Zabala Monseñor;;Hallazgo Automotor;Mar del Plata;Buenos Aires;Argentina;Carlos M. Della Paolera y Juan Martin Zabala Monseñor;-57.5803192,-37.9569988;ok
831;1;2024;5;Robo/Hurto Automotor;;;;Avenida Vertiz y Giacomo Matteotti;;Detencion;Mar del Plata;Buenos Aires;Argentina;Avenida Vertiz y Giacomo Matteotti;-57.57493,-38.03178;ok
832;1;2024;5;Robo/Hurto Automotor;;;;Alberti Manuel y Senador Enzo Bordabehere;;Asiste Policia y Libera;Mar del Plata;Buenos Aires;Argentina;Alberti Manuel y Senador Enzo Bordabehere;-57.5919526,-37.9868789;ok
833;1;2024;5;Robo/Hurto Automotor;;;;Rivadavia y Salta;;Asiste Policia y Libera;Mar del Plata;Buenos Aires;Argentina;Rivadavia y Salta;-57.5547015,-37.9966327;ok
834;1;2024;5;Robo/Hurto Automotor;;;;Ayolas y Lisandro De La Torre;;Asiste Policia y Libera;Mar del Plata;Buenos Aires;Argentina;Ayolas y Lisandro De La Torre;-57.5785302,-38.0213377;ok
835;1;2024;5;Robo/Hurto Automotor;;;;Moreno y Guido Tomas;;No Asiste;Mar del Plata;Buenos Aires;Argentina;Moreno y Guido Tomas;-57.56199,-37.99517;ok
836;1;2024;5;Robo/Hurto Automotor;;;;Catorce de Julio y Belgrano;;No Asiste;Mar del Plata;Buenos Aires;Argentina;Catorce de Julio y Belgrano;-57.55933,-37.99542;ok
837;1;2024;5;Robo/Hurto Automotor;;;;Brandsen y Termas De Rio Hondo;;No Asiste;Mar del Plata;Buenos Aires;Argentina;Brandsen y Termas De Rio Hondo;-57.58872,-37.96345;ok
838;1;2024;5;Robo/Hurto Automotor;;;;Brown Almirante y Catamarca;;No Asiste;Mar del Plata;Buenos Aires;Argentina;Brown Almirante y Catamarca;-57.5558334,-38.0017802;ok
839;1;2024;5;Robo/Hurto Automotor;;;;La Rioja y Saavedra Cornelio;;No Asiste;Mar del Plata;Buenos Aires;Argentina;La Rioja y Saavedra Cornelio;-57.56312,-38.01257;ok
840;1;2024;5;Robo/Hurto Automotor;;;;Don Bosco y Avenida Colon;;No Asiste;Mar del Plata;Buenos Aires;Argentina;Don Bosco y Avenida Colon;-57.57227,-37.99228;ok
841;1;2024;5;Robo/Hurto Automotor;;;;Jose Marti y Calle 67;;Asiste Policia y Libera;Mar del Plata;Buenos Aires;Argentina;Jose Marti y Calle 67;-57.58501,-38.05394;ok
842;1;2024;5;Robo/Hurto Automotor;;;;25 De mayo y Dorrego;;No Asiste;Mar del Plata;Buenos Aires;Argentina;25 De mayo y Dorrego;-57.55769,-37.99159;ok
843;1;2024;5;Robo/Hurto Automotor;;;;San Luis y Larrea;;No Asiste;Mar del Plata;Buenos Aires;Argentina;San Luis y Larrea;-57.56535,-38.0206;ok
844;1;2024;5;Robo/Hurto Automotor;;;;Avenida Pedro Luro y Armenia;;No Asiste;Mar del Plata;Buenos Aires;Argentina;Avenida Pedro Luro y Armenia;-57.5955829,-37.9736295;ok
845;1;2024;5;Robo/Hurto Automotor;;;;Avenida Pedro Luro y General Juan Madariaga;;No Asiste;Mar del Plata;Buenos Aires;Argentina;Avenida Pedro Luro y General Juan Madariaga;-57.5583275,-38.008369;ok
846;1;2024;5;Robo/Hurto Automotor;;;;Avenida Patricio Peralta Ramos y Alsina;;Asiste Policia y Libera;Mar del Plata;Buenos Aires;Argentina;Avenida Patricio Peralta Ramos y Alsina;-57.5385043,-38.0082973;ok
847;1;2024;5;Robo/Hurto Automotor;;;;España y Esteban Gascon;;No Asiste;Mar del Plata;Buenos Aires;Argentina;España y Esteban Gascon;-57.5612628,-38.0012952;ok
848;1;2024;5;Robo/Hurto Automotor;;;;Miguel Estanislao Soler y Bosch Elisa;;No Asiste;Mar del Plata;Buenos Aires;Argentina;Miguel Estanislao Soler y Bosch Elisa;-57.5632,-38.04709;ok
849;1;2024;5;Robo/Hurto Automotor;;;;Remedios De Escalada y Manuel Quintana;;No Asiste;Mar del Plata;Buenos Aires;Argentina;Remedios De Escalada y Manuel Quintana;-57.60501,-37.99249;ok
850;1;2024;5;Robo/Hurto Automotor;;;;Polonia y Magallanes;;Asiste Policia y Libera;Mar del Plata;Buenos Aires;Argentina;Polonia y Magallanes;-57.5912727,-38.0103417;ok
851;1;2024;5;Robo/Hurto Automotor;;;;Jose Luis Geronimo Camusso Intendente y Hernandarias;;No Asiste;Mar del Plata;Buenos Aires;Argentina;Jose Luis Geronimo Camusso Intendente y Hernandarias;-57.5906975,-38.0159923;ok
852;1;2024;5;Robo/Hurto Automotor;;;;San Juan y Falucho;;Detencion;Mar del Plata;Buenos Aires;Argentina;San Juan y Falucho;-57.567612,-37.9969635;ok
853;1;2024;5;Robo/Hurto Automotor;;;;14 De julio y Belgrano;;Asiste Policia y Libera;Mar del Plata;Buenos Aires;Argentina;14 De julio y Belgrano;-57.5593285,-37.9953861;ok
854;1;2024;5;Robo/Hurto Automotor;;;;25 De mayo y Dorrego;;Asiste Policia y Libera;Mar del Plata;Buenos Aires;Argentina;25 De mayo y Dorrego;-57.55769,-37.99159;ok
855;1;2024;5;Robo/Hurto Automotor;;;;San Antonio y Diagonal Elpidio Gonzalez;;Asiste Policia y Libera;Mar del Plata;Buenos Aires;Argentina;San Antonio y Diagonal Elpidio Gonzalez;-57.5661656,-38.033857;ok
856;1;2024;5;Robo/Hurto Automotor;;;;Larrea y Cordoba;;Se Realiza Seguimiento del Evento;Mar del Plata;Buenos Aires;Argentina;Larrea y Cordoba;-57.5643668,-38.0210662;ok
857;1;2024;5;Robo/Hurto Automotor;;;;Jose Marti y Willian C Morris;;Asiste Policia y Libera;Mar del Plata;Buenos Aires;Argentina;Jose Marti y Willian C Morris;-57.5792,-38.04948;ok
858;1;2024;5;Robo/Hurto Automotor;;;;Avenida Pedro Luro y Catamarca;;Asiste Policia y Libera;Mar del Plata;Buenos Aires;Argentina;Avenida Pedro Luro y Catamarca;-57.5512,-37.99607;ok
859;1;2024;5;Robo/Hurto Automotor;;;;San Martin y San Luis;;No Asiste;Mar del Plata;Buenos Aires;Argentina;San Martin y San Luis;-57.5479,-37.99895;ok
860;1;2024;5;Robo/Hurto Automotor;;;;San Martin y Portugal;;No Asiste;Mar del Plata;Buenos Aires;Argentina;San Martin y Portugal;-57.6152,-37.96489;ok
861;1;2024;5;Robo/Hurto Automotor;;;;Antonio Maria Gianelli y Leonardo Rosales;;No Asiste;Mar del Plata;Buenos Aires;Argentina;Antonio Maria Gianelli y Leonardo Rosales;-57.56928,-38.03991;ok
862;1;2024;5;Robo/Hurto Automotor;;;;Necochea y Olazabal;;Asiste Policia y Libera;Mar del Plata;Buenos Aires;Argentina;Necochea y Olazabal;-57.55417,-37.98206;ok
863;1;2024;5;Robo/Hurto Automotor;;;;Avenida Pedro Luro y San Juan;;Asiste Policia y Libera;Mar del Plata;Buenos Aires;Argentina;Avenida Pedro Luro y San Juan;-57.5623682,-37.9904289;ok
864;1;2024;5;Robo/Hurto Automotor;;;;Triunvirato y Tripulantes Del Fournier;;Asiste Policia y Libera;Mar del Plata;Buenos Aires;Argentina;Triunvirato y Tripulantes Del Fournier;-57.5615898,-38.0470294;ok
865;1;2024;5;Robo/Hurto Automotor;;;;La Rioja y Moreno;;LPR - Se realiza seguimiento del vehiculo;Mar del Plata;Buenos Aires;Argentina;La Rioja y Moreno;-57.5528088,-37.9998257;ok
866;1;2024;5;Robo/Hurto Automotor;;;;Moreno y Avenida Independencia;;LPR - Se realiza seguimiento del vehiculo;Mar del Plata;Buenos Aires;Argentina;Moreno y Avenida Independencia;-57.5548978,-37.998769;ok
867;1;2024;5;Robo/Hurto Automotor;;;;Belgrano y Santa Fe;;Asiste Policia y Libera;Mar del Plata;Buenos Aires;Argentina;Belgrano y Santa Fe;-57.5461445,-38.0020526;ok
868;1;2024;5;Robo/Hurto Automotor;;;;Catamarca y Saavedra Cornelio;;Asiste Policia y Libera;Mar del Plata;Buenos Aires;Argentina;Catamarca y Saavedra Cornelio;-57.5641687,-38.0120776;ok
869;1;2024;5;Robo/Hurto Automotor;;;;Alvear Carlos Maria De y Brown Almirante;;Asiste Policia y Libera;Mar del Plata;Buenos Aires;Argentina;Alvear Carlos Maria De y Brown Almirante;-57.53686,-38.01141;ok
870;1;2024;5;Robo/Hurto Automotor;;;;Funes Gregorio y Avenida Colon;;Se Realiza Seguimiento del Evento;Mar del Plata;Buenos Aires;Argentina;Funes Gregorio y Avenida Colon;-57.5643275,-37.9963203;ok
871;1;2024;5;Robo/Hurto Automotor;;;;Tomas Alva Edison y Eduardo G. Carasa;;Asiste Policia y Libera;Mar del Plata;Buenos Aires;Argentina;Tomas Alva Edison y Eduardo G. Carasa;-57.5605454,-38.0517354;ok
872;1;2024;5;Robo/Hurto Automotor;;;;Mario Bravo y Marcelo T. De Alvear;;No Asiste;Mar del Plata;Buenos Aires;Argentina;Mario Bravo y Marcelo T. De Alvear;-57.580632,-38.0535012;ok
873;1;2024;5;Robo/Hurto Automotor;;;;Guido Tomas y Avellaneda Nicolas;;Detencion;Mar del Plata;Buenos Aires;Argentina;Guido Tomas y Avellaneda Nicolas;-57.5684679,-38.003225;ok
874;1;2024;5;Robo/Hurto Automotor;;;;Tres de Febrero y Salta;;No Asiste;Mar del Plata;Buenos Aires;Argentina;Tres de Febrero y Salta;-57.5514,-37.99255;ok
875;1;2024;5;Robo/Hurto Automotor;;;;San Luis y Larrea;;No Asiste;Mar del Plata;Buenos Aires;Argentina;San Luis y Larrea;-57.56535,-38.0206;ok
876;1;2024;5;Robo/Hurto Automotor;;;;Marcelo 07 Fitte y Avenida Juan B. Justo;;No Asiste;Mar del Plata;Buenos Aires;Argentina;Marcelo 07 Fitte y Avenida Juan B. Justo;-57.5985,-37.99834;ok
877;1;2024;5;Robo/Hurto Automotor;;;;Genova y Don Orione;;No Asiste;Mar del Plata;Buenos Aires;Argentina;Genova y Don Orione;-57.56993,-38.0513;ok
878;1;2024;5;Robo/Hurto Automotor;;;;Irala y Labarden;;No Asiste;Mar del Plata;Buenos Aires;Argentina;Irala y Labarden;-57.6060639,-38.0018252;ok
879;1;2024;5;Robo/Hurto Automotor;;;;Diagonal Santa Cecilia y Solis;;No Asiste;Mar del Plata;Buenos Aires;Argentina;Diagonal Santa Cecilia y Solis;-57.55869,-38.02978;ok
880;1;2024;5;Robo/Hurto Automotor;;;;Avenida Juan B. Justo y Giacomo Matteotti;;No Asiste;Mar del Plata;Buenos Aires;Argentina;Avenida Juan B. Justo y Giacomo Matteotti;-57.56506,-38.02365;ok
881;1;2024;5;Robo/Hurto Automotor;;;;Castelli Juan Jose y Dorrego;;No Asiste;Mar del Plata;Buenos Aires;Argentina;Castelli Juan Jose y Dorrego;-57.56682,-38.00293;ok
882;1;2024;5;Robo/Hurto Automotor;;;;Avenida Constitucion y Olegario V Andrade;;No Asiste;Mar del Plata;Buenos Aires;Argentina;Avenida Constitucion y Olegario V Andrade;-57.56267,-37.96099;ok
883;1;2024;5;Robo/Hurto Automotor;;;;Salta y Brown Almirante;;No Asiste;Mar del Plata;Buenos Aires;Argentina;Salta y Brown Almirante;-57.55802,-38.0007;ok
884;1;2024;5;Robo/Hurto Automotor;;;;Republica De Cuba y Gaboto;;No Asiste;Mar del Plata;Buenos Aires;Argentina;Republica De Cuba y Gaboto;-57.58326,-38.01255;ok
885;1;2024;5;Robo/Hurto Automotor;;;;Rio Negro y 20 De Setiembre;;No Asiste;Mar del Plata;Buenos Aires;Argentina;Rio Negro y 20 De Setiembre;-57.5460104,-37.9806358;ok
886;1;2024;5;Robo/Hurto Automotor;;;;Eduardo Wilde y Once de 09;;No Asiste;Mar del Plata;Buenos Aires;Argentina;Eduardo Wilde y Once de 09;-57.6088556,-37.9623369;ok
887;1;2024;5;Robo/Hurto Automotor;;;;Uruguay y Roca 07;;No Asiste;Mar del Plata;Buenos Aires;Argentina;Uruguay y Roca 07;-57.5845,-37.99843;ok
888;1;2024;5;Robo/Hurto Automotor;;;;Avenida Juan B. Justo y General Juan Jose De Urquiza;;Asiste Policia y Libera;Mar del Plata;Buenos Aires;Argentina;Avenida Juan B. Justo y General Juan Jose De Urquiza;-57.5475286,-38.036752;ok
889;1;2024;5;Robo/Hurto Automotor;;;;La Rioja y Primera Junta;;Asiste Policia y Libera;Mar del Plata;Buenos Aires;Argentina;La Rioja y Primera Junta;-57.56246,-38.01176;ok
890;1;2024;5;Robo/Hurto Automotor;;;;Avenida Pedro Luro y San Luis;;Asiste Policia y Libera;Mar del Plata;Buenos Aires;Argentina;Avenida Pedro Luro y San Luis;-57.54721,-37.9981;ok
891;1;2024;5;Robo/Hurto Automotor;;;;Uruguay y San Lorenzo;;LPR - Se realiza seguimiento del vehiculo;Mar del Plata;Buenos Aires;Argentina;Uruguay y San Lorenzo;-57.5861177,-37.998732;ok
892;1;2024;5;Robo/Hurto Automotor;;;;Paseo Celso Nicanor Aldao y Paseo Victoria Ocampo;;Asiste Policia y Libera;Mar del Plata;Buenos Aires;Argentina;Paseo Celso Nicanor Aldao y Paseo Victoria Ocampo;-57.5343855,-38.029826;ok
893;1;2024;5;Robo/Hurto Automotor;;;;Avenida Pedro Luro y La Pampa;;No Asiste;Mar del Plata;Buenos Aires;Argentina;Avenida Pedro Luro y La Pampa;-57.56339,-37.98995;ok
894;1;2024;5;Robo/Hurto Automotor;;;;Avenida Independencia y Alvarado Rudecindo;;Asiste Policia y Libera;Mar del Plata;Buenos Aires;Argentina;Avenida Independencia y Alvarado Rudecindo;-57.56136,-38.00677;ok
895;1;2024;5;Robo/Hurto Automotor;;;;Valentin Vergara y Tripulantes Del Fournier;;Asiste Policia y Libera;Mar del Plata;Buenos Aires;Argentina;Valentin Vergara y Tripulantes Del Fournier;-57.54584,-38.0589;ok
896;1;2024;5;Robo/Hurto Automotor;;;;Colectora Calle 515 y Camino Viejo A Miramar;;Asiste Policia y Libera;Mar del Plata;Buenos Aires;Argentina;Colectora Calle 515 y Camino Viejo A Miramar;-57.65311,-38.08761;ok
897;1;2024;5;Robo/Hurto Automotor;;;;Falucho y La Pampa;;Asiste Policia y Libera;Mar del Plata;Buenos Aires;Argentina;Falucho y La Pampa;-57.5686082,-37.9964605;ok
898;1;2024;5;Robo/Hurto Automotor;;;;Eduardo Bradley y Rio Negro;;Asiste Policia y Libera;Mar del Plata;Buenos Aires;Argentina;Eduardo Bradley y Rio Negro;-57.5921507,-37.9572423;ok
899;1;2024;5;Robo/Hurto Automotor;;;;Vieytes y Salta;;LPR - Se realiza seguimiento del vehiculo;Mar del Plata;Buenos Aires;Argentina;Vieytes y Salta;-57.57088,-38.01668;ok
900;1;2024;5;Robo/Hurto Automotor;;;;Avenida Juan B. Justo y Herminia Brumana;;Asiste Policia y Libera;Mar del Plata;Buenos Aires;Argentina;Avenida Juan B. Justo y Herminia Brumana;-57.5858302,-38.0079231;ok
901;1;2024;5;Robo/Hurto Automotor;;;;Juan F. Czetz Coronel y Tres de 02;;LPR - Se realiza seguimiento del vehiculo;Mar del Plata;Buenos Aires;Argentina;Juan F. Czetz Coronel y Tres de 02;-57.6007,-37.96781;ok
902;1;2024;5;Robo/Hurto Automotor;;;;Puan y Cervantes Saavedra;;LPR - Se realiza seguimiento del vehiculo;Mar del Plata;Buenos Aires;Argentina;Puan y Cervantes Saavedra;-57.55266,-38.06173;ok
903;1;2024;5;Robo/Hurto Automotor;;;;Moreno y La Pampa;;LPR - Se realiza seguimiento del vehiculo;Mar del Plata;Buenos Aires;Argentina;Moreno y La Pampa;-57.56596,-37.99316;ok
904;1;2024;5;Robo/Hurto Automotor;;;;General Jose Maria Paz y General Martin Rodrigurez;;Asiste Policia y Libera;Mar del Plata;Buenos Aires;Argentina;General Jose Maria Paz y General Martin Rodrigurez;-57.5469551,-38.034314;ok
905;1;2024;5;Robo/Hurto Automotor;;;;Mariano Acosta Gobernador y Nueve de 07;;Asiste Policia y Libera;Mar del Plata;Buenos Aires;Argentina;Mariano Acosta Gobernador y Nueve de 07;-57.5821357,-37.9781224;ok
906;1;2024;5;Robo/Hurto Automotor;;;;Carlos Tejedor y Luis Beltran Fray;;Asiste Policia y Libera;Mar del Plata;Buenos Aires;Argentina;Carlos Tejedor y Luis Beltran Fray;-57.53766,-37.94573;ok
907;1;2024;5;Robo/Hurto Automotor;;;;Guillermo Marconi Ingeniero y Rawson;;No Asiste;Mar del Plata;Buenos Aires;Argentina;Guillermo Marconi Ingeniero y Rawson;-57.5796131,-37.9941979;ok
908;1;2024;5;Robo/Hurto Automotor;;;;Arana y Goiri y Antonio Valentini;;No Asiste;Mar del Plata;Buenos Aires;Argentina;Arana y Goiri y Antonio Valentini;-57.5824052,-38.0339394;ok
909;1;2024;5;Robo/Hurto Automotor;;;;Buenos Aires y Falucho;;No Asiste;Mar del Plata;Buenos Aires;Argentina;Buenos Aires y Falucho;-57.54649,-38.00763;ok
910;1;2024;5;Robo/Hurto Automotor;;;;Nueve de Julio y Hipolito Yrigoyen;;LPR - Se realiza seguimiento del vehiculo;Mar del Plata;Buenos Aires;Argentina;Nueve de Julio y Hipolito Yrigoyen;-57.54786,-37.99544;ok
911;1;2024;5;Robo/Hurto Automotor;;;;El Churrinche y Luis Piedrabuena Comandante;;LPR - Se realiza seguimiento del vehiculo;Mar del Plata;Buenos Aires;Argentina;El Churrinche y Luis Piedrabuena Comandante;-57.57074,-38.0739;ok
912;1;2024;5;Robo/Hurto Automotor;;;;Tripulantes Del Fournier y Gonzalez Chavez;;LPR - Se realiza seguimiento del vehiculo;Mar del Plata;Buenos Aires;Argentina;Tripulantes Del Fournier y Gonzalez Chavez;-57.5861604,-38.0284888;ok
913;1;2024;5;Robo/Hurto Automotor;;;;Calle 6 Bis y Calle 433;;No Asiste;Mar del Plata;Buenos Aires;Argentina;Calle 6 Bis y Calle 433;-57.58616,-38.0285;ok
914;1;2024;5;Robo/Hurto Automotor;;;;Garay Juan De y Santa Fe;;No Asiste;Mar del Plata;Buenos Aires;Argentina;Garay Juan De y Santa Fe;-57.552053,-38.0092973;ok
915;1;2024;5;Robo/Hurto Automotor;;;;Cordoba y Falucho;;No Asiste;Mar del Plata;Buenos Aires;Argentina;Cordoba y Falucho;-57.55147,-38.00512;ok
916;1;2024;5;Robo/Hurto Automotor;;;;Ratery Ingeniero y Solis;;Asiste Policia y Libera;Mar del Plata;Buenos Aires;Argentina;Ratery Ingeniero y Solis;-57.5816004,-38.01253;ok
917;1;2024;5;Robo/Hurto Automotor;;;;Alberti Manuel y Estado De Israel;;No Asiste;Mar del Plata;Buenos Aires;Argentina;Alberti Manuel y Estado De Israel;-57.59696,-37.98434;ok
918;1;2024;5;Robo/Hurto Automotor;;;;Santiago Del Estero y Alvarado Rudecindo;;No Asiste;Mar del Plata;Buenos Aires;Argentina;Santiago Del Estero y Alvarado Rudecindo;-57.5543044,-38.0103457;ok
919;1;2024;5;Robo/Hurto Automotor;;;;Florisbelo Acosta y Derqui;;Asiste Policia y Libera;Mar del Plata;Buenos Aires;Argentina;Florisbelo Acosta y Derqui;-57.5471546,-37.9733637;ok
920;1;2024;5;Robo/Hurto Automotor;;;;Avenida Pedro Luro y David Ortega Presbitero;;Asiste Policia y Libera;Mar del Plata;Buenos Aires;Argentina;Avenida Pedro Luro y David Ortega Presbitero;-57.5894249,-37.9767479;ok
921;1;2024;5;Robo/Hurto Automotor;;;;Bolivar y 20 De Setiembre;;No Asiste;Mar del Plata;Buenos Aires;Argentina;Bolivar y 20 De Setiembre;-57.55962,-37.99749;ok
922;1;2024;5;Robo/Hurto Automotor;;;;11 De Setiembre y Uruguay;;No Asiste;Mar del Plata;Buenos Aires;Argentina;11 De Setiembre y Uruguay;-57.57088,-37.9816;ok
923;1;2024;5;Robo/Hurto Automotor;;;;La Rioja y Formosa;;Hallazgo Automotor;Mar del Plata;Buenos Aires;Argentina;La Rioja y Formosa;-57.5650797,-38.0149776;ok
924;1;2024;5;Robo/Hurto Automotor;;;;11 De Setiembre y Gamal Abdel Nasser;;LPR - Se realiza seguimiento del vehiculo;Mar del Plata;Buenos Aires;Argentina;11 De Setiembre y Gamal Abdel Nasser;-57.5858247,-37.9740466;ok
925;1;2024;5;Robo/Hurto Automotor;;;;Jose Marti y Magallanes;;LPR - Se realiza seguimiento del vehiculo;Mar del Plata;Buenos Aires;Argentina;Jose Marti y Magallanes;-57.56026,-38.03379;ok
926;1;2024;5;Robo/Hurto Automotor;;;;Brown Almirante y Sarmiento;;Se Realiza Seguimiento del Evento;Mar del Plata;Buenos Aires;Argentina;Brown Almirante y Sarmiento;-57.54086,-38.00937;ok
927;1;2024;5;Robo/Hurto Automotor;;;;Avenida Juan B. Justo y Don Orione;;Se Realiza Seguimiento del Evento;Mar del Plata;Buenos Aires;Argentina;Avenida Juan B. Justo y Don Orione;-57.5501742,-38.0349048;ok
928;1;2024;5;Robo/Hurto Automotor;;;;Azcuenaga y Alvear Carlos Maria De;;Se Realiza Seguimiento del Evento;Mar del Plata;Buenos Aires;Argentina;Azcuenaga y Alvear Carlos Maria De;-57.55102,-38.02892;ok
929;1;2024;5;Robo/Hurto Automotor;;;;Saavedra Cornelio y 20 De Setiembre;;No Asiste;Mar del Plata;Buenos Aires;Argentina;Saavedra Cornelio y 20 De Setiembre;-57.56928,-38.00949;ok
930;1;2024;5;Robo/Hurto Automotor;;;;Avenida Felix U. Camet y Catalina Daprotis;;No Asiste;Mar del Plata;Buenos Aires;Argentina;Avenida Felix U. Camet y Catalina Daprotis;-57.54107,-37.96617;ok
931;1;2024;5;Robo/Hurto Automotor;;;;Brasil y Avenida Pedro Luro;;No Asiste;Mar del Plata;Buenos Aires;Argentina;Brasil y Avenida Pedro Luro;-57.60746,-37.9675;ok
932;1;2024;5;Robo/Hurto Automotor;;;;Roque Saenz Peña y Avenida Juan B. Justo;;LPR - Se realiza seguimiento del vehiculo;Mar del Plata;Buenos Aires;Argentina;Roque Saenz Peña y Avenida Juan B. Justo;-57.5625054,-38.0255999;ok
933;1;2024;5;Robo/Hurto Automotor;;;;Pedro Medrano y Comuna De Mafalda;;Asiste Policia y Libera;Mar del Plata;Buenos Aires;Argentina;Pedro Medrano y Comuna De Mafalda;-57.5545704,-38.0839926;ok
934;1;2024;5;Robo/Hurto Automotor;;;;Olazabal Felix De y General 07 Argentino Roca;;Asiste Policia y Libera;Mar del Plata;Buenos Aires;Argentina;Olazabal Felix De y General 07 Argentino Roca;-57.57238,-38.00459;ok
935;1;2024;6;Robo/Hurto Automotor;;;;Avenida Libertad y Enrique Angelelli Monseñor;;Asiste Policia y Libera;Mar del Plata;Buenos Aires;Argentina;Avenida Libertad y Enrique Angelelli Monseñor;-57.62067,-37.95407;ok
936;1;2024;6;Robo/Hurto Automotor;;;;Arana Y Goiri y Bermejo;;Asiste Policia y Libera;Mar del Plata;Buenos Aires;Argentina;Arana Y Goiri y Bermejo;-57.5578975,-38.0524089;ok
937;1;2024;6;Robo/Hurto Automotor;;;;Republica De Cuba y Ortiz De Zarate;;Se Realiza Seguimiento del Evento;Mar del Plata;Buenos Aires;Argentina;Republica De Cuba y Ortiz De Zarate;-57.58816,-38.01661;ok
938;1;2024;6;Robo/Hurto Automotor;;;;San Salvador y Osvaldo Magnasco;;Se Realiza Seguimiento del Evento;Mar del Plata;Buenos Aires;Argentina;San Salvador y Osvaldo Magnasco;-57.59318,-38.01672;ok
939;1;2024;6;Robo/Hurto Automotor;;;;Calabria y Andres Mac Gaul;;Asiste Policia y Libera;Mar del Plata;Buenos Aires;Argentina;Calabria y Andres Mac Gaul;-57.6164286,-38.0187611;ok
940;1;2024;6;Robo/Hurto Automotor;;;;Rawson y Chaco;;Asiste Policia y Libera;Mar del Plata;Buenos Aires;Argentina;Rawson y Chaco;-57.57156,-37.99834;ok
941;1;2024;6;Robo/Hurto Automotor;;;;Juan Mariani y Gaspar Melchor De Jovellanos;;Asiste Policia y Libera;Mar del Plata;Buenos Aires;Argentina;Juan Mariani y Gaspar Melchor De Jovellanos;-57.57712,-37.94907;ok
942;1;2024;6;Robo/Hurto Automotor;;;;Chacabuco y Avenida Juan Hector Jara;;Asiste Policia y Libera;Mar del Plata;Buenos Aires;Argentina;Chacabuco y Avenida Juan Hector Jara;-57.6016822,-37.941173;ok
943;1;2024;6;Robo/Hurto Automotor;;;;Avenida Colon y Alsina;;Asiste Policia y Libera;Mar del Plata;Buenos Aires;Argentina;Avenida Colon y Alsina;-57.5391528,-38.0090442;ok
944;1;2024;6;Robo/Hurto Automotor;;;;Canada y Necochea;;Se Realiza Seguimiento del Evento;Mar del Plata;Buenos Aires;Argentina;Canada y Necochea;-57.60531,-37.95617;ok
945;1;2024;6;Robo/Hurto Automotor;;;;General Paunero y Martin Rodriguez;;No Asiste;Mar del Plata;Buenos Aires;Argentina;General Paunero y Martin Rodriguez;-57.54993,-38.0328;ok
946;1;2024;6;Robo/Hurto Automotor;;;;Magallanes y Friuli;;No Asiste;Mar del Plata;Buenos Aires;Argentina;Magallanes y Friuli;-57.57782,-38.02012;ok
947;1;2024;6;Robo/Hurto Automotor;;;;Romano Nestor y Tomas Manuel De Anchorena;;No Asiste;Mar del Plata;Buenos Aires;Argentina;Romano Nestor y Tomas Manuel De Anchorena;-57.5487913,-37.9462143;ok
948;1;2024;6;Robo/Hurto Automotor;;;;Ituzaingo y Remedios De Escalada;;No Asiste;Mar del Plata;Buenos Aires;Argentina;Ituzaingo y Remedios De Escalada;-57.58486,-37.96763;ok
949;1;2024;6;Robo/Hurto Automotor;;;;Ituzaingo y Remedios De Escalada;;No Asiste;Mar del Plata;Buenos Aires;Argentina;Ituzaingo y Remedios De Escalada;-57.584887,-37.9676179;ok
950;1;2024;6;Robo/Hurto Automotor;;;;Tomas Falkner y Jose Ingenieros;;No Asiste;Mar del Plata;Buenos Aires;Argentina;Tomas Falkner y Jose Ingenieros;-57.56048,-37.97219;ok
951;1;2024;6;Robo/Hurto Automotor;;;;Juan Gutenberg y Mateoti;;Se Realiza Seguimiento del Evento;Mar del Plata;Buenos Aires;Argentina;Juan Gutenberg y Mateoti;-57.58731,-38.04206;ok
952;1;2024;6;Robo/Hurto Automotor;;;;Alberti Manuel y Federico Rauch Coronel;;Se Realiza Seguimiento del Evento;Mar del Plata;Buenos Aires;Argentina;Alberti Manuel y Federico Rauch Coronel;-57.6071,-37.97921;ok
953;1;2024;6;Robo/Hurto Automotor;;;;Juan Bautista Azopardo y Esteban Echeverria;;No Asiste;Mar del Plata;Buenos Aires;Argentina;Juan Bautista Azopardo y Esteban Echeverria;-57.5708407,-38.035369;ok
954;1;2024;6;Robo/Hurto Automotor;;;;Mitre Bartolome y Alvarado Rudecindo;;Asiste Policia y Libera;Mar del Plata;Buenos Aires;Argentina;Mitre Bartolome y Alvarado Rudecindo;-57.5572965,-38.0088389;ok
955;1;2024;6;Robo/Hurto Automotor;;;;Tripulantes Del Fournier y Canessa;;Asiste Policia y Libera;Mar del Plata;Buenos Aires;Argentina;Tripulantes Del Fournier y Canessa;-57.6176658,-38.004719;ok
956;1;2024;6;Robo/Hurto Automotor;;;;Ayolas y Eduardo Peralta Ramos;;Hallazgo Automotor;Mar del Plata;Buenos Aires;Argentina;Ayolas y Eduardo Peralta Ramos;-57.59823,-38.00644;ok
957;1;2024;6;Robo/Hurto Automotor;;;;Justo Santa Maria De Oro y Castilla Y Leon;;Asiste Policia y Libera;Mar del Plata;Buenos Aires;Argentina;Justo Santa Maria De Oro y Castilla Y Leon;-57.55302,-38.08964;ok
958;1;2024;6;Robo/Hurto Automotor;;;;Catamarca y Once de 09;;Asiste Policia y Libera;Mar del Plata;Buenos Aires;Argentina;Catamarca y Once de 09;-57.5485913,-37.9928718;ok
959;1;2024;6;Robo/Hurto Automotor;;;;Alvear Carlos Maria De y Alberti Manuel;;Asiste Policia y Libera;Mar del Plata;Buenos Aires;Argentina;Alvear Carlos Maria De y Alberti Manuel;-57.5387669,-38.0137644;ok
960;1;2024;6;Robo/Hurto Automotor;;;;Malvinas y Avenida Pedro Luro;;Asiste Policia y Libera;Mar del Plata;Buenos Aires;Argentina;Malvinas y Avenida Pedro Luro;-57.5794349,-37.981799;ok
961;1;2024;6;Robo/Hurto Automotor;;;;Ricardo Guiraldes y Jose Dutto Padre;;Asiste Policia y Libera;Mar del Plata;Buenos Aires;Argentina;Ricardo Guiraldes y Jose Dutto Padre;-57.57144,-38.05662;ok
962;1;2024;6;Robo/Hurto Automotor;;;;Ciudad De Bragado y Irala;;Hallazgo Automotor;Mar del Plata;Buenos Aires;Argentina;Ciudad De Bragado y Irala;-57.5990888,-38.005798;ok
963;1;2024;6;Robo/Hurto Automotor;;;;Avenida Juan Hector Jara y Brandsen;;Asiste Policia y Libera;Mar del Plata;Buenos Aires;Argentina;Avenida Juan Hector Jara y Brandsen;-57.56252,-37.97673;ok
964;1;2024;6;Robo/Hurto Automotor;;;;Castelli Juan Jose y Las Heras;;Asiste Policia y Libera;Mar del Plata;Buenos Aires;Argentina;Castelli Juan Jose y Las Heras;-57.5456709,-38.0136197;ok
965;1;2024;6;Robo/Hurto Automotor;;;;Saavedra Cornelio y Jujuy;;Asiste Policia y Libera;Mar del Plata;Buenos Aires;Argentina;Saavedra Cornelio y Jujuy;-57.56728,-38.01049;ok
966;1;2024;6;Robo/Hurto Automotor;;;;Gaboto y Republica De Cuba;;No Asiste;Mar del Plata;Buenos Aires;Argentina;Gaboto y Republica De Cuba;-57.58326,-38.01255;ok
967;1;2024;6;Robo/Hurto Automotor;;;;Uruguay y Brown Almirante;;Asiste Policia y Libera;Mar del Plata;Buenos Aires;Argentina;Uruguay y Brown Almirante;-57.57809,-37.99053;ok
968;1;2024;6;Robo/Hurto Automotor;;;;Estado De Israel y Avenida Pedro Luro;;Asiste Policia y Libera;Mar del Plata;Buenos Aires;Argentina;Estado De Israel y Avenida Pedro Luro;-57.590415,-37.9762461;ok
969;1;2024;6;Robo/Hurto Automotor;;;;Jujuy y San Lorenzo;;No Asiste;Mar del Plata;Buenos Aires;Argentina;Jujuy y San Lorenzo;-57.56471,-38.00732;ok
970;1;2024;6;Robo/Hurto Automotor;;;;San Juan y Alberti Manuel;;Asiste Policia y Libera;Mar del Plata;Buenos Aires;Argentina;San Juan y Alberti Manuel;-57.5688889,-37.9985431;ok
971;1;2024;6;Robo/Hurto Automotor;;;;Alberto Einstein y Mario Bravo;;No Asiste;Mar del Plata;Buenos Aires;Argentina;Alberto Einstein y Mario Bravo;-57.5659608,-38.0644434;ok
972;1;2024;6;Robo/Hurto Automotor;;;;Avenida Colon y Martin Miguel De Guemes;;Asiste Policia y Libera;Mar del Plata;Buenos Aires;Argentina;Avenida Colon y Martin Miguel De Guemes;-57.53717,-38.0098937;ok
973;1;2024;6;Robo/Hurto Automotor;;;;Avenida Juan B. Justo y Corrientes;;Asiste Policia y Libera;Mar del Plata;Buenos Aires;Argentina;Avenida Juan B. Justo y Corrientes;-57.5632828,-38.0249043;ok
974;1;2024;6;Robo/Hurto Automotor;;;;Avenida Felix U. Camet y Aragon;;Se Realiza Seguimiento del Evento;Mar del Plata;Buenos Aires;Argentina;Avenida Felix U. Camet y Aragon;-57.54248,-37.96887;ok
975;1;2024;6;Robo/Hurto Automotor;;;;Alberto Einstein y Benito Linch;;Se Realiza Seguimiento del Evento;Mar del Plata;Buenos Aires;Argentina;Alberto Einstein y Benito Linch;-57.5652396,-38.0638993;ok
976;1;2024;6;Robo/Hurto Automotor;;;;Arenales y Falucho;;Asiste Policia y Libera;Mar del Plata;Buenos Aires;Argentina;Arenales y Falucho;-57.5445,-38.00865;ok
977;1;2024;6;Robo/Hurto Automotor;;;;11 De Setiembre y Catamarca;;Asiste Policia y Libera;Mar del Plata;Buenos Aires;Argentina;11 De Setiembre y Catamarca;-57.5485913,-37.9928718;ok
978;1;2024;6;Robo/Hurto Automotor;;;;Juan Bautista Azopardo y Tomas Alva Edison;;Asiste Policia y Libera;Mar del Plata;Buenos Aires;Argentina;Juan Bautista Azopardo y Tomas Alva Edison;-57.5711611,-38.0189;ok
979;1;2024;6;Robo/Hurto Automotor;;;;Luis Dellepiane y Leonardo Rosales;;Se Realiza Seguimiento del Evento;Mar del Plata;Buenos Aires;Argentina;Luis Dellepiane y Leonardo Rosales;-57.579107,-38.032356;ok
980;1;2024;6;Robo/Hurto Automotor;;;;Avenida Colon y Sarmiento;;Asiste Policia y Libera;Mar del Plata;Buenos Aires;Argentina;Avenida Colon y Sarmiento;-57.540156,-38.0085388;ok
981;1;2024;6;Robo/Hurto Automotor;;;;Brown Almirante y Martin Miguel De Guemes;;Asiste Policia y Libera;Mar del Plata;Buenos Aires;Argentina;Brown Almirante y Martin Miguel De Guemes;-57.53785,-38.01092;ok
982;1;2024;6;Robo/Hurto Automotor;;;;Jose Hernandez y Irala;;Asiste Policia y Libera;Mar del Plata;Buenos Aires;Argentina;Jose Hernandez y Irala;-57.55932,-38.03709;ok
983;1;2024;6;Robo/Hurto Automotor;;;;Matheu Domingo y Sarmiento;;Asiste Policia y Libera;Mar del Plata;Buenos Aires;Argentina;Matheu Domingo y Sarmiento;-57.55044,-38.02123;ok
984;1;2024;6;Robo/Hurto Automotor;;;;Joaquina Acevedo y Joaquin V. Gonzalez;;Se Realiza Seguimiento del Evento;Mar del Plata;Buenos Aires;Argentina;Joaquina Acevedo y Joaquin V. Gonzalez;-57.56174,-37.95466;ok
985;1;2024;6;Robo/Hurto Automotor;;;;Avenida Juan B. Justo y Marcelino Echegaray;;Asiste Policia y Libera;Mar del Plata;Buenos Aires;Argentina;Avenida Juan B. Justo y Marcelino Echegaray;-57.6063762,-37.9924485;ok
986;1;2024;6;Robo/Hurto Automotor;;;;Ricardo Rojas y Miguel Sagastizabal;;No Asiste;Mar del Plata;Buenos Aires;Argentina;Ricardo Rojas y Miguel Sagastizabal;-57.5601051,-37.9543804;ok
987;1;2024;6;Robo/Hurto Automotor;;;;Cerrito y San Salvador;;No Asiste;Mar del Plata;Buenos Aires;Argentina;Cerrito y San Salvador;-57.56411,-38.03834;ok
988;1;2024;6;Robo/Hurto Automotor;;;;Formosa y Italia;;No Asiste;Mar del Plata;Buenos Aires;Argentina;Formosa y Italia;-57.5811878,-38.0068249;ok
989;1;2024;6;Robo/Hurto Automotor;;;;Leonardo Rosales y Alejandro Fleming;;No Asiste;Mar del Plata;Buenos Aires;Argentina;Leonardo Rosales y Alejandro Fleming;-57.5710027,-38.0386113;ok
990;1;2024;6;Robo/Hurto Automotor;;;;Saavedra Cornelio y Guillermo Marconi Ingeniero;;No Asiste;Mar del Plata;Buenos Aires;Argentina;Saavedra Cornelio y Guillermo Marconi Ingeniero;-57.58541,-38.00133;ok
991;1;2024;6;Robo/Hurto Automotor;;;;Falucho y Tucuman;;Hallazgo Automotor;Mar del Plata;Buenos Aires;Argentina;Falucho y Tucuman;-57.54552,-38.00816;ok
992;1;2024;6;Robo/Hurto Automotor;;;;Almafuerte y General Lavalle Juan;;No Asiste;Mar del Plata;Buenos Aires;Argentina;Almafuerte y General Lavalle Juan;-57.54373,-38.02685;ok
993;1;2024;6;Robo/Hurto Automotor;;;;Avenida Vertiz y Jose Luis Geronimo Camusso Intendente;;Se Realiza Seguimiento del Evento;Mar del Plata;Buenos Aires;Argentina;Avenida Vertiz y Jose Luis Geronimo Camusso Intendente;-57.5931694,-38.0180501;ok
994;1;2024;6;Robo/Hurto Automotor;;;;santa cruz y Mariano Acosta Gobernador;;Se Realiza Seguimiento del Evento;Mar del Plata;Buenos Aires;Argentina;santa cruz y Mariano Acosta Gobernador;-57.57369,-37.96772;ok
995;1;2024;6;Robo/Hurto Automotor;;;;Don Bosco y Avenida Pedro Luro;;Detencion;Mar del Plata;Buenos Aires;Argentina;Don Bosco y Avenida Pedro Luro;-57.5683617,-37.9873972;ok
996;1;2024;6;Robo/Hurto Automotor;;;;San Luis y Tres de 02;;Asiste Policia y Libera;Mar del Plata;Buenos Aires;Argentina;San Luis y Tres de 02;-57.5452201,-37.9956766;ok
997;1;2024;6;Robo/Hurto Automotor;;;;Avenida Colon y Jose M. Calaza Coronel;;Asiste Policia y Libera;Mar del Plata;Buenos Aires;Argentina;Avenida Colon y Jose M. Calaza Coronel;-57.6034681,-37.9765105;ok
998;1;2024;6;Robo/Hurto Automotor;;;;Tres de Febrero y Termas De Rio Hondo;;Asiste Policia y Libera;Mar del Plata;Buenos Aires;Argentina;Tres de Febrero y Termas De Rio Hondo;-57.594709,-37.9708576;ok
999;1;2024;6;Robo/Hurto Automotor;;;;Esteban Gascon y Catamarca;;Hallazgo Automotor;Mar del Plata;Buenos Aires;Argentina;Esteban Gascon y Catamarca;-57.55712,-38.00338;ok
1000;1;2024;6;Robo/Hurto Automotor;;;;Italia y Matheu Domingo;;Asiste Policia y Libera;Mar del Plata;Buenos Aires;Argentina;Italia y Matheu Domingo;-57.5805482,-38.0060342;ok
1001;1;2024;6;Robo/Hurto Automotor;;;;Don Bosco y Rawson;;Hallazgo Automotor;Mar del Plata;Buenos Aires;Argentina;Don Bosco y Rawson;-57.57554,-37.99631;ok
1002;1;2024;6;Robo/Hurto Automotor;;;;Jacinto Peralta Ramos y Catriel Cirpriano;;Asiste Policia y Libera;Mar del Plata;Buenos Aires;Argentina;Jacinto Peralta Ramos y Catriel Cirpriano;-57.6026993,-38.0442059;ok
1003;1;2024;6;Robo/Hurto Automotor;;;;Juan B. Goñi y San Antonio;;Asiste Policia y Libera;Mar del Plata;Buenos Aires;Argentina;Juan B. Goñi y San Antonio;-57.5990248,-38.0099221;ok
1004;1;2024;6;Robo/Hurto Automotor;;;;Olegario Olazar y Marique Cacique;;No Asiste;Mar del Plata;Buenos Aires;Argentina;Olegario Olazar y Marique Cacique;-57.62541,-38.02356;ok
1005;1;2024;6;Robo/Hurto Automotor;;;;Avenida Colon y General Paunero;;Hallazgo Automotor;Mar del Plata;Buenos Aires;Argentina;Avenida Colon y General Paunero;-57.53314,-38.01205;ok
1006;1;2024;6;Robo/Hurto Automotor;;;;Rio Negro y Dorrego;;Asiste Policia y Libera;Mar del Plata;Buenos Aires;Argentina;Rio Negro y Dorrego;-57.54801,-37.97962;ok
1007;1;2024;6;Robo/Hurto Automotor;;;;Diagonal Dalmacio Velez Sarsfield y Comunidad Foral De Navarra;;Se Realiza Seguimiento del Evento;Mar del Plata;Buenos Aires;Argentina;Diagonal Dalmacio Velez Sarsfield y Comunidad Foral De Navarra;-57.5492782,-38.0818173;ok
1008;1;2024;6;Robo/Hurto Automotor;;;;Osvaldo Magnasco y Ortiz De Zarate;;Asiste Policia y Libera;Mar del Plata;Buenos Aires;Argentina;Osvaldo Magnasco y Ortiz De Zarate;-57.59107,-38.01497;ok
1009;1;2024;6;Robo/Hurto Automotor;;;;Genova y Reforma Universitaria;;Asiste Policia y Libera;Mar del Plata;Buenos Aires;Argentina;Genova y Reforma Universitaria;-57.61222,-38.01938;ok
1010;1;2024;6;Robo/Hurto Automotor;;;;Genova y Antonio Valentini;;Asiste Policia y Libera;Mar del Plata;Buenos Aires;Argentina;Genova y Antonio Valentini;-57.58743,-38.03809;ok
1011;1;2024;6;Robo/Hurto Automotor;;;;Aristobulo Del Valle y Formosa;;Asiste Policia y Libera;Mar del Plata;Buenos Aires;Argentina;Aristobulo Del Valle y Formosa;-57.53608,-38.02965;ok
1012;1;2024;6;Robo/Hurto Automotor;;;;Carlos Tejedor y Jose Cardiel Padre;;Asiste Policia y Libera;Mar del Plata;Buenos Aires;Argentina;Carlos Tejedor y Jose Cardiel Padre;-57.55743,-37.9704;ok
1013;1;2024;6;Robo/Hurto Automotor;;;;14 De julio y Laprida;;Asiste Policia y Libera;Mar del Plata;Buenos Aires;Argentina;14 De julio y Laprida;-57.5735,-38.01292;ok
1014;1;2024;6;Robo/Hurto Automotor;;;;25 De mayo y Catamarca;;Asiste Policia y Libera;Mar del Plata;Buenos Aires;Argentina;25 De mayo y Catamarca;-57.55051,-37.99522;ok
1015;1;2024;6;Robo/Hurto Automotor;;;;Santa Cruz y Ecuador;;Asiste Policia y Libera;Mar del Plata;Buenos Aires;Argentina;Santa Cruz y Ecuador;-57.60575,-37.95167;ok
1016;1;2024;6;Robo/Hurto Automotor;;;;Catamarca y Formosa;;Asiste Policia y Libera;Mar del Plata;Buenos Aires;Argentina;Catamarca y Formosa;-57.5660719,-38.0144759;ok
1017;1;2024;6;Robo/Hurto Automotor;;;;Gamal Abdel Nasser y Venticinco de 05;;Asiste Policia y Libera;Mar del Plata;Buenos Aires;Argentina;Gamal Abdel Nasser y Venticinco de 05;-57.58774,-37.97639;ok
1018;1;2024;6;Robo/Hurto Automotor;;;;Avenida Juan B. Justo y Marcelo T. De Alvear;;Asiste Policia y Libera;Mar del Plata;Buenos Aires;Argentina;Avenida Juan B. Justo y Marcelo T. De Alvear;-57.5544397,-38.0316039;ok
1019;1;2024;6;Robo/Hurto Automotor;;;;Calle 513 y Calle 14;;Asiste Policia y Libera;Mar del Plata;Buenos Aires;Argentina;Calle 513 y Calle 14;-57.60851,-38.1199;ok
1020;1;2024;6;Robo/Hurto Automotor;;;;Belgrano y Guillermo Bayley;;Asiste Policia y Libera;Mar del Plata;Buenos Aires;Argentina;Belgrano y Guillermo Bayley;-57.6114459,-37.9690105;ok
1021;1;2024;6;Robo/Hurto Automotor;;;;Avenida de los Trabajadores y Solis;;Asiste Policia y Libera;Mar del Plata;Buenos Aires;Argentina;Avenida de los Trabajadores y Solis;-57.5429622,-38.0416195;ok
1022;1;2024;6;Robo/Hurto Automotor;;;;Magallanes y Eduardo Peralta Ramos;;Asiste Policia y Libera;Mar del Plata;Buenos Aires;Argentina;Magallanes y Eduardo Peralta Ramos;-57.59741,-38.00575;ok
1023;1;2024;6;Robo/Hurto Automotor;;;;Salta y Avenida Libertad;;Asiste Policia y Libera;Mar del Plata;Buenos Aires;Argentina;Salta y Avenida Libertad;-57.54942,-37.99012;ok
1024;1;2024;6;Robo/Hurto Automotor;;;;Leonardo Rosales y Casildo Villar;;Asiste Policia y Libera;Mar del Plata;Buenos Aires;Argentina;Leonardo Rosales y Casildo Villar;-57.58446,-38.02848;ok
1025;1;2024;6;Robo/Hurto Automotor;;;;Matheu Domingo y Don Bosco;;Asiste Policia y Libera;Mar del Plata;Buenos Aires;Argentina;Matheu Domingo y Don Bosco;-57.58255,-38.00498;ok
1026;1;2024;6;Robo/Hurto Automotor;;;;Jose Coehlo De Meyrelles y Jose Ortega Y Gasset;;Hallazgo Automotor;Mar del Plata;Buenos Aires;Argentina;Jose Coehlo De Meyrelles y Jose Ortega Y Gasset;-57.550261,-37.946987;ok
1027;1;2024;6;Robo/Hurto Automotor;;;;Francia y Almafuerte;;Asiste Policia y Libera;Mar del Plata;Buenos Aires;Argentina;Francia y Almafuerte;-57.58485,-38.00607;ok
1028;1;2024;6;Robo/Hurto Automotor;;;;Submarino Ara Santa Fe y Pesquero Narwal;;Asiste Policia y Libera;Mar del Plata;Buenos Aires;Argentina;Submarino Ara Santa Fe y Pesquero Narwal;-57.56911,-38.06305;ok
1029;1;2024;6;Robo/Hurto Automotor;;;;Moreno y Funes Gregorio;;Asiste Policia y Libera;Mar del Plata;Buenos Aires;Argentina;Moreno y Funes Gregorio;-57.56299,-37.99468;ok
1030;1;2024;6;Robo/Hurto Automotor;;;;Corrientes y Laprida;;Asiste Policia y Libera;Mar del Plata;Buenos Aires;Argentina;Corrientes y Laprida;-57.5593256,-38.0200574;ok
1031;1;2024;6;Robo/Hurto Automotor;;;;Avenida Pedro Luro y Pigue;;Asiste Policia y Libera;Mar del Plata;Buenos Aires;Argentina;Avenida Pedro Luro y Pigue;-57.6055444,-37.9685675;ok
1032;1;2024;6;Robo/Hurto Automotor;;;;Avenida Juan B. Justo y Marcelino Echegaray;;Asiste Policia y Libera;Mar del Plata;Buenos Aires;Argentina;Avenida Juan B. Justo y Marcelino Echegaray;-57.6063762,-37.9924485;ok
1033;1;2024;6;Robo/Hurto Automotor;;;;Balcarce y Avenida Independencia;;Se Realiza Seguimiento del Evento;Mar del Plata;Buenos Aires;Argentina;Balcarce y Avenida Independencia;-57.54903,-37.99151;ok
1034;1;2024;6;Robo/Hurto Automotor;;;;Avenida Vertiz y Juramento;;Asiste Policia y Libera;Mar del Plata;Buenos Aires;Argentina;Avenida Vertiz y Juramento;-57.5617254,-38.0417579;ok
1035;1;2024;6;Robo/Hurto Automotor;;;;Esteban Gascon y Alsina;;No Asiste;Mar del Plata;Buenos Aires;Argentina;Esteban Gascon y Alsina;-57.541175,-38.011287;ok
1036;1;2024;6;Robo/Hurto Automotor;;;;Avenida Colon y Santa Fe;;Asiste Policia y Libera;Mar del Plata;Buenos Aires;Argentina;Avenida Colon y Santa Fe;-57.54817,-38.00448;ok
1037;1;2024;6;Robo/Hurto Automotor;;;;Alberto Einstein y Puan;;Se Realiza Seguimiento del Evento;Mar del Plata;Buenos Aires;Argentina;Alberto Einstein y Puan;-57.55787,-38.05781;ok
1038;1;2024;6;Robo/Hurto Automotor;;;;Entre Rios y San Martin;;Asiste Policia y Libera;Mar del Plata;Buenos Aires;Argentina;Entre Rios y San Martin;-57.5429121,-38.0014359;ok
1039;1;2024;6;Robo/Hurto Automotor;;;;De La Plaza Fortunato y General Angel Pacheco;;Asiste Policia y Libera;Mar del Plata;Buenos Aires;Argentina;De La Plaza Fortunato y General Angel Pacheco;-57.5474774,-38.0629632;ok
1040;1;2024;6;Robo/Hurto Automotor;;;;Avenida Patricio Peralta Ramos y Rivadavia;;No Asiste;Mar del Plata;Buenos Aires;Argentina;Avenida Patricio Peralta Ramos y Rivadavia;-57.54222,-38.00311;ok
1041;1;2024;6;Robo/Hurto Automotor;;;;Tres de Febrero y Funes Gregorio;;Se Realiza Seguimiento del Evento;Mar del Plata;Buenos Aires;Argentina;Tres de Febrero y Funes Gregorio;-57.55839,-37.98901;ok
1042;1;2024;6;Robo/Hurto Automotor;;;;Garay Juan De y Aristobulo Del Valle;;Hallazgo Automotor;Mar del Plata;Buenos Aires;Argentina;Garay Juan De y Aristobulo Del Valle;-57.52906,-38.0209;ok
1043;1;2024;6;Robo/Hurto Automotor;;;;Almafuerte y General Lavalle Juan;;Se Realiza Seguimiento del Evento;Mar del Plata;Buenos Aires;Argentina;Almafuerte y General Lavalle Juan;-57.54373,-38.02685;ok
1044;1;2024;6;Robo/Hurto Automotor;;;;Diagonal Santa Cecilia y Magallanes;;Se Realiza Seguimiento del Evento;Mar del Plata;Buenos Aires;Argentina;Diagonal Santa Cecilia y Magallanes;-57.56197,-38.03251;ok
1045;1;2024;6;Robo/Hurto Automotor;;;;Bravo Mario y Miguel De Andrea Monseñor;;Detencion;Mar del Plata;Buenos Aires;Argentina;Bravo Mario y Miguel De Andrea Monseñor;-57.5505053,-38.0761417;ok
1046;1;2024;6;Robo/Hurto Automotor;;;;Moreno y Catamarca;;Asiste Policia y Libera;Mar del Plata;Buenos Aires;Argentina;Moreno y Catamarca;-57.5538262,-37.9993111;ok
1047;1;2024;6;Robo/Hurto Automotor;;;;Polonia y Bravo Mario;;Asiste Policia y Libera;Mar del Plata;Buenos Aires;Argentina;Polonia y Bravo Mario;-57.61339,-38.02871;ok
1048;1;2024;6;Robo/Hurto Automotor;;;;Polonia y Magallanes;;Asiste Policia y Libera;Mar del Plata;Buenos Aires;Argentina;Polonia y Magallanes;-57.5912727,-38.0103417;ok
1049;1;2024;6;Robo/Hurto Automotor;;;;Cordoba y San Martin;;Asiste Policia y Libera;Mar del Plata;Buenos Aires;Argentina;Cordoba y San Martin;-57.54691,-37.99946;ok
1050;1;2024;6;Robo/Hurto Automotor;;;;Estado De Israel y Avenida Pedro Luro;;Se Realiza Seguimiento del Evento;Mar del Plata;Buenos Aires;Argentina;Estado De Israel y Avenida Pedro Luro;-57.590415,-37.9762461;ok
1051;1;2024;6;Robo/Hurto Automotor;;;;La Pampa y Bolivar;;Detencion;Mar del Plata;Buenos Aires;Argentina;La Pampa y Bolivar;-57.5666019,-37.9939448;ok
1052;1;2024;6;Robo/Hurto Automotor;;;;Avenida Juan B. Justo y Arturo Alio;;Se Realiza Seguimiento del Evento;Mar del Plata;Buenos Aires;Argentina;Avenida Juan B. Justo y Arturo Alio;-57.6081541,-37.9910808;ok
1053;1;2024;6;Robo/Hurto Automotor;;;;San Martin y Armenia;;Se Realiza Seguimiento del Evento;Mar del Plata;Buenos Aires;Argentina;San Martin y Armenia;-57.59625,-37.97448;ok
1054;1;2024;6;Robo/Hurto Automotor;;;;Cordoba y Avenida Juan Jose Paso;;Asiste Policia y Libera;Mar del Plata;Buenos Aires;Argentina;Cordoba y Avenida Juan Jose Paso;-57.56304,-38.01944;ok
1055;1;2024;6;Robo/Hurto Automotor;;;;Avellaneda Nicolas y Dorrego;;Asiste Policia y Libera;Mar del Plata;Buenos Aires;Argentina;Avellaneda Nicolas y Dorrego;-57.56808,-38.00451;ok
1056;1;2024;6;Robo/Hurto Automotor;;;;Mario Bravo y Genaro Giacobini;;Asiste Policia y Libera;Mar del Plata;Buenos Aires;Argentina;Mario Bravo y Genaro Giacobini;-57.5597694,-38.0690791;ok
1057;1;2024;6;Robo/Hurto Automotor;;;;Belgrano y Hipolito Yrigoyen;;Se Realiza Seguimiento del Evento;Mar del Plata;Buenos Aires;Argentina;Belgrano y Hipolito Yrigoyen;-57.55117,-37.99951;ok
1058;1;2024;6;Robo/Hurto Automotor;;;;Tripulantes Del Fournier y Leonardo Rosales;;Se Realiza Seguimiento del Evento;Mar del Plata;Buenos Aires;Argentina;Tripulantes Del Fournier y Leonardo Rosales;-57.6310999,-37.9937617;ok
1059;1;2024;6;Robo/Hurto Automotor;;;;Belgrano y Hipolito Yrigoyen;;No Asiste;Mar del Plata;Buenos Aires;Argentina;Belgrano y Hipolito Yrigoyen;-57.55117,-37.99951;ok
1060;1;2024;6;Robo/Hurto Automotor;;;;Avenida Independencia y Tres de 02;;Asiste Policia y Libera;Mar del Plata;Buenos Aires;Argentina;Avenida Independencia y Tres de 02;-57.5503203,-37.9930916;ok
1061;1;2024;6;Robo/Hurto Automotor;;;;Arana Y Goiri y Herminia Brumana;;Asiste Policia y Libera;Mar del Plata;Buenos Aires;Argentina;Arana Y Goiri y Herminia Brumana;-57.601006,-38.0198918;ok
1062;1;2024;6;Robo/Hurto Automotor;;;;Avenida Pedro Luro y Pigue;;Detencion;Mar del Plata;Buenos Aires;Argentina;Avenida Pedro Luro y Pigue;-57.6055444,-37.9685675;ok
1063;1;2024;6;Robo/Hurto Automotor;;;;Pascual Mugaburu y Toribio De Luzuriaga;;Asiste Policia y Libera;Mar del Plata;Buenos Aires;Argentina;Pascual Mugaburu y Toribio De Luzuriaga;-57.5776,-37.94442;ok
1064;1;2024;6;Robo/Hurto Automotor;;;;Avenida Pedro Luro y Corrientes;;Asiste Policia y Libera;Mar del Plata;Buenos Aires;Argentina;Avenida Pedro Luro y Corrientes;-57.54323,-38.0001;ok
1065;1;2024;6;Robo/Hurto Automotor;;;;Avenida Antartida Argentina y Chuyantuya Cacique;;Asiste Policia y Libera;Mar del Plata;Buenos Aires;Argentina;Avenida Antartida Argentina y Chuyantuya Cacique;-57.6109,-38.05651;ok
1066;1;2024;6;Robo/Hurto Automotor;;;;Bosch Elisa y Magallanes;;Asiste Policia y Libera;Mar del Plata;Buenos Aires;Argentina;Bosch Elisa y Magallanes;-57.55341,-38.03897;ok
1067;1;2024;6;Robo/Hurto Automotor;;;;Avenida Juan Jose Paso y San Juan;;Asiste Policia y Libera;Mar del Plata;Buenos Aires;Argentina;Avenida Juan Jose Paso y San Juan;-57.5789206,-38.0109503;ok
1068;1;2024;6;Robo/Hurto Automotor;;;;Belgrano y Guillermo Bayley;;Asiste Policia y Libera;Mar del Plata;Buenos Aires;Argentina;Belgrano y Guillermo Bayley;-57.6114459,-37.9690105;ok
1069;1;2024;6;Robo/Hurto Automotor;;;;Jacinto Peralta Ramos y Avenida Vertiz;;Asiste Policia y Libera;Mar del Plata;Buenos Aires;Argentina;Jacinto Peralta Ramos y Avenida Vertiz;-57.5810786,-38.0271037;ok
1070;1;2024;6;Robo/Hurto Automotor;;;;Avenida Libertad y Victoriano E. Montes;;Detencion;Mar del Plata;Buenos Aires;Argentina;Avenida Libertad y Victoriano E. Montes;-57.5774904,-37.975941;ok
1071;1;2024;6;Robo/Hurto Automotor;;;;Charruas y Boulevard Quantemoc;;Se Realiza Seguimiento del Evento;Mar del Plata;Buenos Aires;Argentina;Charruas y Boulevard Quantemoc;-57.56493,-38.08145;ok
1072;1;2024;6;Robo/Hurto Automotor;;;;12 De octubre y Labarden;;Se Realiza Seguimiento del Evento;Mar del Plata;Buenos Aires;Argentina;12 De octubre y Labarden;-57.60358,-37.99979;ok
1073;1;2024;6;Robo/Hurto Automotor;;;;Chile y San Martin;;Se Realiza Seguimiento del Evento;Mar del Plata;Buenos Aires;Argentina;Chile y San Martin;-57.575186,-37.9850563;ok
1074;1;2024;6;Robo/Hurto Automotor;;;;Gaboto y Labarden;;Se Realiza Seguimiento del Evento;Mar del Plata;Buenos Aires;Argentina;Gaboto y Labarden;-57.60195,-37.99844;ok
1075;1;2024;6;Robo/Hurto Automotor;;;;Ortiz De Zarate y Marcelo T. De Alvear;;Se Realiza Seguimiento del Evento;Mar del Plata;Buenos Aires;Argentina;Ortiz De Zarate y Marcelo T. De Alvear;-57.56101,-38.03712;ok
1076;1;2024;6;Robo/Hurto Automotor;;;;Juan Bautista Azopardo y CALLE 234;;No Asiste;Mar del Plata;Buenos Aires;Argentina;Juan Bautista Azopardo y CALLE 234;-57.62749,-37.99339;ok
1077;1;2024;6;Robo/Hurto Automotor;;;;Ayacucho y Paula Albarracin;;No Asiste;Mar del Plata;Buenos Aires;Argentina;Ayacucho y Paula Albarracin;-57.58646,-37.9679;ok
1078;1;2024;6;Robo/Hurto Automotor;;;;Matheu Domingo y Hipolito Yrigoyen;;Asiste Policia y Libera;Mar del Plata;Buenos Aires;Argentina;Matheu Domingo y Hipolito Yrigoyen;-57.5634,-38.01468;ok
1079;1;2024;6;Robo/Hurto Automotor;;;;Acha y Mario Bravo;;Asiste Policia y Libera;Mar del Plata;Buenos Aires;Argentina;Acha y Mario Bravo;-57.5712209,-38.060584;ok
1080;1;2024;6;Robo/Hurto Automotor;;;;25 De mayo y Catamarca;;No Asiste;Mar del Plata;Buenos Aires;Argentina;25 De mayo y Catamarca;-57.55051,-37.99522;ok
1081;1;2024;6;Robo/Hurto Automotor;;;;Bravo Mario y Acha;;Asiste Policia y Libera;Mar del Plata;Buenos Aires;Argentina;Bravo Mario y Acha;-57.57027,-38.0613;ok
1082;1;2024;6;Robo/Hurto Automotor;;;;Talcahuano y Mario Bravo;;Asiste Policia y Libera;Mar del Plata;Buenos Aires;Argentina;Talcahuano y Mario Bravo;-57.5928781,-38.0442821;ok
1083;1;2024;6;Robo/Hurto Automotor;;;;Osvaldo Magnasco y Doce de 10;;Asiste Policia y Libera;Mar del Plata;Buenos Aires;Argentina;Osvaldo Magnasco y Doce de 10;-57.58745,-38.01196;ok
1084;1;2024;6;Robo/Hurto Automotor;;;;San Salvador y Juana Azurduy;;Detencion;Mar del Plata;Buenos Aires;Argentina;San Salvador y Juana Azurduy;-57.6255826,-38.000006;ok
1085;1;2024;6;Robo/Hurto Automotor;;;;Aristobulo Del Valle y Roca 07;;Detencion;Mar del Plata;Buenos Aires;Argentina;Aristobulo Del Valle y Roca 07;-57.5322127,-38.0248994;ok
1086;1;2024;6;Robo/Hurto Automotor;;;;Arana Y Goiri y Calle 228;;Asiste Policia y Libera;Mar del Plata;Buenos Aires;Argentina;Arana Y Goiri y Calle 228;-57.629,-37.99873;ok
1087;1;2024;6;Robo/Hurto Automotor;;;;Avenida Pedro Luro y Remedios De Escalada;;No Asiste;Mar del Plata;Buenos Aires;Argentina;Avenida Pedro Luro y Remedios De Escalada;-57.591443,-37.9757268;ok
1088;1;2024;6;Robo/Hurto Automotor;;;;Enrrique Larrea y Santa Fe;;No Asiste;Mar del Plata;Buenos Aires;Argentina;Enrrique Larrea y Santa Fe;-57.56236,-38.02209;ok
1089;1;2024;6;Robo/Hurto Automotor;;;;Federico Serrano y Avenida de los Trabajadores;;No Asiste;Mar del Plata;Buenos Aires;Argentina;Federico Serrano y Avenida de los Trabajadores;-57.5388552,-38.081572;ok
1090;1;2024;6;Robo/Hurto Automotor;;;;Olavarria y Avenida Patricio Peralta Ramos;;No Asiste;Mar del Plata;Buenos Aires;Argentina;Olavarria y Avenida Patricio Peralta Ramos;-57.53745,-38.00865;ok
1091;1;2024;6;Robo/Hurto Automotor;;;;Alvarado Rudecindo y Champagnat;;No Asiste;Mar del Plata;Buenos Aires;Argentina;Alvarado Rudecindo y Champagnat;-57.5912394,-37.9916845;ok
1092;1;2024;6;Robo/Hurto Automotor;;;;Esteban Gascon y General Paunero;;Asiste Policia y Libera;Mar del Plata;Buenos Aires;Argentina;Esteban Gascon y General Paunero;-57.53512,-38.01451;ok
1093;1;2024;6;Robo/Hurto Automotor;;;;20 De Setiembre y Saavedra Cornelio;;Asiste Policia y Libera;Mar del Plata;Buenos Aires;Argentina;20 De Setiembre y Saavedra Cornelio;-57.56928,-38.00949;ok
1094;1;2024;6;Robo/Hurto Automotor;;;;Rivadavia y Tierra Del Fuego;;Asiste Unidad Sanitaria y Traslada;Mar del Plata;Buenos Aires;Argentina;Rivadavia y Tierra Del Fuego;-57.5788076,-37.984459;ok
1095;1;2024;6;Robo/Hurto Automotor;;;;El Cano y General Manuel N. Savio;;No Asiste;Mar del Plata;Buenos Aires;Argentina;El Cano y General Manuel N. Savio;-57.56585,-38.027;ok
1096;1;2024;6;Robo/Hurto Automotor;;;;Ayolas y Diagonal Santa Cecilia;;No Asiste;Mar del Plata;Buenos Aires;Argentina;Ayolas y Diagonal Santa Cecilia;-57.56331,-38.03301;ok
1097;1;2024;6;Robo/Hurto Automotor;;;;Tripulantes Del Fournier y Yapeyu;;No Asiste;Mar del Plata;Buenos Aires;Argentina;Tripulantes Del Fournier y Yapeyu;-57.62563,-37.99866;ok
1098;1;2024;6;Robo/Hurto Automotor;;;;Leonardo Rosales y Marcelo T. De Alvear;;No Asiste;Mar del Plata;Buenos Aires;Argentina;Leonardo Rosales y Marcelo T. De Alvear;-57.56415,-38.04379;ok
1099;1;2024;6;Robo/Hurto Automotor;;;;Talcahuano y Sicilia;;Asiste Policia y Libera;Mar del Plata;Buenos Aires;Argentina;Talcahuano y Sicilia;-57.5873604,-38.040737;ok
1100;1;2024;6;Robo/Hurto Automotor;;;;Avenida Patricio Peralta Ramos y Beruti Antonio Luis;;Asiste Policia y Libera;Mar del Plata;Buenos Aires;Argentina;Avenida Patricio Peralta Ramos y Beruti Antonio Luis;-57.5445227,-37.9836102;ok
1101;1;2024;6;Robo/Hurto Automotor;;;;Benito Lynch y General Rafael De Riego;;Hallazgo Automotor;Mar del Plata;Buenos Aires;Argentina;Benito Lynch y General Rafael De Riego;-57.5897409,-38.0454299;ok
1102;1;2024;6;Robo/Hurto Automotor;;;;Cerrito y Federico Garcia Lorca;;Se Realiza Seguimiento del Evento;Mar del Plata;Buenos Aires;Argentina;Cerrito y Federico Garcia Lorca;-57.57992,-38.05148;ok
1103;1;2024;6;Robo/Hurto Automotor;;;;General Manuel N. Savio y Diagonal Elpidio Gonzalez;;No Asiste;Mar del Plata;Buenos Aires;Argentina;General Manuel N. Savio y Diagonal Elpidio Gonzalez;-57.5718832,-38.032485;ok
1104;1;2024;6;Robo/Hurto Automotor;;;;Avenida Juan Jose Paso y La Rioja;;Asiste Policia y Libera;Mar del Plata;Buenos Aires;Argentina;Avenida Juan Jose Paso y La Rioja;-57.5670565,-38.0174209;ok
1105;1;2024;6;Robo/Hurto Automotor;;;;Luis Beltran Fray y Calabrese Eneas;;Asiste Policia y Libera;Mar del Plata;Buenos Aires;Argentina;Luis Beltran Fray y Calabrese Eneas;-57.54586,-37.9398;ok
1106;1;2024;6;Robo/Hurto Automotor;;;;Carmen De Las Flores y Leonardo Rosales;;Asiste Policia y Libera;Mar del Plata;Buenos Aires;Argentina;Carmen De Las Flores y Leonardo Rosales;-57.62398,-37.99864;ok
1107;1;2024;6;Robo/Hurto Automotor;;;;Herminia Brumana y Solis;;No Asiste;Mar del Plata;Buenos Aires;Argentina;Herminia Brumana y Solis;-57.58672,-38.00864;ok
1108;1;2024;6;Robo/Hurto Automotor;;;;Nueve de Julio y 20 De Setiembre;;Asiste Policia y Libera;Mar del Plata;Buenos Aires;Argentina;Nueve de Julio y 20 De Setiembre;-57.5550322,-37.991821;ok
1109;1;2024;6;Robo/Hurto Automotor;;;;Teodoro Bronzini y Moreno;;No Asiste;Mar del Plata;Buenos Aires;Argentina;Teodoro Bronzini y Moreno;-57.58108,-37.98549;ok
1110;1;2024;6;Robo/Hurto Automotor;;;;Luciano Arrue y Venticinco de 05;;No Asiste;Mar del Plata;Buenos Aires;Argentina;Luciano Arrue y Venticinco de 05;-57.59687,-37.97176;ok
1111;1;2024;6;Robo/Hurto Automotor;;;;San Martin y Olazabal Felix De;;No Asiste;Mar del Plata;Buenos Aires;Argentina;San Martin y Olazabal Felix De;-57.5620449,-37.9918396;ok
1112;1;2024;6;Robo/Hurto Automotor;;;;De La Plaza Fortunato y Cesar A. Ceretti;;Asiste Policia y Libera;Mar del Plata;Buenos Aires;Argentina;De La Plaza Fortunato y Cesar A. Ceretti;-57.6063838,-38.018654;ok
1113;1;2024;6;Robo/Hurto Automotor;;;;Nueve de Julio y Tierra Del Fuego;;Asiste Policia y Libera;Mar del Plata;Buenos Aires;Argentina;Nueve de Julio y Tierra Del Fuego;-57.5761479,-37.9811573;ok
1114;1;2024;6;Robo/Hurto Automotor;;;;Genova y Gonzalez Chavez;;Asiste Policia y Libera;Mar del Plata;Buenos Aires;Argentina;Genova y Gonzalez Chavez;-57.5928098,-38.0340112;ok
1115;1;2024;6;Robo/Hurto Automotor;;;;Scaglia Lorenzo y Los Granados;;Asiste Policia y Libera;Mar del Plata;Buenos Aires;Argentina;Scaglia Lorenzo y Los Granados;-57.5427118,-37.9238777;ok
1116;1;2024;6;Robo/Hurto Automotor;;;;Republica De Cuba y Ayolas;;No Asiste;Mar del Plata;Buenos Aires;Argentina;Republica De Cuba y Ayolas;-57.58653,-38.01526;ok
1117;1;2024;6;Robo/Hurto Automotor;;;;Avenida Pedro Luro y Portugal;;Asiste Policia y Libera;Mar del Plata;Buenos Aires;Argentina;Avenida Pedro Luro y Portugal;-57.6144867,-37.9640555;ok
1118;1;2024;6;Robo/Hurto Automotor;;;;Solis y Bosch Elisa;;Asiste Policia y Libera;Mar del Plata;Buenos Aires;Argentina;Solis y Bosch Elisa;-57.5501565,-38.0362476;ok
1119;1;2024;6;Robo/Hurto Automotor;;;;San Lorenzo y Chile;;No Asiste;Mar del Plata;Buenos Aires;Argentina;San Lorenzo y Chile;-57.58485,-37.99716;ok
1120;1;2024;6;Robo/Hurto Automotor;;;;Beruti Antonio Luis y Brasil;;Asiste Policia y Libera;Mar del Plata;Buenos Aires;Argentina;Beruti Antonio Luis y Brasil;-57.5984012,-37.9563329;ok
1121;1;2024;6;Robo/Hurto Automotor;;;;Chaco y Avenida Libertad;;Asiste Policia y Libera;Mar del Plata;Buenos Aires;Argentina;Chaco y Avenida Libertad;-57.56045,-37.9846;ok
1122;1;2024;6;Robo/Hurto Automotor;;;;Avenida Vertiz y Juana Manso;;Asiste Policia y Libera;Mar del Plata;Buenos Aires;Argentina;Avenida Vertiz y Juana Manso;-57.5792184,-38.0285749;ok
1123;1;2024;6;Robo/Hurto Automotor;;;;Federico C. Beltrami Ingeniero y Bravo Mario;;Asiste Policia y Libera;Mar del Plata;Buenos Aires;Argentina;Federico C. Beltrami Ingeniero y Bravo Mario;-57.56683,-38.06386;ok
1124;1;2024;6;Robo/Hurto Automotor;;;;Tierra Del Fuego y Rawson;;Asiste Policia y Libera;Mar del Plata;Buenos Aires;Argentina;Tierra Del Fuego y Rawson;-57.58464,-37.99168;ok
1125;1;2024;6;Robo/Hurto Automotor;;;;Rawson y Arenales;;Asiste Policia y Libera;Mar del Plata;Buenos Aires;Argentina;Rawson y Arenales;-57.54642,-38.01102;ok
1126;1;2024;6;Robo/Hurto Automotor;;;;Manuel Quintana y Dorrego;;Asiste Policia y Libera;Mar del Plata;Buenos Aires;Argentina;Manuel Quintana y Dorrego;-57.57196,-38.00926;ok
1127;1;2024;6;Robo/Hurto Automotor;;;;Belgrano y La Pampa;;Asiste Policia y Libera;Mar del Plata;Buenos Aires;Argentina;Belgrano y La Pampa;-57.5653178,-37.9923629;ok
1128;1;2024;6;Robo/Hurto Automotor;;;;Andres Mac Gaul y Avenida Vertiz;;LPR - Se realiza seguimiento del vehiculo;Mar del Plata;Buenos Aires;Argentina;Andres Mac Gaul y Avenida Vertiz;-57.60485,-38.00919;ok
1129;1;2024;6;Robo/Hurto Automotor;;;;Chile y San Lorenzo;;LPR - Se realiza seguimiento del vehiculo;Mar del Plata;Buenos Aires;Argentina;Chile y San Lorenzo;-57.58485,-37.99716;ok
1130;1;2024;6;Robo/Hurto Automotor;;;;Castelli Juan Jose y Tucuman;;LPR - Se realiza seguimiento del vehiculo;Mar del Plata;Buenos Aires;Argentina;Castelli Juan Jose y Tucuman;-57.5487,-38.01209;ok
1131;1;2024;6;Robo/Hurto Automotor;;;;Saavedra Cornelio y Salta;;LPR - Se realiza seguimiento del vehiculo;Mar del Plata;Buenos Aires;Argentina;Saavedra Cornelio y Salta;-57.5662977,-38.0110106;ok
1132;1;2024;6;Robo/Hurto Automotor;;;;Luis Dellepiane y Soler Miguel;;Asiste Policia y Libera;Mar del Plata;Buenos Aires;Argentina;Luis Dellepiane y Soler Miguel;-57.5808377,-38.029913;ok
1133;1;2024;6;Robo/Hurto Automotor;;;;Tomas Alva Edison y Lebensohn Moises;;Detencion;Mar del Plata;Buenos Aires;Argentina;Tomas Alva Edison y Lebensohn Moises;-57.5622826,-38.0531749;ok
1134;1;2024;6;Robo/Hurto Automotor;;;;Avenida Pedro Luro y La Rioja;;No Asiste;Mar del Plata;Buenos Aires;Argentina;Avenida Pedro Luro y La Rioja;-57.5502044,-37.9966109;ok
1135;1;2024;6;Robo/Hurto Automotor;;;;Juana Manso y Avenida Vertiz;;Asiste Policia y Libera;Mar del Plata;Buenos Aires;Argentina;Juana Manso y Avenida Vertiz;-57.5792184,-38.0285749;ok
1136;1;2024;6;Robo/Hurto Automotor;;;;Avenida Vertiz y Juana Manso;;No Asiste;Mar del Plata;Buenos Aires;Argentina;Avenida Vertiz y Juana Manso;-57.57921,-38.02855;ok
1137;1;2024;6;Robo/Hurto Automotor;;;;San Juan y Avenida Juan Jose Paso;;Hallazgo Automotor;Mar del Plata;Buenos Aires;Argentina;San Juan y Avenida Juan Jose Paso;-57.5789206,-38.0109503;ok
1138;1;2024;6;Robo/Hurto Automotor;;;;Falucho y Corrientes;;Se Realiza Seguimiento del Evento;Mar del Plata;Buenos Aires;Argentina;Falucho y Corrientes;-57.54848,-38.00662;ok
1139;1;2024;6;Robo/Hurto Automotor;;;;Hipolito Yrigoyen y Brown Almirante;;Detencion;Mar del Plata;Buenos Aires;Argentina;Hipolito Yrigoyen y Brown Almirante;-57.5538668,-38.0026147;ok
1140;1;2024;6;Robo/Hurto Automotor;;;;Avenida Colon y Bahia Blanca;;Asiste Policia y Libera;Mar del Plata;Buenos Aires;Argentina;Avenida Colon y Bahia Blanca;-57.58835,-37.98413;ok
1141;1;2024;6;Robo/Hurto Automotor;;;;Primera Junta y Tres Arroyos;;LPR - Se realiza seguimiento del vehiculo;Mar del Plata;Buenos Aires;Argentina;Primera Junta y Tres Arroyos;-57.59872,-37.99346;ok
1142;1;2024;6;Robo/Hurto Automotor;;;;Mejico y Matheu Domingo;;Asiste Policia y Libera;Mar del Plata;Buenos Aires;Argentina;Mejico y Matheu Domingo;-57.5886906,-38.001901;ok
1143;1;2024;6;Robo/Hurto Automotor;;;;Peru y Alvarado Rudecindo;;No Asiste;Mar del Plata;Buenos Aires;Argentina;Peru y Alvarado Rudecindo;-57.58557,-37.99454;ok
1144;1;2024;6;Robo/Hurto Automotor;;;;Esteban Gascon y Cordoba;;No Asiste;Mar del Plata;Buenos Aires;Argentina;Esteban Gascon y Cordoba;-57.5521,-38.0059;ok
1145;1;2024;6;Robo/Hurto Automotor;;;;Ricardo Guiraldes y Andres Mac Gaul;;No Asiste;Mar del Plata;Buenos Aires;Argentina;Ricardo Guiraldes y Andres Mac Gaul;-57.61889,-38.02082;ok
1146;1;2024;6;Robo/Hurto Automotor;;;;Primera Junta y Senador Enzo Bordabehere;;No Asiste;Mar del Plata;Buenos Aires;Argentina;Primera Junta y Senador Enzo Bordabehere;-57.59772,-37.99395;ok
1147;1;2024;6;Robo/Hurto Automotor;;;;Avenida Colon y Bahia Blanca;;No Asiste;Mar del Plata;Buenos Aires;Argentina;Avenida Colon y Bahia Blanca;-57.58835,-37.98413;ok
1148;1;2024;6;Robo/Hurto Automotor;;;;San Lorenzo y Chile;;Hallazgo Automotor;Mar del Plata;Buenos Aires;Argentina;San Lorenzo y Chile;-57.58485,-37.99716;ok
1149;1;2024;6;Robo/Hurto Automotor;;;;Gonzalez Chavez y Tripulantes Del Fournier;;No Asiste;Mar del Plata;Buenos Aires;Argentina;Gonzalez Chavez y Tripulantes Del Fournier;-57.5861604,-38.0284888;ok
1150;1;2024;6;Robo/Hurto Automotor;;;;Tucuman y Rawson;;Asiste Policia y Libera;Mar del Plata;Buenos Aires;Argentina;Tucuman y Rawson;-57.54744,-38.01051;ok
1151;1;2024;6;Robo/Hurto Automotor;;;;French Domingo y Bolivia;;No Asiste;Mar del Plata;Buenos Aires;Argentina;French Domingo y Bolivia;-57.59805,-37.95761;ok
1152;1;2024;6;Robo/Hurto Automotor;;;;25 De mayo y Cetz;;Se Realiza Seguimiento del Evento;Mar del Plata;Buenos Aires;Argentina;25 De mayo y Cetz;-57.60183,-37.96924;ok
1153;1;2024;6;Robo/Hurto Automotor;;;;Blas Parera y Juan A. Peña;;Se Realiza Seguimiento del Evento;Mar del Plata;Buenos Aires;Argentina;Blas Parera y Juan A. Peña;-57.54979,-37.97313;ok
1154;1;2024;6;Robo/Hurto Automotor;;;;Avenida Vertiz y Celestino Vidal Coronel;;No Asiste;Mar del Plata;Buenos Aires;Argentina;Avenida Vertiz y Celestino Vidal Coronel;-57.58715,-38.02254;ok
1155;1;2024;6;Robo/Hurto Automotor;;;;Avenida Colon y 254;;No Asiste;Mar del Plata;Buenos Aires;Argentina;Avenida Colon y 254;-57.60842,-37.97396;ok
1156;1;2024;6;Robo/Hurto Automotor;;;;Pigue y Beruti Antonio Luis;;Hallazgo Automotor;Mar del Plata;Buenos Aires;Argentina;Pigue y Beruti Antonio Luis;-57.59641,-37.95731;ok
1157;1;2024;6;Robo/Hurto Automotor;;;;Falucho y Corrientes;;Se Realiza Seguimiento del Evento;Mar del Plata;Buenos Aires;Argentina;Falucho y Corrientes;-57.54848,-38.00662;ok
1158;1;2024;6;Robo/Hurto Automotor;;;;Irala y Los Platanos;;Se Realiza Seguimiento del Evento;Mar del Plata;Buenos Aires;Argentina;Irala y Los Platanos;-57.5634205,-38.034611;ok
1159;1;2024;6;Robo/Hurto Automotor;;;;Calabria y Polonia;;Se Realiza Seguimiento del Evento;Mar del Plata;Buenos Aires;Argentina;Calabria y Polonia;-57.60857,-38.02471;ok
1160;1;2024;6;Robo/Hurto Automotor;;;;Domingo Heguilor y Solis;;Se Realiza Seguimiento del Evento;Mar del Plata;Buenos Aires;Argentina;Domingo Heguilor y Solis;-57.5941266,-38.001664;ok
1161;1;2024;6;Robo/Hurto Automotor;;;;Entre Rios y San Martin;;Hallazgo Automotor;Mar del Plata;Buenos Aires;Argentina;Entre Rios y San Martin;-57.5429121,-38.0014359;ok
1162;1;2024;6;Robo/Hurto Automotor;;;;Antonio Valentini y Sicilia;;Hallazgo Automotor;Mar del Plata;Buenos Aires;Argentina;Antonio Valentini y Sicilia;-57.58825,-38.03877;ok
1163;1;2024;6;Robo/Hurto Automotor;;;;Avenida Pedro Luro y Ramon Carrillo;;Asiste Policia y Libera;Mar del Plata;Buenos Aires;Argentina;Avenida Pedro Luro y Ramon Carrillo;-57.62665,-37.95795;ok
1164;1;2024;6;Robo/Hurto Automotor;;;;Avenida Pedro Luro y Ramon Carrillo;;Se Realiza Seguimiento del Evento;Mar del Plata;Buenos Aires;Argentina;Avenida Pedro Luro y Ramon Carrillo;-57.62665,-37.95795;ok
1165;1;2024;6;Robo/Hurto Automotor;;;;Viamonte y Avenida Patricio Peralta Ramos;;Asiste Policia y Libera;Mar del Plata;Buenos Aires;Argentina;Viamonte y Avenida Patricio Peralta Ramos;-57.5332138,-38.0086911;ok
1166;1;2024;6;Robo/Hurto Automotor;;;;Magallanes y Labarden;;Hallazgo Automotor;Mar del Plata;Buenos Aires;Argentina;Magallanes y Labarden;-57.6044,-38.00048;ok
1167;1;2024;6;Robo/Hurto Automotor;;;;Entre Rios y Falucho;;No Asiste;Mar del Plata;Buenos Aires;Argentina;Entre Rios y Falucho;-57.54748,-38.00713;ok
1168;1;2024;6;Robo/Hurto Automotor;;;;Magallanes y Ratery Ingeniero;;Asiste Policia y Libera;Mar del Plata;Buenos Aires;Argentina;Magallanes y Ratery Ingeniero;-57.5883111,-38.015299;ok
1169;1;2024;6;Robo/Hurto Automotor;;;;Avenida Colon y La Pampa;;Asiste Policia y Libera;Mar del Plata;Buenos Aires;Argentina;Avenida Colon y La Pampa;-57.5672961,-37.9948156;ok
1170;1;2024;6;Robo/Hurto Automotor;;;;Rivadavia y Portugal;;Asiste Policia y Libera;Mar del Plata;Buenos Aires;Argentina;Rivadavia y Portugal;-57.61582,-37.96568;ok
1171;1;2024;6;Robo/Hurto Automotor;;;;Horacio Englender y Belgrano;;Asiste Policia y Libera;Mar del Plata;Buenos Aires;Argentina;Horacio Englender y Belgrano;-57.63456,-37.9573;ok
1172;1;2024;6;Robo/Hurto Automotor;;;;Enrique Angelelli Monseñor y Avenida Libertad;;Hallazgo Automotor;Mar del Plata;Buenos Aires;Argentina;Enrique Angelelli Monseñor y Avenida Libertad;-57.62067,-37.95407;ok
1173;1;2024;6;Robo/Hurto Automotor;;;;Moreno y Dorrego;;Asiste Policia y Libera;Mar del Plata;Buenos Aires;Argentina;Moreno y Dorrego;-57.561,-37.99569;ok
1174;1;2024;6;Robo/Hurto Automotor;;;;Lopez De Gomara Justo y Aragon;;Asiste Policia y Libera;Mar del Plata;Buenos Aires;Argentina;Lopez De Gomara Justo y Aragon;-57.58212,-37.96841;ok
1175;1;2024;6;Robo/Hurto Automotor;;;;Avenida Juan Jose Paso y General Ignacio Rivas;;Asiste Policia y Libera;Mar del Plata;Buenos Aires;Argentina;Avenida Juan Jose Paso y General Ignacio Rivas;-57.5440434,-38.029024;ok
1176;1;2024;7;Robo/Hurto Automotor;;;;Mario Abel Amaya Diputado y Maipu;;Se Realiza Seguimiento del Evento;Mar del Plata;Buenos Aires;Argentina;Mario Abel Amaya Diputado y Maipu;-57.6210254,-37.9526789;ok
1177;1;2024;7;Robo/Hurto Automotor;;;;Brandsen y Guayana;;Asiste Policia y Libera;Mar del Plata;Buenos Aires;Argentina;Brandsen y Guayana;-57.6117771,-37.9517535;ok
1178;1;2024;7;Robo/Hurto Automotor;;;;Avenida Independencia y Primera Junta;;Asiste Policia y Libera;Mar del Plata;Buenos Aires;Argentina;Avenida Independencia y Primera Junta;-57.56459,-38.01076;ok
1179;1;2024;7;Robo/Hurto Automotor;;;;Gonzalez Chavez y Arana Y Goiri;;No Asiste;Mar del Plata;Buenos Aires;Argentina;Gonzalez Chavez y Arana Y Goiri;-57.58779,-38.02986;ok
1180;1;2024;7;Robo/Hurto Automotor;;;;Genova y Maria Adelina Funes De Millan;;Asiste Policia y Libera;Mar del Plata;Buenos Aires;Argentina;Genova y Maria Adelina Funes De Millan;-57.5397985,-38.01326;ok
1181;1;2024;7;Robo/Hurto Automotor;;;;Casildo Villar y Genova;;No Asiste;Mar del Plata;Buenos Aires;Argentina;Casildo Villar y Genova;-57.59195,-38.03469;ok
1182;1;2024;7;Robo/Hurto Automotor;;;;Avenida Pedro Luro y Arturo Alio;;Asiste Policia y Libera;Mar del Plata;Buenos Aires;Argentina;Avenida Pedro Luro y Arturo Alio;-57.59438,-37.97411;ok
1183;1;2024;7;Robo/Hurto Automotor;;;;Laprida y Santiago Del Estero;;Asiste Policia y Libera;Mar del Plata;Buenos Aires;Argentina;Laprida y Santiago Del Estero;-57.56134,-38.01906;ok
1184;1;2024;7;Robo/Hurto Automotor;;;;General Paunero y Pringles;;Se Realiza Seguimiento del Evento;Mar del Plata;Buenos Aires;Argentina;General Paunero y Pringles;-57.54867,-38.03121;ok
1185;1;2024;7;Robo/Hurto Automotor;;;;Bolivar y Entre Rios;;LPR - Se realiza seguimiento del vehiculo;Mar del Plata;Buenos Aires;Argentina;Bolivar y Entre Rios;-57.54547,-38.00463;ok
1186;1;2024;7;Robo/Hurto Automotor;;;;Jose Luis Geronimo Camusso Intendente y Napoles;;LPR - Se realiza seguimiento del vehiculo;Mar del Plata;Buenos Aires;Argentina;Jose Luis Geronimo Camusso Intendente y Napoles;-57.60229,-38.02559;ok
1187;1;2024;7;Robo/Hurto Automotor;;;;Avenida Antartida Argentina y Manrique;;LPR - Se realiza seguimiento del vehiculo;Mar del Plata;Buenos Aires;Argentina;Avenida Antartida Argentina y Manrique;-57.59702,-38.04488;ok
1188;1;2024;7;Robo/Hurto Automotor;;;;Matheu Domingo y Hipolito Yrigoyen;;Asiste Policia y Libera;Mar del Plata;Buenos Aires;Argentina;Matheu Domingo y Hipolito Yrigoyen;-57.5634,-38.01468;ok
1189;1;2024;7;Robo/Hurto Automotor;;;;Misiones y Castelli Juan Jose;;No Asiste;Mar del Plata;Buenos Aires;Argentina;Misiones y Castelli Juan Jose;-57.57382,-37.99941;ok
1190;1;2024;7;Robo/Hurto Automotor;;;;Belgrano y Jujuy;;No Asiste;Mar del Plata;Buenos Aires;Argentina;Belgrano y Jujuy;-57.55631,-37.9969;ok
1191;1;2024;7;Robo/Hurto Automotor;;;;Arana Y Goiri y Ambrosio Bestoso;;Asiste Policia y Libera;Mar del Plata;Buenos Aires;Argentina;Arana Y Goiri y Ambrosio Bestoso;-57.58327,-38.03326;ok
1192;1;2024;7;Robo/Hurto Automotor;;;;Martin Miguel De Guemes y Avellaneda Nicolas;;Asiste Policia y Libera;Mar del Plata;Buenos Aires;Argentina;Martin Miguel De Guemes y Avellaneda Nicolas;-57.5416617,-38.01564;ok
1193;1;2024;7;Robo/Hurto Automotor;;;;Avenida Independencia y Laprida;;Asiste Policia y Libera;Mar del Plata;Buenos Aires;Argentina;Avenida Independencia y Laprida;-57.5684216,-38.0154754;ok
1194;1;2024;7;Robo/Hurto Automotor;;;;Rivadavia y Cordoba;;Asiste Policia y Libera;Mar del Plata;Buenos Aires;Argentina;Rivadavia y Cordoba;-57.54755,-38.00025;ok
1195;1;2024;7;Robo/Hurto Automotor;;;;Moreno y Republica Arabe Siria;;No Asiste;Mar del Plata;Buenos Aires;Argentina;Moreno y Republica Arabe Siria;-57.61613,-37.96777;ok
1196;1;2024;7;Robo/Hurto Automotor;;;;Falucho y Buenos Aires;;Asiste Policia y Libera;Mar del Plata;Buenos Aires;Argentina;Falucho y Buenos Aires;-57.54649,-38.00763;ok
1197;1;2024;7;Robo/Hurto Automotor;;;;Ciudad De San Cayetano y Catriel Cirpriano;;Asiste Policia y Libera;Mar del Plata;Buenos Aires;Argentina;Ciudad De San Cayetano y Catriel Cirpriano;-57.63313,-38.02174;ok
1198;1;2024;7;Robo/Hurto Automotor;;;;Dorrego y Matheu Domingo;;Asiste Policia y Libera;Mar del Plata;Buenos Aires;Argentina;Dorrego y Matheu Domingo;-57.5700073,-38.006882;ok
1199;1;2024;7;Robo/Hurto Automotor;;;;Irala y Polonia;;LPR - Se realiza seguimiento del vehiculo;Mar del Plata;Buenos Aires;Argentina;Irala y Polonia;-57.5929,-38.01176;ok
1200;1;2024;7;Robo/Hurto Automotor;;;;Salvador Viva y Bolivar;;LPR - Se realiza seguimiento del vehiculo;Mar del Plata;Buenos Aires;Argentina;Salvador Viva y Bolivar;-57.64845,-37.95005;ok
1201;1;2024;7;Robo/Hurto Automotor;;;;Avenida Pedro Luro y Onesimo Leguizamon;;Secuestro De Vehiculo;Mar del Plata;Buenos Aires;Argentina;Avenida Pedro Luro y Onesimo Leguizamon;-57.6105001,-37.9660548;ok
1202;1;2024;7;Robo/Hurto Automotor;;;;Alejandro Fleming y Sicilia;;Asiste Policia y Libera;Mar del Plata;Buenos Aires;Argentina;Alejandro Fleming y Sicilia;-57.57929,-38.04551;ok
1203;1;2024;7;Robo/Hurto Automotor;;;;Florisbelo Acosta y Francisco Angel Rizzuto;;Asiste Policia y Libera;Mar del Plata;Buenos Aires;Argentina;Florisbelo Acosta y Francisco Angel Rizzuto;-57.58338,-37.95507;ok
1204;1;2024;7;Robo/Hurto Automotor;;;;Talcahuano y Benito Linch;;No Asiste;Mar del Plata;Buenos Aires;Argentina;Talcahuano y Benito Linch;-57.5914728,-38.0440701;ok
1205;1;2024;7;Robo/Hurto Automotor;;;;Falucho y España;;No Asiste;Mar del Plata;Buenos Aires;Argentina;Falucho y España;-57.56064,-38.0005;ok
1206;1;2024;7;Robo/Hurto Automotor;;;;Antonio Valentini y De La Plaza Fortunato;;Asiste Policia y Libera;Mar del Plata;Buenos Aires;Argentina;Antonio Valentini y De La Plaza Fortunato;-57.5841291,-38.0353489;ok
1207;1;2024;7;Robo/Hurto Automotor;;;;Ayolas y Jose Hernandez;;Asiste Policia y Libera;Mar del Plata;Buenos Aires;Argentina;Ayolas y Jose Hernandez;-57.5585068,-38.0364145;ok
1208;1;2024;7;Robo/Hurto Automotor;;;;Eduardo G. Carasa y Triunvirato;;No Asiste;Mar del Plata;Buenos Aires;Argentina;Eduardo G. Carasa y Triunvirato;-57.56399,-38.04908;ok
1209;1;2024;7;Robo/Hurto Automotor;;;;Avenida Colon y Don Bosco;;No Asiste;Mar del Plata;Buenos Aires;Argentina;Avenida Colon y Don Bosco;-57.57227,-37.99228;ok
1210;1;2024;7;Robo/Hurto Automotor;;;;Sarmiento y Brown Almirante;;No Asiste;Mar del Plata;Buenos Aires;Argentina;Sarmiento y Brown Almirante;-57.54086,-38.00937;ok
1211;1;2024;7;Robo/Hurto Automotor;;;;Avenida Pedro Luro y Republica Del Libano;;Asiste Policia y Libera;Mar del Plata;Buenos Aires;Argentina;Avenida Pedro Luro y Republica Del Libano;-57.587418,-37.9777633;ok
1212;1;2024;7;Robo/Hurto Automotor;;;;Esteban Echeverria y Hipolito Bouchard;;Detencion;Mar del Plata;Buenos Aires;Argentina;Esteban Echeverria y Hipolito Bouchard;-57.57313,-38.03573;ok
1213;1;2024;7;Robo/Hurto Automotor;;;;Jose De La Llosa y Bolivar;;LPR - Se realiza seguimiento del vehiculo;Mar del Plata;Buenos Aires;Argentina;Jose De La Llosa y Bolivar;-57.6465701,-37.9515231;ok
1214;1;2024;7;Robo/Hurto Automotor;;;;Diagonal Bosque Grande y Vignolo Antonio;;LPR - Se realiza seguimiento del vehiculo;Mar del Plata;Buenos Aires;Argentina;Diagonal Bosque Grande y Vignolo Antonio;-57.60766,-38.01021;ok
1215;1;2024;7;Robo/Hurto Automotor;;;;Tres de Febrero y Dorrego;;Se Realiza Seguimiento del Evento;Mar del Plata;Buenos Aires;Argentina;Tres de Febrero y Dorrego;-57.556395,-37.9900076;ok
1216;1;2024;7;Robo/Hurto Automotor;;;;Boulevard Del Bosque y Las Margaritas;;Se Realiza Seguimiento del Evento;Mar del Plata;Buenos Aires;Argentina;Boulevard Del Bosque y Las Margaritas;-57.56347,-38.07926;ok
1217;1;2024;7;Robo/Hurto Automotor;;;;Jose Manuel Estrada y Libres Del Sur;;Se Realiza Seguimiento del Evento;Mar del Plata;Buenos Aires;Argentina;Jose Manuel Estrada y Libres Del Sur;-57.54027,-37.95922;ok
1218;1;2024;7;Robo/Hurto Automotor;;;;Santa Fe y Belgrano;;Se Realiza Seguimiento del Evento;Mar del Plata;Buenos Aires;Argentina;Santa Fe y Belgrano;-57.5461445,-38.0020526;ok
1219;1;2024;7;Robo/Hurto Automotor;;;;Hipolito Bouchard y Bosch Elisa;;No Asiste;Mar del Plata;Buenos Aires;Argentina;Hipolito Bouchard y Bosch Elisa;-57.5607678,-38.0450638;ok
1220;1;2024;7;Robo/Hurto Automotor;;;;Alberto Einstein y El Jilguero;;No Asiste;Mar del Plata;Buenos Aires;Argentina;Alberto Einstein y El Jilguero;-57.57265,-38.07022;ok
1221;1;2024;7;Robo/Hurto Automotor;;;;Peru y Avenida Colon;;No Asiste;Mar del Plata;Buenos Aires;Argentina;Peru y Avenida Colon;-57.58238,-37.98717;ok
1222;1;2024;7;Robo/Hurto Automotor;;;;Sarmiento y Alvarado Rudecindo;;Asiste Policia y Libera;Mar del Plata;Buenos Aires;Argentina;Sarmiento y Alvarado Rudecindo;-57.5453405,-38.014733;ok
1223;1;2024;7;Robo/Hurto Automotor;;;;Las Casualinas y Polonia;;No Asiste;Mar del Plata;Buenos Aires;Argentina;Las Casualinas y Polonia;-57.58845,-38.00806;ok
1224;1;2024;7;Robo/Hurto Automotor;;;;Calle 71 y Jose Marti;;Asiste Policia y Libera;Mar del Plata;Buenos Aires;Argentina;Calle 71 y Jose Marti;-57.5958772,-38.054695;ok
1225;1;2024;7;Robo/Hurto Automotor;;;;Ciudad De San Cayetano y Manuel Baigorrita;;Asiste Policia y Libera;Mar del Plata;Buenos Aires;Argentina;Ciudad De San Cayetano y Manuel Baigorrita;-57.63474,-38.02309;ok
1226;1;2024;7;Robo/Hurto Automotor;;;;Jujuy y San Martin;;Asiste Policia y Libera;Mar del Plata;Buenos Aires;Argentina;Jujuy y San Martin;-57.55505,-37.99534;ok
1227;1;2024;7;Robo/Hurto Automotor;;;;Tres Arroyos y Venticinco de 05;;Asiste Policia y Libera;Mar del Plata;Buenos Aires;Argentina;Tres Arroyos y Venticinco de 05;-57.5890884,-37.974597;ok
1228;1;2024;7;Robo/Hurto Automotor;;;;Belgrano y Guillermo Marconi Ingeniero;;Asiste Policia y Libera;Mar del Plata;Buenos Aires;Argentina;Belgrano y Guillermo Marconi Ingeniero;-57.5744295,-37.9877673;ok
1229;1;2024;7;Robo/Hurto Automotor;;;;Sicilia y General Rafael De Riego;;Asiste Policia y Libera;Mar del Plata;Buenos Aires;Argentina;Sicilia y General Rafael De Riego;-57.58482,-38.04136;ok
1230;1;2024;7;Robo/Hurto Automotor;;;;Ricardo Guiraldes y General Mosconi;;Asiste Policia y Libera;Mar del Plata;Buenos Aires;Argentina;Ricardo Guiraldes y General Mosconi;-57.56186,-38.06382;ok
1231;1;2024;7;Robo/Hurto Automotor;;;;Guillermo Bayley y Falucho;;Asiste Policia y Libera;Mar del Plata;Buenos Aires;Argentina;Guillermo Bayley y Falucho;-57.61478,-37.97307;ok
1232;1;2024;7;Robo/Hurto Automotor;;;;Buenos Aires y Almafuerte;;Asiste Policia y Libera;Mar del Plata;Buenos Aires;Argentina;Buenos Aires y Almafuerte;-57.5567358,-38.0203036;ok
1233;1;2024;7;Robo/Hurto Automotor;;;;Formosa y Hipolito Yrigoyen;;Asiste Policia y Libera;Mar del Plata;Buenos Aires;Argentina;Formosa y Hipolito Yrigoyen;-57.5640717,-38.0154876;ok
1234;1;2024;7;Robo/Hurto Automotor;;;;Tomas Falkner y Luciano Arrue;;Asiste Policia y Libera;Mar del Plata;Buenos Aires;Argentina;Tomas Falkner y Luciano Arrue;-57.58651,-37.95898;ok
1235;1;2024;7;Robo/Hurto Automotor;;;;Alberti Manuel y Arenales;;Asiste Policia y Libera;Mar del Plata;Buenos Aires;Argentina;Alberti Manuel y Arenales;-57.5458014,-38.0101773;ok
1236;1;2024;7;Robo/Hurto Automotor;;;;Entre Rios y Avenida Juan B. Justo;;Detencion;Mar del Plata;Buenos Aires;Argentina;Entre Rios y Avenida Juan B. Justo;-57.5624233,-38.0255748;ok
1237;1;2024;7;Robo/Hurto Automotor;;;;Juan B. Goñi y Hipolito Bouchard;;LPR - Se realiza seguimiento del vehiculo;Mar del Plata;Buenos Aires;Argentina;Juan B. Goñi y Hipolito Bouchard;-57.60306,-38.01311;ok
1238;1;2024;7;Robo/Hurto Automotor;;;;San Salvador y Rufino Inda Intendente;;LPR - Se realiza seguimiento del vehiculo;Mar del Plata;Buenos Aires;Argentina;San Salvador y Rufino Inda Intendente;-57.5990464,-38.0124977;ok
1239;1;2024;7;Robo/Hurto Automotor;;;;Avenida Pedro Luro y Champagnat;;Asiste Policia y Libera;Mar del Plata;Buenos Aires;Argentina;Avenida Pedro Luro y Champagnat;-57.58227,-37.98042;ok
1240;1;2024;7;Robo/Hurto Automotor;;;;Catamarca y Avenida Libertad;;Asiste Policia y Libera;Mar del Plata;Buenos Aires;Argentina;Catamarca y Avenida Libertad;-57.54727,-37.9912;ok
1241;1;2024;7;Robo/Hurto Automotor;;;;14 De julio y Belgrano;;Asiste Policia y Libera;Mar del Plata;Buenos Aires;Argentina;14 De julio y Belgrano;-57.5593285,-37.9953861;ok
1242;1;2024;7;Robo/Hurto Automotor;;;;Avenida Juan B. Justo y Antonio Valentini;;Asiste Policia y Libera;Mar del Plata;Buenos Aires;Argentina;Avenida Juan B. Justo y Antonio Valentini;-57.56768,-38.02169;ok
1243;1;2024;7;Robo/Hurto Automotor;;;;Jacinto Peralta Ramos y San Salvador;;Asiste Policia y Libera;Mar del Plata;Buenos Aires;Argentina;Jacinto Peralta Ramos y San Salvador;-57.58027,-38.02645;ok
1244;1;2024;7;Robo/Hurto Automotor;;;;Avenida Pedro Luro y Armenia;;Asiste Policia y Libera;Mar del Plata;Buenos Aires;Argentina;Avenida Pedro Luro y Armenia;-57.5955829,-37.9736295;ok
1245;1;2024;7;Robo/Hurto Automotor;;;;Irala y Juana Manso;;Asiste Policia y Libera;Mar del Plata;Buenos Aires;Argentina;Irala y Juana Manso;-57.57515,-38.02516;ok
1246;1;2024;7;Robo/Hurto Automotor;;;;Avenida Vertiz y Jacinto Peralta Ramos;;Asiste Policia y Libera;Mar del Plata;Buenos Aires;Argentina;Avenida Vertiz y Jacinto Peralta Ramos;-57.5810786,-38.0271037;ok
1247;1;2024;7;Robo/Hurto Automotor;;;;Catamarca y Alberti Manuel;;Asiste Policia y Libera;Mar del Plata;Buenos Aires;Argentina;Catamarca y Alberti Manuel;-57.55775,-38.00417;ok
1248;1;2024;7;Robo/Hurto Automotor;;;;11 De Setiembre y Salta;;Asiste Policia y Libera;Mar del Plata;Buenos Aires;Argentina;11 De Setiembre y Salta;-57.55077,-37.99176;ok
1249;1;2024;7;Robo/Hurto Automotor;;;;Ayolas y Herminia Brumana;;Asiste Policia y Libera;Mar del Plata;Buenos Aires;Argentina;Ayolas y Herminia Brumana;-57.5913772,-38.0116494;ok
1250;1;2024;7;Robo/Hurto Automotor;;;;Avenida Antartida Argentina y Willian C Morris;;Asiste Policia y Libera;Mar del Plata;Buenos Aires;Argentina;Avenida Antartida Argentina y Willian C Morris;-57.654964,-37.955476;ok
1251;1;2024;7;Robo/Hurto Automotor;;;;Hector Tarantino y Avenida Pedro Luro;;Asiste Policia y Libera;Mar del Plata;Buenos Aires;Argentina;Hector Tarantino y Avenida Pedro Luro;-57.6357412,-37.9540286;ok
1252;1;2024;7;Robo/Hurto Automotor;;;;Hernandarias y Friuli;;Asiste Policia y Libera;Mar del Plata;Buenos Aires;Argentina;Hernandarias y Friuli;-57.58254,-38.02172;ok
1253;1;2024;7;Robo/Hurto Automotor;;;;Jose Marti y Calle 75;;Asiste Policia y Libera;Mar del Plata;Buenos Aires;Argentina;Jose Marti y Calle 75;-57.58952,-38.05771;ok
1254;1;2024;7;Robo/Hurto Automotor;;;;Avenida Libertad y Jujuy;;LPR - Se realiza seguimiento del vehiculo;Mar del Plata;Buenos Aires;Argentina;Avenida Libertad y Jujuy;-57.55042,-37.98961;ok
1255;1;2024;7;Robo/Hurto Automotor;;;;Almafuerte y General Lavalle Juan;;LPR - Se realiza seguimiento del vehiculo;Mar del Plata;Buenos Aires;Argentina;Almafuerte y General Lavalle Juan;-57.54373,-38.02685;ok
1256;1;2024;7;Robo/Hurto Automotor;;;;Rodriguez Peña y Guido Tomas;;LPR - Se realiza seguimiento del vehiculo;Mar del Plata;Buenos Aires;Argentina;Rodriguez Peña y Guido Tomas;-57.5709967,-38.0064113;ok
1257;1;2024;7;Robo/Hurto Automotor;;;;Catamarca y Avenida Colon;;Asiste Policia y Libera;Mar del Plata;Buenos Aires;Argentina;Catamarca y Avenida Colon;-57.55537,-38.00056;ok
1258;1;2024;7;Robo/Hurto Automotor;;;;De La Plaza Fortunato y Luis Vernet;;No Asiste;Mar del Plata;Buenos Aires;Argentina;De La Plaza Fortunato y Luis Vernet;-57.55188,-38.05962;ok
1259;1;2024;7;Robo/Hurto Automotor;;;;La Pampa y Avenida Pedro Luro;;No Asiste;Mar del Plata;Buenos Aires;Argentina;La Pampa y Avenida Pedro Luro;-57.56339,-37.98995;ok
1260;1;2024;7;Robo/Hurto Automotor;;;;Avenida Vertiz y Juana Manso;;No Asiste;Mar del Plata;Buenos Aires;Argentina;Avenida Vertiz y Juana Manso;-57.5792184,-38.0285749;ok
1261;1;2024;7;Robo/Hurto Automotor;;;;Florencio Sanchez y Puan;;Asiste Policia y Libera;Mar del Plata;Buenos Aires;Argentina;Florencio Sanchez y Puan;-57.58841,-38.03476;ok
1262;1;2024;7;Robo/Hurto Automotor;;;;Genova y Osvaldo Magnasco;;Hallazgo Automotor;Mar del Plata;Buenos Aires;Argentina;Genova y Osvaldo Magnasco;-57.60396,-38.02562;ok
1263;1;2024;7;Robo/Hurto Automotor;;;;Salta y Venticinco de 05;;No Asiste;Mar del Plata;Buenos Aires;Argentina;Salta y Venticinco de 05;-57.55267,-37.99412;ok
1264;1;2024;7;Robo/Hurto Automotor;;;;Avenida Pedro Luro y Corrientes;;No Asiste;Mar del Plata;Buenos Aires;Argentina;Avenida Pedro Luro y Corrientes;-57.54323,-38.0001;ok
1265;1;2024;7;Robo/Hurto Automotor;;;;Miguel Estanislao Soler y Ciudad De Dolores;;No Asiste;Mar del Plata;Buenos Aires;Argentina;Miguel Estanislao Soler y Ciudad De Dolores;-57.5948315,-38.023245;ok
1266;1;2024;7;Robo/Hurto Automotor;;;;Avenida Juan B. Justo y Remedios De Escalada;;No Asiste;Mar del Plata;Buenos Aires;Argentina;Avenida Juan B. Justo y Remedios De Escalada;-57.6055145,-37.9930729;ok
1267;1;2024;7;Robo/Hurto Automotor;;;;Antonio Valentini y Juan Bautista Azopardo;;Asiste Policia y Libera;Mar del Plata;Buenos Aires;Argentina;Antonio Valentini y Juan Bautista Azopardo;-57.57831,-38.03052;ok
1268;1;2024;7;Robo/Hurto Automotor;;;;Salvador Viva y Bolivar;;Asiste Policia y Libera;Mar del Plata;Buenos Aires;Argentina;Salvador Viva y Bolivar;-57.64845,-37.95005;ok
1269;1;2024;7;Robo/Hurto Automotor;;;;Juan Vucetich y Willian C Morris;;LPR - Se realiza seguimiento del vehiculo;Mar del Plata;Buenos Aires;Argentina;Juan Vucetich y Willian C Morris;-57.56018,-38.0638;ok
1270;1;2024;7;Robo/Hurto Automotor;;;;Tomas Manuel De Anchorena y Carlos Tejedor;;LPR - Se realiza seguimiento del vehiculo;Mar del Plata;Buenos Aires;Argentina;Tomas Manuel De Anchorena y Carlos Tejedor;-57.54163,-37.95064;ok
1271;1;2024;7;Robo/Hurto Automotor;;;;Avenida Vertiz y Pehuajo;;Asiste Policia y Libera;Mar del Plata;Buenos Aires;Argentina;Avenida Vertiz y Pehuajo;-57.59014,-38.0203;ok
1272;1;2024;7;Robo/Hurto Automotor;;;;Esteban Gascon y Chile;;Asiste Policia y Libera;Mar del Plata;Buenos Aires;Argentina;Esteban Gascon y Chile;-57.58037,-37.99161;ok
1273;1;2024;7;Robo/Hurto Automotor;;;;Ambrosio Bestoso y Juan Gutenberg;;Asiste Policia y Libera;Mar del Plata;Buenos Aires;Argentina;Ambrosio Bestoso y Juan Gutenberg;-57.5907621,-38.0394804;ok
1274;1;2024;7;Robo/Hurto Automotor;;;;Vidal Celestino y De La Plaza Fortunato;;Asiste Policia y Libera;Mar del Plata;Buenos Aires;Argentina;Vidal Celestino y De La Plaza Fortunato;-57.59388,-38.02796;ok
1275;1;2024;7;Robo/Hurto Automotor;;;;Cordoba y Manuel Quintana;;Asiste Policia y Libera;Mar del Plata;Buenos Aires;Argentina;Cordoba y Manuel Quintana;-57.55978,-38.01543;ok
1276;1;2024;7;Robo/Hurto Automotor;;;;San Luis y Belgrano;;Asiste Policia y Libera;Mar del Plata;Buenos Aires;Argentina;San Luis y Belgrano;-57.54918,-38.00053;ok
1277;1;2024;7;Robo/Hurto Automotor;;;;12 De octubre y Cipreses;;Asiste Policia y Libera;Mar del Plata;Buenos Aires;Argentina;12 De octubre y Cipreses;-57.5944872,-38.0066941;ok
1278;1;2024;7;Robo/Hurto Automotor;;;;Belgrano y La Rioja;;No Asiste;Mar del Plata;Buenos Aires;Argentina;Belgrano y La Rioja;-57.5521515,-37.9989138;ok
1279;1;2024;7;Robo/Hurto Automotor;;;;Avenida Libertad y Jujuy;;Asiste Policia y Libera;Mar del Plata;Buenos Aires;Argentina;Avenida Libertad y Jujuy;-57.5504221,-37.989619;ok
1280;1;2024;7;Robo/Hurto Automotor;;;;25 De mayo y 20 De Setiembre;;Asiste Policia y Libera;Mar del Plata;Buenos Aires;Argentina;25 De mayo y 20 De Setiembre;-57.555665,-37.9926243;ok
1281;1;2024;7;Robo/Hurto Automotor;;;;Udine y Hipolito Bouchard;;Asiste Policia y Libera;Mar del Plata;Buenos Aires;Argentina;Udine y Hipolito Bouchard;-57.5897864,-38.023186;ok
1282;1;2024;7;Robo/Hurto Automotor;;;;Calabria y Mariano Castex;;Asiste Policia y Libera;Mar del Plata;Buenos Aires;Argentina;Calabria y Mariano Castex;-57.59627,-38.03399;ok
1283;1;2024;7;Robo/Hurto Automotor;;;;Calle 431 Bis y Calle 10 Bis;;Asiste Policia y Libera;Mar del Plata;Buenos Aires;Argentina;Calle 431 Bis y Calle 10 Bis;-57.57951,-38.09914;ok
1284;1;2024;7;Robo/Hurto Automotor;;;;1 De mayo y Primera Junta;;Asiste Policia y Libera;Mar del Plata;Buenos Aires;Argentina;1 De mayo y Primera Junta;-57.5837857,-38.0010502;ok
1285;1;2024;7;Robo/Hurto Automotor;;;;Jose Manuel Estrada y Jose Ingenieros;;Asiste Policia y Libera;Mar del Plata;Buenos Aires;Argentina;Jose Manuel Estrada y Jose Ingenieros;-57.5469933,-37.9554846;ok
1286;1;2024;7;Robo/Hurto Automotor;;;;Canessa y Hernandarias;;Asiste Policia y Libera;Mar del Plata;Buenos Aires;Argentina;Canessa y Hernandarias;-57.6118925,-37.9999925;ok
1287;1;2024;7;Robo/Hurto Automotor;;;;Eduardo G. Carasa y Gonzalez Chavez;;Asiste Policia y Libera;Mar del Plata;Buenos Aires;Argentina;Eduardo G. Carasa y Gonzalez Chavez;-57.58859,-38.03053;ok
1288;1;2024;7;Robo/Hurto Automotor;;;;Jose Hernandez y Hipolito Bouchard;;Asiste Policia y Libera;Mar del Plata;Buenos Aires;Argentina;Jose Hernandez y Hipolito Bouchard;-57.56506,-38.04183;ok
1289;1;2024;7;Robo/Hurto Automotor;;;;Hernandarias y Jacinto Peralta Ramos;;No Asiste;Mar del Plata;Buenos Aires;Argentina;Hernandarias y Jacinto Peralta Ramos;-57.57864,-38.02509;ok
1290;1;2024;7;Robo/Hurto Automotor;;;;Avenida Independencia y Garay Juan De;;No Asiste;Mar del Plata;Buenos Aires;Argentina;Avenida Independencia y Garay Juan De;-57.56009,-38.00521;ok
1291;1;2024;7;Robo/Hurto Automotor;;;;Avenida Pedro Luro y España;;No Asiste;Mar del Plata;Buenos Aires;Argentina;Avenida Pedro Luro y España;-57.5453,-38.00695;ok
1292;1;2024;7;Robo/Hurto Automotor;;;;Ituzaingo y Guillermo Marconi Ingeniero;;Asiste Policia y Libera;Mar del Plata;Buenos Aires;Argentina;Ituzaingo y Guillermo Marconi Ingeniero;-57.5712096,-37.976797;ok
1293;1;2024;7;Robo/Hurto Automotor;;;;Leandro N. Alem y Almafuerte;;Asiste Policia y Libera;Mar del Plata;Buenos Aires;Argentina;Leandro N. Alem y Almafuerte;-57.5370839,-38.029104;ok
1294;1;2024;7;Robo/Hurto Automotor;;;;Avenida de los Trabajadores y Eduardo G. Carasa;;Asiste Policia y Libera;Mar del Plata;Buenos Aires;Argentina;Avenida de los Trabajadores y Eduardo G. Carasa;-57.54632,-38.0623837;ok
1295;1;2024;7;Robo/Hurto Automotor;;;;Lisandro De La Torre y San Salvador;;Asiste Policia y Libera;Mar del Plata;Buenos Aires;Argentina;Lisandro De La Torre y San Salvador;-57.58443,-38.02322;ok
1296;1;2024;7;Robo/Hurto Automotor;;;;Solis y Pehuajo;;Asiste Policia y Libera;Mar del Plata;Buenos Aires;Argentina;Solis y Pehuajo;-57.58075,-38.01317;ok
1297;1;2024;7;Robo/Hurto Automotor;;;;Entre Rios y Manuel Quintana;;No Asiste;Mar del Plata;Buenos Aires;Argentina;Entre Rios y Manuel Quintana;-57.55579,-38.01742;ok
1298;1;2024;7;Robo/Hurto Automotor;;;;De La Plaza Fortunato y Udine;;Asiste Policia y Libera;Mar del Plata;Buenos Aires;Argentina;De La Plaza Fortunato y Udine;-57.59475,-38.0273;ok
1299;1;2024;7;Robo/Hurto Automotor;;;;Luis Dellepiane y Miguel Estanislao Soler;;Asiste Policia y Libera;Mar del Plata;Buenos Aires;Argentina;Luis Dellepiane y Miguel Estanislao Soler;-57.5807211,-38.033903;ok
1300;1;2024;7;Robo/Hurto Automotor;;;;Juan Gutenberg y Marcelo 07 Fitte;;Asiste Policia y Libera;Mar del Plata;Buenos Aires;Argentina;Juan Gutenberg y Marcelo 07 Fitte;-57.6198932,-38.017478;ok
1301;1;2024;7;Robo/Hurto Automotor;;;;Cerrito y El Cano;;Hallazgo Automotor;Mar del Plata;Buenos Aires;Argentina;Cerrito y El Cano;-57.5577769,-38.0330675;ok
1302;1;2024;7;Robo/Hurto Automotor;;;;La Pampa y Ituzaingo;;Asiste Policia y Libera;Mar del Plata;Buenos Aires;Argentina;La Pampa y Ituzaingo;-57.5568422,-37.9818581;ok
1303;1;2024;7;Robo/Hurto Automotor;;;;Rotonda Del Lago y Los Pinos;;Asiste Policia y Libera;Mar del Plata;Buenos Aires;Argentina;Rotonda Del Lago y Los Pinos;-57.5914089,-38.007046;ok
1304;1;2024;7;Robo/Hurto Automotor;;;;Mario Bravo y Reforma Universitaria;;Asiste Policia y Libera;Mar del Plata;Buenos Aires;Argentina;Mario Bravo y Reforma Universitaria;-57.6187137,-38.0247516;ok
1305;1;2024;7;Robo/Hurto Automotor;;;;Onesimo Leguizamon y Garay Juan De;;LPR - Se realiza seguimiento del vehiculo;Mar del Plata;Buenos Aires;Argentina;Onesimo Leguizamon y Garay Juan De;-57.61831,-37.97572;ok
1306;1;2024;7;Robo/Hurto Automotor;;;;20 De Setiembre y Ayacucho;;LPR - Se realiza seguimiento del vehiculo;Mar del Plata;Buenos Aires;Argentina;20 De Setiembre y Ayacucho;-57.55045,-37.98615;ok
1307;1;2024;7;Robo/Hurto Automotor;;;;Neuquen y Formosa;;Asiste Policia y Libera;Mar del Plata;Buenos Aires;Argentina;Neuquen y Formosa;-57.5822,-38.00629;ok
1308;1;2024;7;Robo/Hurto Automotor;;;;Matias Strobel y Belisario Roldan;;Asiste Policia y Libera;Mar del Plata;Buenos Aires;Argentina;Matias Strobel y Belisario Roldan;-57.56084,-37.97091;ok
1309;1;2024;7;Robo/Hurto Automotor;;;;Bahia Blanca y Esteban Gascon;;Asiste Policia y Libera;Mar del Plata;Buenos Aires;Argentina;Bahia Blanca y Esteban Gascon;-57.5916338,-37.98814;ok
1310;1;2024;7;Robo/Hurto Automotor;;;;Ayacucho y Funes Gregorio;;Asiste Policia y Libera;Mar del Plata;Buenos Aires;Argentina;Ayacucho y Funes Gregorio;-57.5544742,-37.9841298;ok
1311;1;2024;7;Robo/Hurto Automotor;;;;San Martin y San Luis;;Asiste Policia y Libera;Mar del Plata;Buenos Aires;Argentina;San Martin y San Luis;-57.5479,-37.99895;ok
1312;1;2024;7;Robo/Hurto Automotor;;;;Olavarria y Avenida Colon;;Asiste Policia y Libera;Mar del Plata;Buenos Aires;Argentina;Olavarria y Avenida Colon;-57.53819,-38.00955;ok
1313;1;2024;7;Robo/Hurto Automotor;;;;Macacha Guemes y San Lorenzo;;Asiste Policia y Libera;Mar del Plata;Buenos Aires;Argentina;Macacha Guemes y San Lorenzo;-57.54361,-38.01801;ok
1314;1;2024;7;Robo/Hurto Automotor;;;;Bravo Mario y Federico C. Beltrami Ingeniero;;Asiste Policia y Libera;Mar del Plata;Buenos Aires;Argentina;Bravo Mario y Federico C. Beltrami Ingeniero;-57.56683,-38.06386;ok
1315;1;2024;7;Robo/Hurto Automotor;;;;Inda Rufino Bis y De La Plaza Fortunato;;Asiste Policia y Libera;Mar del Plata;Buenos Aires;Argentina;Inda Rufino Bis y De La Plaza Fortunato;-57.60628,-38.01855;ok
1316;1;2024;7;Robo/Hurto Automotor;;;;San Lorenzo y Martin Miguel De Guemes;;Asiste Policia y Libera;Mar del Plata;Buenos Aires;Argentina;San Lorenzo y Martin Miguel De Guemes;-57.543613,-38.0179981;ok
1317;1;2024;7;Robo/Hurto Automotor;;;;Champagnat y Alvarado Rudecindo;;Persecucion Y Detencion;Mar del Plata;Buenos Aires;Argentina;Champagnat y Alvarado Rudecindo;-57.5912394,-37.9916845;ok
1318;1;2024;7;Robo/Hurto Automotor;;;;Bolivar y Catamarca;;Asiste Policia y Libera;Mar del Plata;Buenos Aires;Argentina;Bolivar y Catamarca;-57.5544375,-38.0000811;ok
1319;1;2024;7;Robo/Hurto Automotor;;;;Kraglievich Lucas y Los Granados;;Detencion;Mar del Plata;Buenos Aires;Argentina;Kraglievich Lucas y Los Granados;-57.54542,-37.92612;ok
1320;1;2024;7;Robo/Hurto Automotor;;;;20 De Setiembre y Bolivar;;No Asiste;Mar del Plata;Buenos Aires;Argentina;20 De Setiembre y Bolivar;-57.55962,-37.99749;ok
1321;1;2024;7;Robo/Hurto Automotor;;;;Falucho y España;;No Asiste;Mar del Plata;Buenos Aires;Argentina;Falucho y España;-57.56064,-38.0005;ok
1322;1;2024;7;Robo/Hurto Automotor;;;;Avenida Juan B. Justo y Jose Hernandez;;No Asiste;Mar del Plata;Buenos Aires;Argentina;Avenida Juan B. Justo y Jose Hernandez;-57.5536224,-38.0323068;ok
1323;1;2024;7;Robo/Hurto Automotor;;;;Tomas Stegagnini y Jose Cardiel Padre;;No Asiste;Mar del Plata;Buenos Aires;Argentina;Tomas Stegagnini y Jose Cardiel Padre;-57.59758,-37.95005;ok
1324;1;2024;7;Robo/Hurto Automotor;;;;Ciudad De Bragado y Avenida Vertiz;;No Asiste;Mar del Plata;Buenos Aires;Argentina;Ciudad De Bragado y Avenida Vertiz;-57.62065,-37.99726;ok
1325;1;2024;7;Robo/Hurto Automotor;;;;Neuquen y Alvarado Rudecindo;;No Asiste;Mar del Plata;Buenos Aires;Argentina;Neuquen y Alvarado Rudecindo;-57.57645,-37.99918;ok
1326;1;2024;7;Robo/Hurto Automotor;;;;Termas De Rio Hondo y San Lorenzo;;Persecucion Y Perdida;Mar del Plata;Buenos Aires;Argentina;Termas De Rio Hondo y San Lorenzo;-57.6069308,-37.9859773;ok
1327;1;2024;7;Robo/Hurto Automotor;;;;Alberti Manuel y Buenos Aires;;Asiste Policia y Libera;Mar del Plata;Buenos Aires;Argentina;Alberti Manuel y Buenos Aires;-57.5477825,-38.0092013;ok
1328;1;2024;7;Robo/Hurto Automotor;;;;Avenida Juan B. Justo y Avenida Independencia;;Asiste Policia y Libera;Mar del Plata;Buenos Aires;Argentina;Avenida Juan B. Justo y Avenida Independencia;-57.5712351,-38.0189348;ok
1329;1;2024;7;Robo/Hurto Automotor;;;;Luis Agote y Juan Bautista Azopardo;;LPR - Se realiza seguimiento del vehiculo;Mar del Plata;Buenos Aires;Argentina;Luis Agote y Juan Bautista Azopardo;-57.57022,-38.03662;ok
1330;1;2024;7;Robo/Hurto Automotor;;;;Avenida Independencia y Ituzaingo;;LPR - Se realiza seguimiento del vehiculo;Mar del Plata;Buenos Aires;Argentina;Avenida Independencia y Ituzaingo;-57.54574,-37.98742;ok
1331;1;2024;7;Robo/Hurto Automotor;;;;Avenida Libertad y Guillermo Marconi Ingeniero;;LPR - Se realiza seguimiento del vehiculo;Mar del Plata;Buenos Aires;Argentina;Avenida Libertad y Guillermo Marconi Ingeniero;-57.5685257,-37.9804693;ok
1332;1;2024;7;Robo/Hurto Automotor;;;;Rivadavia y Ecuador;;No Asiste;Mar del Plata;Buenos Aires;Argentina;Rivadavia y Ecuador;-57.6168286,-37.9652005;ok
1333;1;2024;7;Robo/Hurto Automotor;;;;Avenida Patricio Peralta Ramos y Nueve de 07;;No Asiste;Mar del Plata;Buenos Aires;Argentina;Avenida Patricio Peralta Ramos y Nueve de 07;-57.54184,-37.99848;ok
1334;1;2024;7;Robo/Hurto Automotor;;;;Magallanes y Antonio Valentini;;No Asiste;Mar del Plata;Buenos Aires;Argentina;Magallanes y Antonio Valentini;-57.57179,-38.02511;ok
1335;1;2024;7;Robo/Hurto Automotor;;;;Teodoro Bronzini y Avellaneda Nicolas;;No Asiste;Mar del Plata;Buenos Aires;Argentina;Teodoro Bronzini y Avellaneda Nicolas;-57.58817,-37.99434;ok
1336;1;2024;7;Robo/Hurto Automotor;;;;De La Plaza Fortunato y Luis Piedrabuena Comandante;;No Asiste;Mar del Plata;Buenos Aires;Argentina;De La Plaza Fortunato y Luis Piedrabuena Comandante;-57.55273,-38.05897;ok
1337;1;2024;7;Robo/Hurto Automotor;;;;Lamadrid y Larrea;;Asiste Policia y Libera;Mar del Plata;Buenos Aires;Argentina;Lamadrid y Larrea;-57.55637,-38.0251;ok
1338;1;2024;7;Robo/Hurto Automotor;;;;Guanahani y De Los Inmigrantes;;Asiste Policia y Libera;Mar del Plata;Buenos Aires;Argentina;Guanahani y De Los Inmigrantes;-57.59065,-38.01732;ok
1339;1;2024;7;Robo/Hurto Automotor;;;;Cerrito y Calle 81;;Asiste Policia y Libera;Mar del Plata;Buenos Aires;Argentina;Cerrito y Calle 81;-57.59189,-38.06052;ok
1340;1;2024;7;Robo/Hurto Automotor;;;;Martinez De Hoz Miguel y Doce de 10;;Asiste Policia y Libera;Mar del Plata;Buenos Aires;Argentina;Martinez De Hoz Miguel y Doce de 10;-57.6004918,-38.002141;ok
1341;1;2024;7;Robo/Hurto Automotor;;;;Lebensohn Moises y General Manuel N. Savio;;Asiste Policia y Libera;Mar del Plata;Buenos Aires;Argentina;Lebensohn Moises y General Manuel N. Savio;-57.58069,-38.03928;ok
1342;1;2024;7;Robo/Hurto Automotor;;;;Magallanes y Posadas;;Asiste Policia y Libera;Mar del Plata;Buenos Aires;Argentina;Magallanes y Posadas;-57.54997,-38.04153;ok
1343;1;2024;7;Robo/Hurto Automotor;;;;Cerrito y Calle 87;;Asiste Policia y Libera;Mar del Plata;Buenos Aires;Argentina;Cerrito y Calle 87;-57.5939404,-38.0620931;ok
1344;1;2024;7;Robo/Hurto Automotor;;;;Alvarado Rudecindo y Onesimo Leguizamon;;Hallazgo Automotor;Mar del Plata;Buenos Aires;Argentina;Alvarado Rudecindo y Onesimo Leguizamon;-57.6196442,-37.9773287;ok
1345;1;2024;7;Robo/Hurto Automotor;;;;Mariano Castex y Tripulantes Del Fournier;;Asiste Policia y Libera;Mar del Plata;Buenos Aires;Argentina;Mariano Castex y Tripulantes Del Fournier;-57.5879046,-38.0272134;ok
1346;1;2024;7;Robo/Hurto Automotor;;;;Laprida y Jujuy;;Asiste Policia y Libera;Mar del Plata;Buenos Aires;Argentina;Laprida y Jujuy;-57.5704861,-38.0144336;ok
1347;1;2024;7;Robo/Hurto Automotor;;;;Guido Tomas y Avenida Juan B. Justo;;Asiste Policia y Libera;Mar del Plata;Buenos Aires;Argentina;Guido Tomas y Avenida Juan B. Justo;-57.5800793,-38.012322;ok
1348;1;2024;7;Robo/Hurto Automotor;;;;Hernandarias y Canessa;;Asiste Policia y Libera;Mar del Plata;Buenos Aires;Argentina;Hernandarias y Canessa;-57.6118925,-37.9999925;ok
1349;1;2024;7;Robo/Hurto Automotor;;;;11 De Setiembre y Victoriano E. Montes;;Asiste Policia y Libera;Mar del Plata;Buenos Aires;Argentina;11 De Setiembre y Victoriano E. Montes;-57.5788389,-37.9775824;ok
1350;1;2024;7;Robo/Hurto Automotor;;;;Carlos Tejedor y Jose Zacagnini;;Asiste Policia y Libera;Mar del Plata;Buenos Aires;Argentina;Carlos Tejedor y Jose Zacagnini;-57.5446449,-37.9544464;ok
1351;1;2024;7;Robo/Hurto Automotor;;;;Balcarce y Suarez Coronel;;No Asiste;Mar del Plata;Buenos Aires;Argentina;Balcarce y Suarez Coronel;-57.59565,-37.96853;ok
1352;1;2024;7;Robo/Hurto Automotor;;;;Leonardo Rosales y Gonzalez Chavez;;No Asiste;Mar del Plata;Buenos Aires;Argentina;Leonardo Rosales y Gonzalez Chavez;-57.58534,-38.02784;ok
1353;1;2024;7;Robo/Hurto Automotor;;;;Avenida Independencia y Vieytes;;Se Realiza Seguimiento del Evento;Mar del Plata;Buenos Aires;Argentina;Avenida Independencia y Vieytes;-57.56982,-38.01722;ok
1354;1;2024;7;Robo/Hurto Automotor;;;;Federico Garcia Lorca y Jose Dutto Padre;;Hallazgo Automotor;Mar del Plata;Buenos Aires;Argentina;Federico Garcia Lorca y Jose Dutto Padre;-57.5722688,-38.0572864;ok
1355;1;2024;7;Robo/Hurto Automotor;;;;Carlos Gardel y Leonardo Rosales;;No Asiste;Mar del Plata;Buenos Aires;Argentina;Carlos Gardel y Leonardo Rosales;-57.6204621,-38.0012914;ok
1356;1;2024;7;Robo/Hurto Automotor;;;;Antonio Maria Gianelli y Juan Bautista Azopardo;;No Asiste;Mar del Plata;Buenos Aires;Argentina;Antonio Maria Gianelli y Juan Bautista Azopardo;-57.56767,-38.03856;ok
1357;1;2024;7;Robo/Hurto Automotor;;;;Federico C. Beltrami Ingeniero y Arana Y Goiri;;No Asiste;Mar del Plata;Buenos Aires;Argentina;Federico C. Beltrami Ingeniero y Arana Y Goiri;-57.5553,-38.05433;ok
1358;1;2024;7;Robo/Hurto Automotor;;;;Diagonal Dalmacio Velez Sarsfield y Jose Andres Pacheco De Melo;;Asiste Policia y Libera;Mar del Plata;Buenos Aires;Argentina;Diagonal Dalmacio Velez Sarsfield y Jose Andres Pacheco De Melo;-57.54935,-38.08073;ok
1359;1;2024;7;Robo/Hurto Automotor;;;;Brandsen y Primero de Mayo;;Asiste Policia y Libera;Mar del Plata;Buenos Aires;Argentina;Brandsen y Primero de Mayo;-57.5636898,-37.9761553;ok
1360;1;2024;7;Robo/Hurto Automotor;;;;Udine y Avenida Vertiz;;Asiste Policia y Libera;Mar del Plata;Buenos Aires;Argentina;Udine y Avenida Vertiz;-57.5867897,-38.023378;ok
1361;1;2024;7;Robo/Hurto Automotor;;;;Avenida Fermin Errea y Avenida Pedro Luro;;Asiste Policia y Libera;Mar del Plata;Buenos Aires;Argentina;Avenida Fermin Errea y Avenida Pedro Luro;-57.6185972,-37.9619814;ok
1362;1;2024;7;Robo/Hurto Automotor;;;;Pringles y General Paz;;Asiste Policia y Libera;Mar del Plata;Buenos Aires;Argentina;Pringles y General Paz;-57.5456446,-38.032733;ok
1363;1;2024;7;Robo/Hurto Automotor;;;;Avenida Juan Jose Paso y Santiago Del Estero;;Asiste Policia y Libera;Mar del Plata;Buenos Aires;Argentina;Avenida Juan Jose Paso y Santiago Del Estero;-57.5620478,-38.019947;ok
1364;1;2024;7;Robo/Hurto Automotor;;;;Rivadavia y Funes Gregorio;;Asiste Policia y Libera;Mar del Plata;Buenos Aires;Argentina;Rivadavia y Funes Gregorio;-57.56169,-37.99312;ok
1365;1;2024;7;Robo/Hurto Automotor;;;;General Rafael De Riego y Doce de 10;;Asiste Policia y Libera;Mar del Plata;Buenos Aires;Argentina;General Rafael De Riego y Doce de 10;-57.56752,-38.02702;ok
1366;1;2024;7;Robo/Hurto Automotor;;;;Eduardo G. Carasa y Figueroa Alcorta;;Asiste Policia y Libera;Mar del Plata;Buenos Aires;Argentina;Eduardo G. Carasa y Figueroa Alcorta;-57.55784,-38.05372;ok
1367;1;2024;7;Robo/Hurto Automotor;;;;Avenida Colon y Las Heras;;Asiste Policia y Libera;Mar del Plata;Buenos Aires;Argentina;Avenida Colon y Las Heras;-57.5411235,-38.0080507;ok
1368;1;2024;7;Robo/Hurto Automotor;;;;La Rioja y Vieytes;;Asiste Policia y Libera;Mar del Plata;Buenos Aires;Argentina;La Rioja y Vieytes;-57.56778,-38.01829;ok
1369;1;2024;7;Robo/Hurto Automotor;;;;Acha y Ricardo Guiraldes;;Asiste Policia y Libera;Mar del Plata;Buenos Aires;Argentina;Acha y Ricardo Guiraldes;-57.5678,-38.05929;ok
1370;1;2024;7;Robo/Hurto Automotor;;;;Gaboto y Yapeyu;;Asiste Policia y Libera;Mar del Plata;Buenos Aires;Argentina;Gaboto y Yapeyu;-57.61419,-37.98916;ok
1371;1;2024;7;Robo/Hurto Automotor;;;;Casildo Villar y Genova;;Se Realiza Seguimiento del Evento;Mar del Plata;Buenos Aires;Argentina;Casildo Villar y Genova;-57.59195,-38.03469;ok
1372;1;2024;7;Robo/Hurto Automotor;;;;Ayolas y Eduardo Peralta Ramos;;Asiste Policia y Libera;Mar del Plata;Buenos Aires;Argentina;Ayolas y Eduardo Peralta Ramos;-57.59823,-38.00644;ok
1373;1;2024;7;Robo/Hurto Automotor;;;;Avenida Centeno Norberto O. y Lebensohn Moises;;No Asiste;Mar del Plata;Buenos Aires;Argentina;Avenida Centeno Norberto O. y Lebensohn Moises;-57.6138226,-38.008918;ok
1374;1;2024;7;Robo/Hurto Automotor;;;;Avenida Constitucion y Marcos Sastre;;Asiste Policia y Libera;Mar del Plata;Buenos Aires;Argentina;Avenida Constitucion y Marcos Sastre;-57.5576711,-37.9634861;ok
1375;1;2024;7;Robo/Hurto Automotor;;;;Acha y Ricardo Guiraldes;;Asiste Policia y Libera;Mar del Plata;Buenos Aires;Argentina;Acha y Ricardo Guiraldes;-57.56787,-38.05929;ok
1376;1;2024;7;Robo/Hurto Automotor;;;;Avenida Vertiz y Talcahuano;;Asiste Policia y Libera;Mar del Plata;Buenos Aires;Argentina;Avenida Vertiz y Talcahuano;-57.57577,-38.03117;ok
1377;1;2024;7;Robo/Hurto Automotor;;;;Calabria y Florencio Sanchez;;Asiste Policia y Libera;Mar del Plata;Buenos Aires;Argentina;Calabria y Florencio Sanchez;-57.59164,-38.03751;ok
1378;1;2024;7;Robo/Hurto Automotor;;;;Scaglia Lorenzo y Los Granados;;Asiste Policia y Libera;Mar del Plata;Buenos Aires;Argentina;Scaglia Lorenzo y Los Granados;-57.5427118,-37.9238777;ok
1379;1;2024;7;Robo/Hurto Automotor;;;;Jose Hernandez y Leonardo Rosales;;Asiste Policia y Libera;Mar del Plata;Buenos Aires;Argentina;Jose Hernandez y Leonardo Rosales;-57.5658696,-38.0424843;ok
1380;1;2024;7;Robo/Hurto Automotor;;;;Avenida Pedro Luro y Salta;;Asiste Policia y Libera;Mar del Plata;Buenos Aires;Argentina;Avenida Pedro Luro y Salta;-57.55338,-37.99499;ok
1381;1;2024;7;Robo/Hurto Automotor;;;;Soler Miguel y Juana Azurduy;;Asiste Policia y Libera;Mar del Plata;Buenos Aires;Argentina;Soler Miguel y Juana Azurduy;-57.5650424,-38.01497;ok
1382;1;2024;7;Robo/Hurto Automotor;;;;Juan B. Goñi y Juan Gutenberg;;Asiste Policia y Libera;Mar del Plata;Buenos Aires;Argentina;Juan B. Goñi y Juan Gutenberg;-57.61384,-38.02205;ok
1383;1;2024;7;Robo/Hurto Automotor;;;;Matias Strobel y Manuela Pedraza;;Asiste Policia y Libera;Mar del Plata;Buenos Aires;Argentina;Matias Strobel y Manuela Pedraza;-57.5556865,-37.973513;ok
1384;1;2024;7;Robo/Hurto Automotor;;;;General 07 Argentino Roca y Leandro N. Alem;;Detencion;Mar del Plata;Buenos Aires;Argentina;General 07 Argentino Roca y Leandro N. Alem;-57.53324,-38.02436;ok
1385;1;2024;7;Robo/Hurto Automotor;;;;French Domingo y Avenida Fermin Errea;;Asiste Policia y Libera;Mar del Plata;Buenos Aires;Argentina;French Domingo y Avenida Fermin Errea;-57.6100933,-37.9515071;ok
1386;1;2024;7;Robo/Hurto Automotor;;;;Avenida Constitucion y Ruta Nacional N 2;;Se Realiza Seguimiento del Evento;Mar del Plata;Buenos Aires;Argentina;Avenida Constitucion y Ruta Nacional N 2;-57.5801545,-37.956823;ok
1387;1;2024;7;Robo/Hurto Automotor;;;;Azcuenaga y Santiago Del Estero;;Asiste Unidad Sanitaria y Traslada;Mar del Plata;Buenos Aires;Argentina;Azcuenaga y Santiago Del Estero;-57.5640132,-38.022355;ok
1388;1;2024;7;Robo/Hurto Automotor;;;;San Lorenzo y España;;No Asiste;Mar del Plata;Buenos Aires;Argentina;San Lorenzo y España;-57.5657233,-38.0068092;ok
1389;1;2024;7;Robo/Hurto Automotor;;;;Herminia Brumana y Hipolito Bouchard;;No Asiste;Mar del Plata;Buenos Aires;Argentina;Herminia Brumana y Hipolito Bouchard;-57.59734,-38.01743;ok
1390;1;2024;7;Robo/Hurto Automotor;;;;Necochea y Malvinas;;Asiste Policia y Libera;Mar del Plata;Buenos Aires;Argentina;Necochea y Malvinas;-57.57227,-37.9729;ok
1391;1;2024;7;Robo/Hurto Automotor;;;;Vieytes y General Jose Maria Paz;;LPR - Vehiculo Interceptado;Mar del Plata;Buenos Aires;Argentina;Vieytes y General Jose Maria Paz;-57.54375,-38.03036;ok
1392;1;2024;7;Robo/Hurto Automotor;;;;Puan y General Rafael De Riego;;LPR - Vehiculo Interceptado;Mar del Plata;Buenos Aires;Argentina;Puan y General Rafael De Riego;-57.5823759,-38.0393415;ok
1393;1;2024;7;Robo/Hurto Automotor;;;;Chubut y Avenida Constitucion;;Asiste Policia y Libera;Mar del Plata;Buenos Aires;Argentina;Chubut y Avenida Constitucion;-57.55156,-37.96663;ok
1394;1;2024;7;Robo/Hurto Automotor;;;;Bolivia y Chacabuco;;LPR - Se realiza seguimiento del vehiculo;Mar del Plata;Buenos Aires;Argentina;Bolivia y Chacabuco;-57.60125,-37.96157;ok
1395;1;2024;7;Robo/Hurto Automotor;;;;Herminia Brumana y De La Plaza Fortunato;;LPR - Se realiza seguimiento del vehiculo;Mar del Plata;Buenos Aires;Argentina;Herminia Brumana y De La Plaza Fortunato;-57.60235,-38.02155;ok
1396;1;2024;7;Robo/Hurto Automotor;;;;Miguel De Unamuno y Concepcion Arenal;;Se Realiza Seguimiento del Evento;Mar del Plata;Buenos Aires;Argentina;Miguel De Unamuno y Concepcion Arenal;-57.5695978,-37.9608877;ok
1397;1;2024;7;Robo/Hurto Automotor;;;;Gaboto y Juan N. Fernandez;;No Asiste;Mar del Plata;Buenos Aires;Argentina;Gaboto y Juan N. Fernandez;-57.6045725,-37.9964907;ok
1398;1;2024;7;Robo/Hurto Automotor;;;;Avenida Juan B. Justo y Francisco Saverio Scarpatti;;No Asiste;Mar del Plata;Buenos Aires;Argentina;Avenida Juan B. Justo y Francisco Saverio Scarpatti;-57.6055021,-37.9930798;ok
1399;1;2024;7;Robo/Hurto Automotor;;;;Martin Miguel De Guemes y Vieytes;;No Asiste;Mar del Plata;Buenos Aires;Argentina;Martin Miguel De Guemes y Vieytes;-57.55075,-38.02683;ok
1400;1;2024;7;Robo/Hurto Automotor;;;;Avenida Juan Hector Jara y Saavedra Cornelio;;Asiste Policia y Libera;Mar del Plata;Buenos Aires;Argentina;Avenida Juan Hector Jara y Saavedra Cornelio;-57.58335,-38.00236;ok
1401;1;2024;7;Robo/Hurto Automotor;;;;Napoles y Ciudad De Dolores;;Asiste Unidad Sanitaria y Traslada;Mar del Plata;Buenos Aires;Argentina;Napoles y Ciudad De Dolores;-57.59284,-38.03272;ok
1402;1;2024;7;Robo/Hurto Automotor;;;;David Ortega Presbitero y Once de 09;;LPR - Se realiza seguimiento del vehiculo;Mar del Plata;Buenos Aires;Argentina;David Ortega Presbitero y Once de 09;-57.58682,-37.97351;ok
1403;1;2024;7;Robo/Hurto Automotor;;;;Labarden y Mario Bravo;;No Asiste;Mar del Plata;Buenos Aires;Argentina;Labarden y Mario Bravo;-57.626578,-38.0188762;ok
1404;1;2024;7;Robo/Hurto Automotor;;;;Arturo Alio y Tres de 02;;Se Realiza Seguimiento del Evento;Mar del Plata;Buenos Aires;Argentina;Arturo Alio y Tres de 02;-57.5925849,-37.9718359;ok
1405;1;2024;7;Robo/Hurto Automotor;;;;San Lorenzo y Primero de Mayo;;Se Realiza Seguimiento del Evento;Mar del Plata;Buenos Aires;Argentina;San Lorenzo y Primero de Mayo;-57.58183,-37.99867;ok
1406;1;2024;7;Robo/Hurto Automotor;;;;Roca 07 y Jose M. Calaza Coronel;;Se Realiza Seguimiento del Evento;Mar del Plata;Buenos Aires;Argentina;Roca 07 y Jose M. Calaza Coronel;-57.61055,-37.98524;ok
1407;1;2024;7;Robo/Hurto Automotor;;;;San Juan y Primera Junta;;Se Realiza Seguimiento del Evento;Mar del Plata;Buenos Aires;Argentina;San Juan y Primera Junta;-57.57467,-38.00567;ok
1408;1;2024;7;Robo/Hurto Automotor;;;;San Luis y Avenida Pedro Luro;;Asiste Policia y Libera;Mar del Plata;Buenos Aires;Argentina;San Luis y Avenida Pedro Luro;-57.54721,-37.9981;ok
1409;1;2024;7;Robo/Hurto Automotor;;;;Jose Marmol y Concepcion Arenal;;Asiste Policia y Libera;Mar del Plata;Buenos Aires;Argentina;Jose Marmol y Concepcion Arenal;-57.54552,-37.97308;ok
1410;1;2024;7;Robo/Hurto Automotor;;;;Jose Marti y Lebensohn Moises;;No Asiste;Mar del Plata;Buenos Aires;Argentina;Jose Marti y Lebensohn Moises;-57.57348,-38.04474;ok
1411;1;2024;7;Robo/Hurto Automotor;;;;Grecia y Avenida Colon;;Asiste Policia y Libera;Mar del Plata;Buenos Aires;Argentina;Grecia y Avenida Colon;-57.5973624,-37.979588;ok
1412;1;2024;7;Robo/Hurto Automotor;;;;Juramento y Napoles;;Asiste Policia y Libera;Mar del Plata;Buenos Aires;Argentina;Juramento y Napoles;-57.57082,-38.04933;ok
1413;1;2024;7;Robo/Hurto Automotor;;;;Buenos Aires y Brown Almirante;;Asiste Policia y Libera;Mar del Plata;Buenos Aires;Argentina;Buenos Aires y Brown Almirante;-57.54583,-38.00687;ok
1414;1;2024;7;Robo/Hurto Automotor;;;;Florisbelo Acosta y Dardo Rocha;;Asiste Policia y Libera;Mar del Plata;Buenos Aires;Argentina;Florisbelo Acosta y Dardo Rocha;-57.54418,-37.97488;ok
1415;1;2024;7;Robo/Hurto Automotor;;;;Buenos Aires y San Lorenzo;;Asiste Policia y Libera;Mar del Plata;Buenos Aires;Argentina;Buenos Aires y San Lorenzo;-57.5516,-38.01396;ok
1416;1;2024;7;Robo/Hurto Automotor;;;;Rivadavia y Avenida Patricio Peralta Ramos;;Asiste Policia y Libera;Mar del Plata;Buenos Aires;Argentina;Rivadavia y Avenida Patricio Peralta Ramos;-57.54222,-38.00311;ok
1417;1;2024;7;Robo/Hurto Automotor;;;;Falucho y Alsina;;Asiste Policia y Libera;Mar del Plata;Buenos Aires;Argentina;Falucho y Alsina;-57.54049,-38.01067;ok
1418;1;2024;7;Robo/Hurto Automotor;;;;San Martin y Salta;;Asiste Policia y Libera;Mar del Plata;Buenos Aires;Argentina;San Martin y Salta;-57.55405,-37.99585;ok
1419;1;2024;7;Robo/Hurto Automotor;;;;Avenida Patricio Peralta Ramos y Alsina;;Asiste Policia y Libera;Mar del Plata;Buenos Aires;Argentina;Avenida Patricio Peralta Ramos y Alsina;-57.5385043,-38.0082973;ok
1420;1;2024;7;Robo/Hurto Automotor;;;;Tripulantes Del Fournier y Carlos Gardel;;Asiste Policia y Libera;Mar del Plata;Buenos Aires;Argentina;Tripulantes Del Fournier y Carlos Gardel;-57.62209,-38.00264;ok
1421;1;2024;7;Robo/Hurto Automotor;;;;14 De julio y Matheu Domingo;;Asiste Policia y Libera;Mar del Plata;Buenos Aires;Argentina;14 De julio y Matheu Domingo;-57.5716319,-38.0103631;ok
1422;1;2024;7;Robo/Hurto Automotor;;;;Almafuerte y Dorrego;;LPR - Se realiza seguimiento del vehiculo;Mar del Plata;Buenos Aires;Argentina;Almafuerte y Dorrego;-57.5738564,-38.0114472;ok
1423;1;2024;7;Robo/Hurto Automotor;;;;Avenida Vertiz y Bermejo;;Se Realiza Seguimiento del Evento;Mar del Plata;Buenos Aires;Argentina;Avenida Vertiz y Bermejo;-57.5529894,-38.0483268;ok
1424;1;2024;7;Robo/Hurto Automotor;;;;Avenida Pedro Luro y San Luis;;Asiste Policia y Libera;Mar del Plata;Buenos Aires;Argentina;Avenida Pedro Luro y San Luis;-57.54721,-37.9981;ok
1425;1;2024;7;Robo/Hurto Automotor;;;;Avenida Pedro Luro y San Luis;;Asiste Policia y Libera;Mar del Plata;Buenos Aires;Argentina;Avenida Pedro Luro y San Luis;-57.54721,-37.9981;ok
1426;1;2024;7;Robo/Hurto Automotor;;;;Saavedra Cornelio y Jujuy;;Asiste Policia y Libera;Mar del Plata;Buenos Aires;Argentina;Saavedra Cornelio y Jujuy;-57.5672621,-38.0103129;ok
1427;1;2024;7;Robo/Hurto Automotor;;;;Calle 4 y Calle 445;;Asiste Policia y Libera;Mar del Plata;Buenos Aires;Argentina;Calle 4 y Calle 445;-57.5797133,-38.1066788;ok
1428;1;2024;7;Robo/Hurto Automotor;;;;Castelli Juan Jose y Salta;;Asiste Policia y Libera;Mar del Plata;Buenos Aires;Argentina;Castelli Juan Jose y Salta;-57.561823,-38.0052432;ok
1429;1;2024;7;Robo/Hurto Automotor;;;;Chacabuco y Avenida Independencia;;No Asiste;Mar del Plata;Buenos Aires;Argentina;Chacabuco y Avenida Independencia;-57.5470805,-37.9888558;ok
1430;1;2024;7;Robo/Hurto Automotor;;;;Don Bosco y Almafuerte;;Asiste Policia y Libera;Mar del Plata;Buenos Aires;Argentina;Don Bosco y Almafuerte;-57.5838187,-38.0064123;ok
1431;1;2024;7;Robo/Hurto Automotor;;;;Ayacucho y España;;Asiste Policia y Libera;Mar del Plata;Buenos Aires;Argentina;Ayacucho y España;-57.5494551,-37.9864493;ok
1432;1;2024;7;Robo/Hurto Automotor;;;;Tierra Del Fuego y San Martin;;Asiste Policia y Libera;Mar del Plata;Buenos Aires;Argentina;Tierra Del Fuego y San Martin;-57.5781807,-37.9835055;ok
1433;1;2024;7;Robo/Hurto Automotor;;;;Salvador Viva y Avenida Juan B. Justo;;Hallazgo Automotor;Mar del Plata;Buenos Aires;Argentina;Salvador Viva y Avenida Juan B. Justo;-57.6550101,-37.9553595;ok
1434;1;2024;7;Robo/Hurto Automotor;;;;Avenida Juan B. Justo y Mitre Bartolome;;Asiste Policia y Libera;Mar del Plata;Buenos Aires;Argentina;Avenida Juan B. Justo y Mitre Bartolome;-57.56854,-38.02104;ok
1435;1;2024;7;Robo/Hurto Automotor;;;;Bosch Elisa y Tripulantes Del Fournier;;No Asiste;Mar del Plata;Buenos Aires;Argentina;Bosch Elisa y Tripulantes Del Fournier;-57.562424,-38.0463639;ok
1436;1;2024;7;Robo/Hurto Automotor;;;;Hernandarias y Jacinto Peralta Ramos;;Asiste Policia y Libera;Mar del Plata;Buenos Aires;Argentina;Hernandarias y Jacinto Peralta Ramos;-57.57864,-38.02509;ok
1437;1;2024;7;Robo/Hurto Automotor;;;;Leonardo Rosales y Jose Hernandez;;Asiste Policia y Libera;Mar del Plata;Buenos Aires;Argentina;Leonardo Rosales y Jose Hernandez;-57.5658696,-38.0424843;ok
1438;1;2024;7;Robo/Hurto Automotor;;;;Irala y Friuli;;Se Realiza Seguimiento del Evento;Mar del Plata;Buenos Aires;Argentina;Irala y Friuli;-57.5802432,-38.020731;ok
1439;1;2024;7;Robo/Hurto Automotor;;;;Reforma Universitaria y Avenida Juan B. Justo;;Se Realiza Seguimiento del Evento;Mar del Plata;Buenos Aires;Argentina;Reforma Universitaria y Avenida Juan B. Justo;-57.5924131,-38.0029428;ok
1440;1;2024;7;Robo/Hurto Automotor;;;;Santiago Del Estero y Manuel Quintana;;Se Realiza Seguimiento del Evento;Mar del Plata;Buenos Aires;Argentina;Santiago Del Estero y Manuel Quintana;-57.5600728,-38.017507;ok
1441;1;2024;7;Robo/Hurto Automotor;;;;Casildo Villar y Jacinto Peralta Ramos;;Se Realiza Seguimiento del Evento;Mar del Plata;Buenos Aires;Argentina;Casildo Villar y Jacinto Peralta Ramos;-57.5965198,-38.0390219;ok
1442;1;2024;7;Robo/Hurto Automotor;;;;Corbeta Uruguay y Fernando Bonnet;;Se Realiza Seguimiento del Evento;Mar del Plata;Buenos Aires;Argentina;Corbeta Uruguay y Fernando Bonnet;-57.5480626,-38.0903581;ok
1443;1;2024;7;Robo/Hurto Automotor;;;;Ayacucho y Dorrego;;Asiste Policia y Libera;Mar del Plata;Buenos Aires;Argentina;Ayacucho y Dorrego;-57.5524779,-37.9850001;ok
1444;1;2024;7;Robo/Hurto Automotor;;;;La Rioja y Formosa;;Asiste Policia y Libera;Mar del Plata;Buenos Aires;Argentina;La Rioja y Formosa;-57.5650797,-38.0149776;ok
1445;1;2024;7;Robo/Hurto Automotor;;;;Justo Santa Maria De Oro y Diagonal Estados Unidos De Norteamerica;;Asiste Policia y Libera;Mar del Plata;Buenos Aires;Argentina;Justo Santa Maria De Oro y Diagonal Estados Unidos De Norteamerica;-57.5564,-38.09194;ok
1446;1;2024;7;Robo/Hurto Automotor;;;;Tomas Alva Edison y Federico Garcia Lorca;;Asiste Policia y Libera;Mar del Plata;Buenos Aires;Argentina;Tomas Alva Edison y Federico Garcia Lorca;-57.5696592,-38.0592577;ok
1447;1;2024;7;Robo/Hurto Automotor;;;;Remedios De Escalada y Ituzaingo;;Se Realiza Seguimiento del Evento;Mar del Plata;Buenos Aires;Argentina;Remedios De Escalada y Ituzaingo;-57.5848805,-37.9674521;ok
1448;1;2024;7;Robo/Hurto Automotor;;;;El Cano y Marcelino Echegaray;;Se Realiza Seguimiento del Evento;Mar del Plata;Buenos Aires;Argentina;El Cano y Marcelino Echegaray;-57.60889,-37.99449;ok
1449;1;2024;7;Robo/Hurto Automotor;;;;Brown Almirante y Alsina;;No Asiste;Mar del Plata;Buenos Aires;Argentina;Brown Almirante y Alsina;-57.5398725,-38.0097197;ok
1450;1;2024;7;Robo/Hurto Automotor;;;;Brown Almirante y Alsina;;No Asiste;Mar del Plata;Buenos Aires;Argentina;Brown Almirante y Alsina;-57.5398725,-38.0097197;ok
1451;1;2024;7;Robo/Hurto Automotor;;;;Avenida Pedro Luro y Santa Fe;;Asiste Policia y Libera;Mar del Plata;Buenos Aires;Argentina;Avenida Pedro Luro y Santa Fe;-57.5442049,-37.9996299;ok
1452;1;2024;7;Robo/Hurto Automotor;;;;Arturo Alio y Garay Juan De;;Asiste Policia y Libera;Mar del Plata;Buenos Aires;Argentina;Arturo Alio y Garay Juan De;-57.6021452,-37.983913;ok
1453;1;2024;7;Robo/Hurto Automotor;;;;Avenida Juan B. Justo y España;;Se Realiza Seguimiento del Evento;Mar del Plata;Buenos Aires;Argentina;Avenida Juan B. Justo y España;-57.5739814,-38.0168136;ok
1454;1;2024;7;Robo/Hurto Automotor;;;;Avenida Vertiz y Juana Manso;;Se Realiza Seguimiento del Evento;Mar del Plata;Buenos Aires;Argentina;Avenida Vertiz y Juana Manso;-57.5792222,-38.0283412;ok
1455;1;2024;7;Robo/Hurto Automotor;;;;Miguel De Andrea Monseñor y Willian C Morris;;No Asiste;Mar del Plata;Buenos Aires;Argentina;Miguel De Andrea Monseñor y Willian C Morris;-57.54687,-38.07332;ok
1456;1;2024;7;Robo/Hurto Automotor;;;;Viña Del Mar y Guanahani;;Asiste Policia y Libera;Mar del Plata;Buenos Aires;Argentina;Viña Del Mar y Guanahani;-57.5841927,-38.0213136;ok
1457;1;2024;7;Robo/Hurto Automotor;;;;Willian C Morris y Bermejo;;No Asiste;Mar del Plata;Buenos Aires;Argentina;Willian C Morris y Bermejo;-57.5662678,-38.0591396;ok
1458;1;2024;7;Robo/Hurto Automotor;;;;Polonia y De La Plaza Fortunato;;Asiste Policia y Libera;Mar del Plata;Buenos Aires;Argentina;Polonia y De La Plaza Fortunato;-57.6036474,-38.0204463;ok
1459;1;2024;7;Robo/Hurto Automotor;;;;Moreno y Portugal;;LPR - Se realiza seguimiento del vehiculo;Mar del Plata;Buenos Aires;Argentina;Moreno y Portugal;-57.6171487,-37.9671251;ok
1460;1;2024;7;Robo/Hurto Automotor;;;;Esteban Gascon y Francia;;No Asiste;Mar del Plata;Buenos Aires;Argentina;Esteban Gascon y Francia;-57.5752461,-37.9942283;ok
1461;1;2024;7;Robo/Hurto Automotor;;;;Avenida Fermin Errea y Rio Negro;;Hallazgo Automotor;Mar del Plata;Buenos Aires;Argentina;Avenida Fermin Errea y Rio Negro;-57.6076473,-37.9493329;ok
1462;1;2024;7;Robo/Hurto Automotor;;;;Luciano Arrue y Ayacucho;;No Asiste;Mar del Plata;Buenos Aires;Argentina;Luciano Arrue y Ayacucho;-57.5916887,-37.9651245;ok
1463;1;2024;7;Robo/Hurto Automotor;;;;Avenida Pedro Luro y San Juan;;No Asiste;Mar del Plata;Buenos Aires;Argentina;Avenida Pedro Luro y San Juan;-57.5623682,-37.9904289;ok
1464;1;2024;7;Robo/Hurto Automotor;;;;Justo Santa Maria De Oro y Lituania;;No Asiste;Mar del Plata;Buenos Aires;Argentina;Justo Santa Maria De Oro y Lituania;-57.5521406,-38.0886306;ok
1465;1;2024;7;Robo/Hurto Automotor;;;;Hipolito Yrigoyen y Once de 09;;Asiste Policia y Libera;Mar del Plata;Buenos Aires;Argentina;Hipolito Yrigoyen y Once de 09;-57.5465725,-37.9938867;ok
1466;1;2024;7;Robo/Hurto Automotor;;;;Avenida Juan B. Justo y España;;No Asiste;Mar del Plata;Buenos Aires;Argentina;Avenida Juan B. Justo y España;-57.5739814,-38.0168136;ok
1467;1;2024;7;Robo/Hurto Automotor;;;;Hernandarias y Osvaldo Magnasco;;No Asiste;Mar del Plata;Buenos Aires;Argentina;Hernandarias y Osvaldo Magnasco;-57.5916167,-38.0151758;ok
1468;1;2024;7;Robo/Hurto Automotor;;;;Avellaneda Nicolas y Alvear;;No Asiste;Mar del Plata;Buenos Aires;Argentina;Avellaneda Nicolas y Alvear;-57.5419641,-38.0175562;ok
1469;1;2024;7;Robo/Hurto Automotor;;;;General Rafael De Riego y Ayolas;;No Asiste;Mar del Plata;Buenos Aires;Argentina;General Rafael De Riego y Ayolas;-57.5693274,-38.0284833;ok
1470;1;2024;7;Robo/Hurto Automotor;;;;Garay Juan De y Arenales;;No Asiste;Mar del Plata;Buenos Aires;Argentina;Garay Juan De y Arenales;-57.5470725,-38.011665;ok
1471;1;2024;7;Robo/Hurto Automotor;;;;Avenida Colon y Hector Tarantino;;No Asiste;Mar del Plata;Buenos Aires;Argentina;Avenida Colon y Hector Tarantino;-57.6397212,-37.9581162;ok
1472;1;2024;7;Robo/Hurto Automotor;;;;Sicilia y Roque Saenz Peña;;Asiste Policia y Libera;Mar del Plata;Buenos Aires;Argentina;Sicilia y Roque Saenz Peña;-57.5831088,-38.0424831;ok
1473;1;2024;7;Robo/Hurto Automotor;;;;Avenida Colon y Mejico;;Asiste Policia y Libera;Mar del Plata;Buenos Aires;Argentina;Avenida Colon y Mejico;-57.57738,-37.98968;ok
1474;1;2024;7;Robo/Hurto Automotor;;;;Santa Cruz y Victoriano E. Montes;;Asiste Policia y Libera;Mar del Plata;Buenos Aires;Argentina;Santa Cruz y Victoriano E. Montes;-57.5717311,-37.9686286;ok
1475;1;2024;7;Robo/Hurto Automotor;;;;Avenida Patricio Peralta Ramos y Formosa;;Asiste Policia y Libera;Mar del Plata;Buenos Aires;Argentina;Avenida Patricio Peralta Ramos y Formosa;-57.5346426,-38.0302613;ok
1476;1;2024;7;Robo/Hurto Automotor;;;;Paseo Victoria Ocampo y Acceso A Escollera Norte;;Hallazgo Automotor;Mar del Plata;Buenos Aires;Argentina;Paseo Victoria Ocampo y Acceso A Escollera Norte;-57.5339843,-38.028355;ok
1477;1;2024;7;Robo/Hurto Automotor;;;;Mitre Bartolome y Castelli Juan Jose;;Asiste Bomberos;Mar del Plata;Buenos Aires;Argentina;Mitre Bartolome y Castelli Juan Jose;-57.5568442,-38.0078324;ok
1478;1;2024;7;Robo/Hurto Automotor;;;;Roque Saenz Peña y Juan Bautista Azopardo;;No Asiste;Mar del Plata;Buenos Aires;Argentina;Roque Saenz Peña y Juan Bautista Azopardo;-57.5732495,-38.0342254;ok
1479;1;2024;7;Robo/Hurto Automotor;;;;Marcelo T. De Alvear y Tripulantes Del Fournier;;Asiste Policia y Libera;Mar del Plata;Buenos Aires;Argentina;Marcelo T. De Alvear y Tripulantes Del Fournier;-57.5683519,-38.04321;ok
1480;1;2024;7;Robo/Hurto Automotor;;;;Rivadavia y Santa Fe;;Asiste Policia y Libera;Mar del Plata;Buenos Aires;Argentina;Rivadavia y Santa Fe;-57.5455414,-38.0012994;ok
1481;1;2024;7;Robo/Hurto Automotor;;;;Leonardo Rosales y Antonio Maria Gianelli;;No Asiste;Mar del Plata;Buenos Aires;Argentina;Leonardo Rosales y Antonio Maria Gianelli;-57.56928,-38.03991;ok
1482;1;2024;7;Robo/Hurto Automotor;;;;Avenida Pedro Luro y Arturo Alio;;Asiste Policia y Libera;Mar del Plata;Buenos Aires;Argentina;Avenida Pedro Luro y Arturo Alio;-57.59438,-37.97411;ok
1483;1;2024;7;Robo/Hurto Automotor;;;;La Torcacita y General Mosconi;;Asiste Policia y Libera;Mar del Plata;Buenos Aires;Argentina;La Torcacita y General Mosconi;-57.5666151,-38.0671242;ok
1484;1;2024;7;Robo/Hurto Automotor;;;;Catamarca y Vieytes;;Asiste Policia y Libera;Mar del Plata;Buenos Aires;Argentina;Catamarca y Vieytes;-57.5687218,-38.0175952;ok
1485;1;2024;7;Robo/Hurto Automotor;;;;De Los Reservistas y El Cano;;Asiste Policia y Libera;Mar del Plata;Buenos Aires;Argentina;De Los Reservistas y El Cano;-57.6018897,-37.9998088;ok
1486;1;2024;7;Robo/Hurto Automotor;;;;España y Once de 09;;Asiste Policia y Libera;Mar del Plata;Buenos Aires;Argentina;España y Once de 09;-57.5527931,-37.9905249;ok
1487;1;2024;7;Robo/Hurto Automotor;;;;Don Bosco y Primera Junta;;Asiste Policia y Libera;Mar del Plata;Buenos Aires;Argentina;Don Bosco y Primera Junta;-57.5806137,-38.002499;ok
1488;1;2024;7;Robo/Hurto Automotor;;;;Alvarado Rudecindo y Olazabal Felix De;;Asiste Policia y Libera;Mar del Plata;Buenos Aires;Argentina;Alvarado Rudecindo y Olazabal Felix De;-57.5704088,-38.0020222;ok
1489;1;2024;8;Robo/Hurto Automotor;;;;Avenida Patricio Peralta Ramos y Belgrano;;Asiste Policia y Libera;Mar del Plata;Buenos Aires;Argentina;Avenida Patricio Peralta Ramos y Belgrano;-57.5426097,-38.003658;ok
1490;1;2024;8;Robo/Hurto Automotor;;;;Pigue y Santa Cruz;;Asiste Policia y Libera;Mar del Plata;Buenos Aires;Argentina;Pigue y Santa Cruz;-57.5958473,-37.9562786;ok
1491;1;2024;8;Robo/Hurto Automotor;;;;Avenida Pedro Luro y San Juan;;Asiste Policia y Libera;Mar del Plata;Buenos Aires;Argentina;Avenida Pedro Luro y San Juan;-57.5623682,-37.9904289;ok
1492;1;2024;8;Robo/Hurto Automotor;;;;Napoles y Alejandro Aguado;;Se Realiza Seguimiento del Evento;Mar del Plata;Buenos Aires;Argentina;Napoles y Alejandro Aguado;-57.5578999,-38.0589642;ok
1493;1;2024;8;Robo/Hurto Automotor;;;;Benito Lynch y Talcahuano;;LPR - Se realiza seguimiento del vehiculo;Mar del Plata;Buenos Aires;Argentina;Benito Lynch y Talcahuano;-57.5914491,-38.0441375;ok
1494;1;2024;8;Robo/Hurto Automotor;;;;Avenida Juan Jose Paso y Salta;;No Asiste;Mar del Plata;Buenos Aires;Argentina;Avenida Juan Jose Paso y Salta;-57.57018,-38.01582;ok
1495;1;2024;8;Robo/Hurto Automotor;;;;Esteban Gascon y Corrientes;;No Asiste;Mar del Plata;Buenos Aires;Argentina;Esteban Gascon y Corrientes;-57.5491693,-38.0072137;ok
1496;1;2024;8;Robo/Hurto Automotor;;;;Funes Gregorio y Belgrano;;Asiste Policia y Libera;Mar del Plata;Buenos Aires;Argentina;Funes Gregorio y Belgrano;-57.5623132,-37.9937068;ok
1497;1;2024;8;Robo/Hurto Automotor;;;;Napoles y Alejandro Aguado;;No Asiste;Mar del Plata;Buenos Aires;Argentina;Napoles y Alejandro Aguado;-57.5578248,-38.0589219;ok
1498;1;2024;8;Robo/Hurto Automotor;;;;Concepcion Arenal y Godofredo Daireaux;;No Asiste;Mar del Plata;Buenos Aires;Argentina;Concepcion Arenal y Godofredo Daireaux;-57.5655766,-37.9628039;ok
1499;1;2024;8;Robo/Hurto Automotor;;;;Rawson y Lamadrid;;No Asiste;Mar del Plata;Buenos Aires;Argentina;Rawson y Lamadrid;-57.545401,-38.0113211;ok
1500;1;2024;8;Robo/Hurto Automotor;;;;Jacinto Peralta Ramos y De La Plaza Fortunato;;Asiste Policia y Libera;Mar del Plata;Buenos Aires;Argentina;Jacinto Peralta Ramos y De La Plaza Fortunato;-57.5877079,-38.032636;ok
1501;1;2024;8;Robo/Hurto Automotor;;;;Salta y Avenida Pedro Luro;;LPR - Se realiza seguimiento del vehiculo;Mar del Plata;Buenos Aires;Argentina;Salta y Avenida Pedro Luro;-57.5534163,-37.994783;ok
1502;1;2024;8;Robo/Hurto Automotor;;;;Darregueyra Jose y Mario Bravo;;No Asiste;Mar del Plata;Buenos Aires;Argentina;Darregueyra Jose y Mario Bravo;-57.5511924,-38.0753318;ok
1503;1;2024;8;Robo/Hurto Automotor;;;;Solis y Pescadores;;No Asiste;Mar del Plata;Buenos Aires;Argentina;Solis y Pescadores;-57.5430187,-38.0415866;ok
1504;1;2024;8;Robo/Hurto Automotor;;;;Arana Y Goiri y Juan Vucetich;;No Asiste;Mar del Plata;Buenos Aires;Argentina;Arana Y Goiri y Juan Vucetich;-57.5519245,-38.0568947;ok
1505;1;2024;8;Robo/Hurto Automotor;;;;Olazabal Felix De y Ayacucho;;No Asiste;Mar del Plata;Buenos Aires;Argentina;Olazabal Felix De y Ayacucho;-57.5554745,-37.9834867;ok
1506;1;2024;8;Robo/Hurto Automotor;;;;Teodoro Bronzini y Ituzaingo;;No Asiste;Mar del Plata;Buenos Aires;Argentina;Teodoro Bronzini y Ituzaingo;-57.5719961,-37.9740149;ok
1507;1;2024;8;Robo/Hurto Automotor;;;;Solis y Eduardo Peralta Ramos;;No Asiste;Mar del Plata;Buenos Aires;Argentina;Solis y Eduardo Peralta Ramos;-57.5942106,-38.0028835;ok
1508;1;2024;8;Robo/Hurto Automotor;;;;Genova y Friuli;;Asiste Policia y Libera;Mar del Plata;Buenos Aires;Argentina;Genova y Friuli;-57.5964358,-38.031208;ok
1509;1;2024;8;Robo/Hurto Automotor;;;;Aristobulo Del Valle y Saavedra Cornelio;;Asiste Policia y Libera;Mar del Plata;Buenos Aires;Argentina;Aristobulo Del Valle y Saavedra Cornelio;-57.5342037,-38.0270945;ok
1510;1;2024;8;Robo/Hurto Automotor;;;;Mitre Bartolome y Moreno;;Asiste Policia y Libera;Mar del Plata;Buenos Aires;Argentina;Mitre Bartolome y Moreno;-57.5508616,-38.0005984;ok
1511;1;2024;8;Robo/Hurto Automotor;;;;De La Plaza Fortunato y Tomas Alva Edison;;Asiste Policia y Libera;Mar del Plata;Buenos Aires;Argentina;De La Plaza Fortunato y Tomas Alva Edison;-57.5613573,-38.0524675;ok
1512;1;2024;8;Robo/Hurto Automotor;;;;Santa Fe y Matheu Domingo;;No Asiste;Mar del Plata;Buenos Aires;Argentina;Santa Fe y Matheu Domingo;-57.55743,-38.01771;ok
1513;1;2024;8;Robo/Hurto Automotor;;;;20 De Setiembre y Formosa;;Asiste Policia y Libera;Mar del Plata;Buenos Aires;Argentina;20 De Setiembre y Formosa;-57.5712149,-38.0116902;ok
1514;1;2024;8;Robo/Hurto Automotor;;;;Guanahani y Jose Luis Geronimo Camusso Intendente;;Asiste Policia y Libera;Mar del Plata;Buenos Aires;Argentina;Guanahani y Jose Luis Geronimo Camusso Intendente;-57.591509,-38.0165418;ok
1515;1;2024;8;Robo/Hurto Automotor;;;;Osvaldo Magnasco y De La Plaza Fortunato;;No Asiste;Mar del Plata;Buenos Aires;Argentina;Osvaldo Magnasco y De La Plaza Fortunato;-57.6007431,-38.0226172;ok
1516;1;2024;8;Robo/Hurto Automotor;;;;Balcarce y Guillermo Marconi Ingeniero;;No Asiste;Mar del Plata;Buenos Aires;Argentina;Balcarce y Guillermo Marconi Ingeniero;-57.5692508,-37.9811653;ok
1517;1;2024;8;Robo/Hurto Automotor;;;;Avenida Colon y Champagnat;;Asiste Policia y Libera;Mar del Plata;Buenos Aires;Argentina;Avenida Colon y Champagnat;-57.5870464,-37.9846757;ok
1518;1;2024;8;Robo/Hurto Automotor;;;;Alvarado Rudecindo y Alsina;;Asiste Policia y Libera;Mar del Plata;Buenos Aires;Argentina;Alvarado Rudecindo y Alsina;-57.5443705,-38.0152951;ok
1519;1;2024;8;Robo/Hurto Automotor;;;;Alfonsina Storni y Ricardo Palma;;Asiste Policia y Libera;Mar del Plata;Buenos Aires;Argentina;Alfonsina Storni y Ricardo Palma;-57.5538527,-37.955116;ok
1520;1;2024;8;Robo/Hurto Automotor;;;;Ayacucho y Francia;;Asiste Policia y Libera;Mar del Plata;Buenos Aires;Argentina;Ayacucho y Francia;-57.5635023,-37.979444;ok
1521;1;2024;8;Robo/Hurto Automotor;;;;Cabo Corrientes y Calle 58;;Asiste Policia y Libera;Mar del Plata;Buenos Aires;Argentina;Cabo Corrientes y Calle 58;-57.6117958,-38.0776517;ok
1522;1;2024;8;Robo/Hurto Automotor;;;;Rodriguez Peña y Gamal Abdel Nasser;;Hallazgo Automotor;Mar del Plata;Buenos Aires;Argentina;Rodriguez Peña y Gamal Abdel Nasser;-57.600171,-37.9915238;ok
1523;1;2024;8;Robo/Hurto Automotor;;;;Falucho y Aristobulo Del Valle;;Hallazgo Automotor;Mar del Plata;Buenos Aires;Argentina;Falucho y Aristobulo Del Valle;-57.5265637,-38.0175512;ok
1524;1;2024;8;Robo/Hurto Automotor;;;;Italia y Avenida Colon;;Asiste Policia y Libera;Mar del Plata;Buenos Aires;Argentina;Italia y Avenida Colon;-57.570264,-37.9933186;ok
1525;1;2024;8;Robo/Hurto Automotor;;;;Avenida Juan B. Justo y Juramento;;Asiste Policia y Libera;Mar del Plata;Buenos Aires;Argentina;Avenida Juan B. Justo y Juramento;-57.5519043,-38.0336006;ok
1526;1;2024;8;Robo/Hurto Automotor;;;;Avenida Vertiz y Casildo Villar;;Asiste Policia y Libera;Mar del Plata;Buenos Aires;Argentina;Avenida Vertiz y Casildo Villar;-57.5820354,-38.0262857;ok
1527;1;2024;8;Robo/Hurto Automotor;;;;Onesimo Leguizamon y Avenida Juan B. Justo;;No Asiste;Mar del Plata;Buenos Aires;Argentina;Onesimo Leguizamon y Avenida Juan B. Justo;-57.6222209,-37.9803029;ok
1528;1;2024;8;Robo/Hurto Automotor;;;;Avenida Colon y Tres Arroyos;;Asiste Policia y Libera;Mar del Plata;Buenos Aires;Argentina;Avenida Colon y Tres Arroyos;-57.5903632,-37.9831302;ok
1529;1;2024;8;Robo/Hurto Automotor;;;;General Manuel N. Savio y Arana Y Goiri;;Asiste Policia y Libera;Mar del Plata;Buenos Aires;Argentina;General Manuel N. Savio y Arana Y Goiri;-57.578058,-38.0369634;ok
1530;1;2024;8;Robo/Hurto Automotor;;;;Eduardo G. Carasa y Horacio Gaudini;;Asiste Policia y Libera;Mar del Plata;Buenos Aires;Argentina;Eduardo G. Carasa y Horacio Gaudini;-57.5947559,-38.0259366;ok
1531;1;2024;8;Robo/Hurto Automotor;;;;Santiago Del Estero y Avellaneda Nicolas;;Asiste Policia y Libera;Mar del Plata;Buenos Aires;Argentina;Santiago Del Estero y Avellaneda Nicolas;-57.5550101,-38.0110274;ok
1532;1;2024;8;Robo/Hurto Automotor;;;;Lebensohn Moises y Jose Hernandez;;LPR - Se realiza seguimiento del vehiculo;Mar del Plata;Buenos Aires;Argentina;Lebensohn Moises y Jose Hernandez;-57.5708842,-38.046514;ok
1533;1;2024;8;Robo/Hurto Automotor;;;;Avenida Independencia y Manuel Quintana;;Asiste Policia y Libera;Mar del Plata;Buenos Aires;Argentina;Avenida Independencia y Manuel Quintana;-57.5665124,-38.01314;ok
1534;1;2024;8;Robo/Hurto Automotor;;;;Avenida Pedro Luro y Portugal;;Asiste Policia y Libera;Mar del Plata;Buenos Aires;Argentina;Avenida Pedro Luro y Portugal;-57.6144867,-37.9640555;ok
1535;1;2024;8;Robo/Hurto Automotor;;;;Reforma Universitaria Bis y Hernandarias;;Asiste Policia y Libera;Mar del Plata;Buenos Aires;Argentina;Reforma Universitaria Bis y Hernandarias;-57.5998342,-38.0090936;ok
1536;1;2024;8;Robo/Hurto Automotor;;;;Malvinas y Once de 09;;Asiste Policia y Libera;Mar del Plata;Buenos Aires;Argentina;Malvinas y Once de 09;-57.5769038,-37.9783511;ok
1537;1;2024;8;Robo/Hurto Automotor;;;;Jacinto Peralta Ramos y Ayolas;;Asiste Policia y Libera;Mar del Plata;Buenos Aires;Argentina;Jacinto Peralta Ramos y Ayolas;-57.5761871,-38.0230871;ok
1538;1;2024;8;Robo/Hurto Automotor;;;;Avenida de los Trabajadores y Sicilia;;Asiste Policia y Libera;Mar del Plata;Buenos Aires;Argentina;Avenida de los Trabajadores y Sicilia;-57.5478218,-38.0690689;ok
1539;1;2024;8;Robo/Hurto Automotor;;;;Las Heras y Esteban Gascon;;LPR - Se realiza seguimiento del vehiculo;Mar del Plata;Buenos Aires;Argentina;Las Heras y Esteban Gascon;-57.5431699,-38.0103098;ok
1540;1;2024;8;Robo/Hurto Automotor;;;;Federico C. Beltrami Ingeniero y Genova;;Se Realiza Seguimiento del Evento;Mar del Plata;Buenos Aires;Argentina;Federico C. Beltrami Ingeniero y Genova;-57.560282,-38.0583123;ok
1541;1;2024;8;Robo/Hurto Automotor;;;;La Pampa y San Martin;;Asiste Policia y Libera;Mar del Plata;Buenos Aires;Argentina;La Pampa y San Martin;-57.564092,-37.9906058;ok
1542;1;2024;8;Robo/Hurto Automotor;;;;Olazabal Felix De y Nueve de 07;;Se Realiza Seguimiento del Evento;Mar del Plata;Buenos Aires;Argentina;Olazabal Felix De y Nueve de 07;-57.5600214,-37.9891068;ok
1543;1;2024;8;Robo/Hurto Automotor;;;;Santiago Del Estero y Alberti Manuel;;Asiste Policia y Libera;Mar del Plata;Buenos Aires;Argentina;Santiago Del Estero y Alberti Manuel;-57.5517667,-38.0072076;ok
1544;1;2024;8;Robo/Hurto Automotor;;;;Mariano Castex y Puan;;Asiste Policia y Libera;Mar del Plata;Buenos Aires;Argentina;Mariano Castex y Puan;-57.593059,-38.0311651;ok
1545;1;2024;8;Robo/Hurto Automotor;;;;Jose Marmol y Valencia;;Asiste Policia y Libera;Mar del Plata;Buenos Aires;Argentina;Jose Marmol y Valencia;-57.5442147,-37.9713288;ok
1546;1;2024;8;Robo/Hurto Automotor;;;;Olazabal Felix De y Avenida Libertad;;Se Realiza Seguimiento del Evento;Mar del Plata;Buenos Aires;Argentina;Olazabal Felix De y Avenida Libertad;-57.5574704,-37.9858953;ok
1547;1;2024;8;Robo/Hurto Automotor;;;;Sarmiento y Alvarado Rudecindo;;No Asiste;Mar del Plata;Buenos Aires;Argentina;Sarmiento y Alvarado Rudecindo;-57.5453405,-38.014733;ok
1548;1;2024;8;Robo/Hurto Automotor;;;;San Martin y 20 De Setiembre;;No Asiste;Mar del Plata;Buenos Aires;Argentina;San Martin y 20 De Setiembre;-57.5570348,-37.9941597;ok
1549;1;2024;8;Robo/Hurto Automotor;;;;Tucuman y San Lorenzo;;Asiste Policia y Libera;Mar del Plata;Buenos Aires;Argentina;Tucuman y San Lorenzo;-57.5505978,-38.0142784;ok
1550;1;2024;8;Robo/Hurto Automotor;;;;Jose Lanzilota y Tripulantes Del Fournier;;Asiste Policia y Libera;Mar del Plata;Buenos Aires;Argentina;Jose Lanzilota y Tripulantes Del Fournier;-57.5641053,-38.0450907;ok
1551;1;2024;8;Robo/Hurto Automotor;;;;Heguilor Domingo y Magallanes;;LPR - Se realiza seguimiento del vehiculo;Mar del Plata;Buenos Aires;Argentina;Heguilor Domingo y Magallanes;-57.5983448,-38.0049161;ok
1552;1;2024;8;Robo/Hurto Automotor;;;;Alberti Manuel y Tucuman;;No Asiste;Mar del Plata;Buenos Aires;Argentina;Alberti Manuel y Tucuman;-57.5468185,-38.009556;ok
1553;1;2024;8;Robo/Hurto Automotor;;;;Carlos Tejedor y Lopez De Gomara Justo;;No Asiste;Mar del Plata;Buenos Aires;Argentina;Carlos Tejedor y Lopez De Gomara Justo;-57.5550188,-37.9669496;ok
1554;1;2024;8;Robo/Hurto Automotor;;;;Belgrano y Arturo Alio;;Asiste Policia y Libera;Mar del Plata;Buenos Aires;Argentina;Belgrano y Arturo Alio;-57.596434,-37.9766067;ok
1555;1;2024;8;Robo/Hurto Automotor;;;;Juan Bautista Azopardo y Juana Manso;;Asiste Policia y Libera;Mar del Plata;Buenos Aires;Argentina;Juan Bautista Azopardo y Juana Manso;-57.5800253,-38.0289908;ok
1556;1;2024;8;Robo/Hurto Automotor;;;;Maipu y Bordabehere Enzo;;Asiste Policia y Libera;Mar del Plata;Buenos Aires;Argentina;Maipu y Bordabehere Enzo;-57.5808131,-37.9730543;ok
1557;1;2024;8;Robo/Hurto Automotor;;;;Acha y El Cano;;Asiste Policia y Libera;Mar del Plata;Buenos Aires;Argentina;Acha y El Cano;-57.5465182,-38.0414434;ok
1558;1;2024;8;Robo/Hurto Automotor;;;;General Rafael De Riego y Solis;;Persecucion Y Detencion;Mar del Plata;Buenos Aires;Argentina;General Rafael De Riego y Solis;-57.5650795,-38.0250242;ok
1559;1;2024;8;Robo/Hurto Automotor;;;;Rawson y Avenida Fermin Errea;;LPR - Se realiza seguimiento del vehiculo;Mar del Plata;Buenos Aires;Argentina;Rawson y Avenida Fermin Errea;-57.625732,-37.9707033;ok
1560;1;2024;8;Robo/Hurto Automotor;;;;Ortiz De Zarate y Juana Manso;;Asiste Unidad Sanitaria y Traslada;Mar del Plata;Buenos Aires;Argentina;Ortiz De Zarate y Juana Manso;-57.5759775,-38.025706;ok
1561;1;2024;8;Robo/Hurto Automotor;;;;14 De julio y Moreno;;No Asiste;Mar del Plata;Buenos Aires;Argentina;14 De julio y Moreno;-57.5599902,-37.9959976;ok
1562;1;2024;8;Robo/Hurto Automotor;;;;Calabria y Dolores Membrives;;Asiste Policia y Libera;Mar del Plata;Buenos Aires;Argentina;Calabria y Dolores Membrives;-57.5953151,-38.0346566;ok
1563;1;2024;8;Robo/Hurto Automotor;;;;Acha y Lebensohn Moises;;No Asiste;Mar del Plata;Buenos Aires;Argentina;Acha y Lebensohn Moises;-57.5613822,-38.0537036;ok
1564;1;2024;8;Robo/Hurto Automotor;;;;Almafuerte y Salta;;No Asiste;Mar del Plata;Buenos Aires;Argentina;Almafuerte y Salta;-57.5688301,-38.0139901;ok
1565;1;2024;8;Robo/Hurto Automotor;;;;Santa Fe y Moreno;;No Asiste;Mar del Plata;Buenos Aires;Argentina;Santa Fe y Moreno;-57.5467985,-38.0026687;ok
1566;1;2024;8;Robo/Hurto Automotor;;;;calle 0 y calle421;;No Asiste;Mar del Plata;Buenos Aires;Argentina;calle 0 y calle421;-57.5647939,-38.0996326;ok
1567;1;2024;8;Robo/Hurto Automotor;;;;Jose Ignacio Thames y Diagonal Dalmacio Velez Sarsfield;;Asiste Policia y Libera;Mar del Plata;Buenos Aires;Argentina;Jose Ignacio Thames y Diagonal Dalmacio Velez Sarsfield;-57.5488177,-38.0883893;ok
1568;1;2024;8;Robo/Hurto Automotor;;;;Cerrito y Puan;;Asiste Policia y Libera;Mar del Plata;Buenos Aires;Argentina;Cerrito y Puan;-57.5734367,-38.04606;ok
1569;1;2024;8;Robo/Hurto Automotor;;;;Hipolito Bouchard y Jacinto Peralta Ramos;;Asiste Policia y Libera;Mar del Plata;Buenos Aires;Argentina;Hipolito Bouchard y Jacinto Peralta Ramos;-57.5827199,-38.0283646;ok
1570;1;2024;8;Robo/Hurto Automotor;;;;Udine y Ratery Ingeniero;;Asiste Unidad Sanitaria y Traslada;Mar del Plata;Buenos Aires;Argentina;Udine y Ratery Ingeniero;-57.5947796,-38.027305;ok
1571;1;2024;8;Robo/Hurto Automotor;;;;Tres Arroyos y Rivadavia;;Asiste Policia y Libera;Mar del Plata;Buenos Aires;Argentina;Tres Arroyos y Rivadavia;-57.5877492,-37.9799257;ok
1572;1;2024;8;Robo/Hurto Automotor;;;;Pedro Miguel Araoz y Calabria;;Hallazgo Automotor;Mar del Plata;Buenos Aires;Argentina;Pedro Miguel Araoz y Calabria;-57.5507521,-38.0681974;ok
1573;1;2024;8;Robo/Hurto Automotor;;;;Napoles y Osvaldo Magnasco;;Se Realiza Seguimiento del Evento;Mar del Plata;Buenos Aires;Argentina;Napoles y Osvaldo Magnasco;-57.6032746,-38.0246952;ok
1574;1;2024;8;Robo/Hurto Automotor;;;;Avenida Independencia y Once de 09;;Asiste Policia y Libera;Mar del Plata;Buenos Aires;Argentina;Avenida Independencia y Once de 09;-57.5497407,-37.9920681;ok
1575;1;2024;8;Robo/Hurto Automotor;;;;De Las Olimpiadas y De Los Jubilados;;No Asiste;Mar del Plata;Buenos Aires;Argentina;De Las Olimpiadas y De Los Jubilados;-57.578948,-38.0176985;ok
1576;1;2024;8;Robo/Hurto Automotor;;;;Nueve de Julio y Dorrego;;Asiste Policia y Libera;Mar del Plata;Buenos Aires;Argentina;Nueve de Julio y Dorrego;-57.5570756,-37.9905469;ok
1577;1;2024;8;Robo/Hurto Automotor;;;;Chaco y Rivadavia;;Asiste Policia y Libera;Mar del Plata;Buenos Aires;Argentina;Chaco y Rivadavia;-57.5657024,-37.991062;ok
1578;1;2024;8;Robo/Hurto Automotor;;;;Salta y Ayacucho;;No Asiste;Mar del Plata;Buenos Aires;Argentina;Salta y Ayacucho;-57.5474837,-37.9874887;ok
1579;1;2024;8;Robo/Hurto Automotor;;;;Avenida Juan Jose Paso y Carlos Pellegrini;;No Asiste;Mar del Plata;Buenos Aires;Argentina;Avenida Juan Jose Paso y Carlos Pellegrini;-57.5410834,-38.0305509;ok
1580;1;2024;8;Robo/Hurto Automotor;;;;Estancia la Moringa y Ruta 11;;No Asiste;Mar del Plata;Buenos Aires;Argentina;Estancia la Moringa y Ruta 11;-57.6116934,-38.1441541;ok
1581;1;2024;8;Robo/Hurto Automotor;;;;Hipolito Yrigoyen y Manuel Quintana;;Asiste Policia y Libera;Mar del Plata;Buenos Aires;Argentina;Hipolito Yrigoyen y Manuel Quintana;-57.5627398,-38.0137981;ok
1582;1;2024;8;Robo/Hurto Automotor;;;;Victoriano E. Montes y Ayacucho;;Detencion;Mar del Plata;Buenos Aires;Argentina;Victoriano E. Montes y Ayacucho;-57.57406,-37.96641;ok
1583;1;2024;8;Robo/Hurto Automotor;;;;Pesquero Quo Vadis y Fragata Sarmiento;;Asiste Policia y Libera;Mar del Plata;Buenos Aires;Argentina;Pesquero Quo Vadis y Fragata Sarmiento;-57.5725643,-38.0688231;ok
1584;1;2024;8;Robo/Hurto Automotor;;;;Brown Almirante y Cordoba;;Asiste Policia y Libera;Mar del Plata;Buenos Aires;Argentina;Brown Almirante y Cordoba;-57.55082,-38.00433;ok
1585;1;2024;8;Robo/Hurto Automotor;;;;Leonardo Rosales y Alejandro Fleming;;Asiste Policia y Libera;Mar del Plata;Buenos Aires;Argentina;Leonardo Rosales y Alejandro Fleming;-57.5710987,-38.0383978;ok
1586;1;2024;8;Robo/Hurto Automotor;;;;Lebensohn Moises y Roque Saenz Peña;;No Asiste;Mar del Plata;Buenos Aires;Argentina;Lebensohn Moises y Roque Saenz Peña;-57.5798333,-38.0398176;ok
1587;1;2024;8;Robo/Hurto Automotor;;;;Belgrano y Catorce de 07;;Se Realiza Seguimiento del Evento;Mar del Plata;Buenos Aires;Argentina;Belgrano y Catorce de 07;-57.5593288,-37.9952713;ok
1588;1;2024;8;Robo/Hurto Automotor;;;;Avenida Independencia y Avellaneda Nicolas;;Asiste Policia y Libera;Mar del Plata;Buenos Aires;Argentina;Avenida Independencia y Avellaneda Nicolas;-57.562,-38.00758;ok
1589;1;2024;8;Robo/Hurto Automotor;;;;Chile y San Martin;;LPR - Se realiza seguimiento del vehiculo;Mar del Plata;Buenos Aires;Argentina;Chile y San Martin;-57.575186,-37.9850563;ok
1590;1;2024;8;Robo/Hurto Automotor;;;;Entre Rios y Rivadavia;;Detencion;Mar del Plata;Buenos Aires;Argentina;Entre Rios y Rivadavia;-57.543554,-38.0023131;ok
1591;1;2024;8;Robo/Hurto Automotor;;;;San Luis y San Martin;;Asiste Policia y Libera;Mar del Plata;Buenos Aires;Argentina;San Luis y San Martin;-57.5479,-37.99895;ok
1592;1;2024;8;Robo/Hurto Automotor;;;;Entre Rios y San Martin;;Asiste Policia y Libera;Mar del Plata;Buenos Aires;Argentina;Entre Rios y San Martin;-57.5429804,-38.0012865;ok
1593;1;2024;8;Robo/Hurto Automotor;;;;Avenida de los Trabajadores y Antonio Saenz;;Asiste Policia y Libera;Mar del Plata;Buenos Aires;Argentina;Avenida de los Trabajadores y Antonio Saenz;-57.543158,-38.078161;ok
1594;1;2024;8;Robo/Hurto Automotor;;;;Talcahuano y Tripulantes Del Fournier;;Asiste Policia y Libera;Mar del Plata;Buenos Aires;Argentina;Talcahuano y Tripulantes Del Fournier;-57.579061,-38.033721;ok
1595;1;2024;8;Robo/Hurto Automotor;;;;12 De octubre y Bermejo;;Asiste Policia y Libera;Mar del Plata;Buenos Aires;Argentina;12 De octubre y Bermejo;-57.546471,-38.0427344;ok
1596;1;2024;8;Robo/Hurto Automotor;;;;Esteban Echeverria y San Salvador;;LPR - Se realiza seguimiento del vehiculo;Mar del Plata;Buenos Aires;Argentina;Esteban Echeverria y San Salvador;-57.5699563,-38.0339706;ok
1597;1;2024;8;Robo/Hurto Automotor;;;;Venezuela y Tomas Falkner;;LPR - Se realiza seguimiento del vehiculo;Mar del Plata;Buenos Aires;Argentina;Venezuela y Tomas Falkner;-57.6064373,-37.9486869;ok
1598;1;2024;8;Robo/Hurto Automotor;;;;San Juan y Diagonal Ombu;;Asiste Policia y Libera;Mar del Plata;Buenos Aires;Argentina;San Juan y Diagonal Ombu;-57.5765691,-38.008042;ok
1599;1;2024;8;Robo/Hurto Automotor;;;;Isla Elefante y Cerro Nevado;;Asiste Policia y Libera;Mar del Plata;Buenos Aires;Argentina;Isla Elefante y Cerro Nevado;-57.534041,-37.8934117;ok
1600;1;2024;8;Robo/Hurto Automotor;;;;Florisbelo Acosta y General Jose Gervasio Artigas;;Asiste Policia y Libera;Mar del Plata;Buenos Aires;Argentina;Florisbelo Acosta y General Jose Gervasio Artigas;-57.5592697,-37.9672352;ok
1601;1;2024;8;Robo/Hurto Automotor;;;;Avenida Vertiz y Florencio Sanchez;;Asiste Policia y Libera;Mar del Plata;Buenos Aires;Argentina;Avenida Vertiz y Florencio Sanchez;-57.5801553,-38.0276683;ok
1602;1;2024;8;Robo/Hurto Automotor;;;;La Rioja y Manuel Quintana;;Asiste Policia y Libera;Mar del Plata;Buenos Aires;Argentina;La Rioja y Manuel Quintana;-57.5638149,-38.0132099;ok
1603;1;2024;8;Robo/Hurto Automotor;;;;Cerrito y Federico Garcia Lorca;;Asiste Policia y Libera;Mar del Plata;Buenos Aires;Argentina;Cerrito y Federico Garcia Lorca;-57.57992,-38.05148;ok
1604;1;2024;8;Robo/Hurto Automotor;;;;Los Arrayanes y Los Duraznos;;Asiste Policia y Libera;Mar del Plata;Buenos Aires;Argentina;Los Arrayanes y Los Duraznos;-57.549216,-37.932763;ok
1605;1;2024;8;Robo/Hurto Automotor;;;;Ciudad De Dolores y Tripulantes Del Fournier;;LPR - Se realiza seguimiento del vehiculo;Mar del Plata;Buenos Aires;Argentina;Ciudad De Dolores y Tripulantes Del Fournier;-57.5870209,-38.0277619;ok
1606;1;2024;8;Robo/Hurto Automotor;;;;Venezuela y Rivadavia;;LPR - Se realiza seguimiento del vehiculo;Mar del Plata;Buenos Aires;Argentina;Venezuela y Rivadavia;-57.6188464,-37.9640048;ok
1607;1;2024;8;Robo/Hurto Automotor;;;;Champagnat y Moreno;;Asiste Policia y Libera;Mar del Plata;Buenos Aires;Argentina;Champagnat y Moreno;-57.5850783,-37.9834672;ok
1608;1;2024;8;Robo/Hurto Automotor;;;;Pedro Goyena y Moreno;;No Asiste;Mar del Plata;Buenos Aires;Argentina;Pedro Goyena y Moreno;-57.6411234,-37.9546088;ok
1609;1;2024;8;Robo/Hurto Automotor;;;;Guillermo Marconi Ingeniero y Ituzaingo;;No Asiste;Mar del Plata;Buenos Aires;Argentina;Guillermo Marconi Ingeniero y Ituzaingo;-57.565926,-37.9770544;ok
1610;1;2024;8;Robo/Hurto Automotor;;;;Avenida Juan B. Justo y Diagonal Santa Cecilia;;Se Realiza Seguimiento del Evento;Mar del Plata;Buenos Aires;Argentina;Avenida Juan B. Justo y Diagonal Santa Cecilia;-57.557851,-38.0291066;ok
1611;1;2024;8;Robo/Hurto Automotor;;;;25 De mayo y Cordoba;;Asiste Policia y Libera;Mar del Plata;Buenos Aires;Argentina;25 De mayo y Cordoba;-57.5470348,-37.997893;ok
1612;1;2024;8;Robo/Hurto Automotor;;;;Chile y Alvarado Rudecindo;;Asiste Policia y Libera;Mar del Plata;Buenos Aires;Argentina;Chile y Alvarado Rudecindo;-57.5835574,-37.9955749;ok
1613;1;2024;8;Robo/Hurto Automotor;;;;Avenida Independencia y Rawson;;Asiste Policia y Libera;Mar del Plata;Buenos Aires;Argentina;Avenida Independencia y Rawson;-57.55946,-38.00441;ok
1614;1;2024;8;Robo/Hurto Automotor;;;;Brown Almirante y Tandil;;No Asiste;Mar del Plata;Buenos Aires;Argentina;Brown Almirante y Tandil;-57.6091987,-37.9746681;ok
1615;1;2024;8;Robo/Hurto Automotor;;;;Marcelo T. De Alvear y Eduardo G. Carasa;;Asiste Policia y Libera;Mar del Plata;Buenos Aires;Argentina;Marcelo T. De Alvear y Eduardo G. Carasa;-57.5683519,-38.04321;ok
1616;1;2024;8;Robo/Hurto Automotor;;;;12 De octubre y Rondeau;;No Asiste;Mar del Plata;Buenos Aires;Argentina;12 De octubre y Rondeau;-57.5500607,-38.0400315;ok
1617;1;2024;8;Robo/Hurto Automotor;;;;Avenida Colon y Malvinas;;Asiste Policia y Libera;Mar del Plata;Buenos Aires;Argentina;Avenida Colon y Malvinas;-57.5833561,-37.9866551;ok
1618;1;2024;8;Robo/Hurto Automotor;;;;Entre Rios y Bolivar;;No Asiste;Mar del Plata;Buenos Aires;Argentina;Entre Rios y Bolivar;-57.5454766,-38.0046692;ok
1619;1;2024;8;Robo/Hurto Automotor;;;;Avenida Vertiz y Juana Manso;;Asiste Policia y Libera;Mar del Plata;Buenos Aires;Argentina;Avenida Vertiz y Juana Manso;-57.5792184,-38.0285749;ok
1620;1;2024;8;Robo/Hurto Automotor;;;;Entre Rios y Bolivar;;No Asiste;Mar del Plata;Buenos Aires;Argentina;Entre Rios y Bolivar;-57.5455013,-38.0045213;ok
1621;1;2024;8;Robo/Hurto Automotor;;;;Polonia y De La Plaza Fortunato;;Se Realiza Seguimiento del Evento;Mar del Plata;Buenos Aires;Argentina;Polonia y De La Plaza Fortunato;-57.6036474,-38.0204463;ok
1622;1;2024;8;Robo/Hurto Automotor;;;;Alberti Manuel y Martiniano Chilabert;;Asiste Policia y Libera;Mar del Plata;Buenos Aires;Argentina;Alberti Manuel y Martiniano Chilabert;-57.6080761,-37.9786387;ok
1623;1;2024;8;Robo/Hurto Automotor;;;;Moreno y Bordabehere Enzo;;Asiste Policia y Libera;Mar del Plata;Buenos Aires;Argentina;Moreno y Bordabehere Enzo;-57.5880619,-37.9818587;ok
1624;1;2024;8;Robo/Hurto Automotor;;;;Puan y Cervantes Saavedra;;Asiste Policia y Libera;Mar del Plata;Buenos Aires;Argentina;Puan y Cervantes Saavedra;-57.5527031,-38.0615643;ok
1625;1;2024;8;Robo/Hurto Automotor;;;;Jacinto Peralta Ramos y Avenida Vertiz;;Asiste Policia y Libera;Mar del Plata;Buenos Aires;Argentina;Jacinto Peralta Ramos y Avenida Vertiz;-57.5810786,-38.0271037;ok
1626;1;2024;8;Robo/Hurto Automotor;;;;Arturo Alio y Alberti Manuel;;Asiste Policia y Libera;Mar del Plata;Buenos Aires;Argentina;Arturo Alio y Alberti Manuel;-57.6010366,-37.9822733;ok
1627;1;2024;8;Robo/Hurto Automotor;;;;Santa Fe y Bolivar;;Asiste Policia y Libera;Mar del Plata;Buenos Aires;Argentina;Santa Fe y Bolivar;-57.5475066,-38.0034276;ok
1628;1;2024;8;Robo/Hurto Automotor;;;;Martin Miguel De Guemes y Alberti Manuel;;Asiste Policia y Libera;Mar del Plata;Buenos Aires;Argentina;Martin Miguel De Guemes y Alberti Manuel;-57.5398307,-38.0131419;ok
1629;1;2024;8;Robo/Hurto Automotor;;;;Tomas Falkner y San Jose De Calasanz;;No Asiste;Mar del Plata;Buenos Aires;Argentina;Tomas Falkner y San Jose De Calasanz;-57.5782123,-37.9630819;ok
1630;1;2024;8;Robo/Hurto Automotor;;;;Calabria y Galicia;;No Asiste;Mar del Plata;Buenos Aires;Argentina;Calabria y Galicia;-57.5820654,-38.0445652;ok
1631;1;2024;8;Robo/Hurto Automotor;;;;Calle7 y calle 10;;No Asiste;Mar del Plata;Buenos Aires;Argentina;Calle7 y calle 10;-57.5806932,-38.1012251;ok
1632;1;2024;8;Robo/Hurto Automotor;;;;calle 435 y Calle 0;;No Asiste;Mar del Plata;Buenos Aires;Argentina;calle 435 y Calle 0;-57.5737901,-38.1062777;ok
1633;1;2024;8;Robo/Hurto Automotor;;;;Maipu y Catamarca;;Hallazgo Automotor;Mar del Plata;Buenos Aires;Argentina;Maipu y Catamarca;-57.5465519,-37.9902173;ok
1634;1;2024;8;Robo/Hurto Automotor;;;;La Rioja y Belgrano;;No Asiste;Mar del Plata;Buenos Aires;Argentina;La Rioja y Belgrano;-57.5521515,-37.9989138;ok
1635;1;2024;8;Robo/Hurto Automotor;;;;Avenida Colon y Jujuy;;Persecucion Y Detencion;Mar del Plata;Buenos Aires;Argentina;Avenida Colon y Jujuy;-57.5583016,-37.999362;ok
1636;1;2024;8;Robo/Hurto Automotor;;;;Brown Almirante y Canada;;Se Realiza Seguimiento del Evento;Mar del Plata;Buenos Aires;Argentina;Brown Almirante y Canada;-57.6170831,-37.9706068;ok
1637;1;2024;8;Robo/Hurto Automotor;;;;Groeber Pablo y Los Naranjos;;Se Realiza Seguimiento del Evento;Mar del Plata;Buenos Aires;Argentina;Groeber Pablo y Los Naranjos;-57.5419813,-37.9258953;ok
1638;1;2024;8;Robo/Hurto Automotor;;;;Victoriano E. Montes y French Domingo;;No Asiste;Mar del Plata;Buenos Aires;Argentina;Victoriano E. Montes y French Domingo;-57.5730131,-37.9702334;ok
1639;1;2024;8;Robo/Hurto Automotor;;;;Santiago Del Estero y San Martin;;No Asiste;Mar del Plata;Buenos Aires;Argentina;Santiago Del Estero y San Martin;-57.5460202,-37.9998436;ok
1640;1;2024;8;Robo/Hurto Automotor;;;;Alberti Manuel y Arenales;;No Asiste;Mar del Plata;Buenos Aires;Argentina;Alberti Manuel y Arenales;-57.5458121,-38.0101477;ok
1641;1;2024;8;Robo/Hurto Automotor;;;;Avellaneda Nicolas y Alsina;;Asiste Policia y Libera;Mar del Plata;Buenos Aires;Argentina;Avellaneda Nicolas y Alsina;-57.5450069,-38.0160414;ok
1642;1;2024;8;Robo/Hurto Automotor;;;;Matheu Domingo y General Juan Jose De Urquiza;;Asiste Policia y Libera;Mar del Plata;Buenos Aires;Argentina;Matheu Domingo y General Juan Jose De Urquiza;-57.5394616,-38.0266302;ok
1643;1;2024;8;Robo/Hurto Automotor;;;;Roque Saenz Peña y Puan;;Asiste Policia y Libera;Mar del Plata;Buenos Aires;Argentina;Roque Saenz Peña y Puan;-57.5807272,-38.0404357;ok
1644;1;2024;8;Robo/Hurto Automotor;;;;14 De julio y Saavedra Cornelio;;Asiste Policia y Libera;Mar del Plata;Buenos Aires;Argentina;14 De julio y Saavedra Cornelio;-57.5703125,-38.0089823;ok
1645;1;2024;8;Robo/Hurto Automotor;;;;Ayelep y Loberia;;Se Realiza Seguimiento del Evento;Mar del Plata;Buenos Aires;Argentina;Ayelep y Loberia;-57.631562,-38.0216539;ok
1646;1;2024;8;Robo/Hurto Automotor;;;;Avenida Vertiz y Alejandro Fleming;;Hallazgo Automotor;Mar del Plata;Buenos Aires;Argentina;Avenida Vertiz y Alejandro Fleming;-57.5691183,-38.0361816;ok
1647;1;2024;8;Robo/Hurto Automotor;;;;Arenales y Avenida Colon;;Asiste Policia y Libera;Mar del Plata;Buenos Aires;Argentina;Arenales y Avenida Colon;-57.5431562,-38.0070263;ok
1648;1;2024;8;Robo/Hurto Automotor;;;;Fragata Libertad y Pesquero Nomade;;Se Realiza Seguimiento del Evento;Mar del Plata;Buenos Aires;Argentina;Fragata Libertad y Pesquero Nomade;-57.5718877,-38.0672854;ok
1649;1;2024;8;Robo/Hurto Automotor;;;;Polonia y Eduardo G. Carasa;;Se Realiza Seguimiento del Evento;Mar del Plata;Buenos Aires;Argentina;Polonia y Eduardo G. Carasa;-57.6029287,-38.0201043;ok
1650;1;2024;8;Robo/Hurto Automotor;;;;14 De julio y Manuel Quintana;;Se Realiza Seguimiento del Evento;Mar del Plata;Buenos Aires;Argentina;14 De julio y Manuel Quintana;-57.5709687,-38.0096486;ok
1651;1;2024;8;Robo/Hurto Automotor;;;;Estancia La Peregrina y N°504;;Se Realiza Seguimiento del Evento;Mar del Plata;Buenos Aires;Argentina;Estancia La Peregrina y N°504;-57.590939,-38.049154;ok
1652;1;2024;8;Robo/Hurto Automotor;;;;diagonal alberdi sur y Santiago Del Estero;;No Asiste;Mar del Plata;Buenos Aires;Argentina;diagonal alberdi sur y Santiago Del Estero;-57.5447965,-37.9985671;ok
1653;1;2024;8;Robo/Hurto Automotor;;;;Avenida Colon y Francia;;Asiste Policia y Libera;Mar del Plata;Buenos Aires;Argentina;Avenida Colon y Francia;-57.57432,-37.99124;ok
1654;1;2024;8;Robo/Hurto Automotor;;;;Federico Garcia Lorca y Juan Vucetich;;No Asiste;Mar del Plata;Buenos Aires;Argentina;Federico Garcia Lorca y Juan Vucetich;-57.5618544,-38.0651471;ok
1655;1;2024;8;Robo/Hurto Automotor;;;;Ricardo Guiraldes y Avenida Victorio Tetamanti;;Asiste Policia y Libera;Mar del Plata;Buenos Aires;Argentina;Ricardo Guiraldes y Avenida Victorio Tetamanti;-57.6215095,-38.0188282;ok
1656;1;2024;8;Robo/Hurto Automotor;;;;Luis Dellepiane y Leonardo Rosales;;No Asiste;Mar del Plata;Buenos Aires;Argentina;Luis Dellepiane y Leonardo Rosales;-57.579107,-38.032356;ok
1657;1;2024;8;Robo/Hurto Automotor;;;;Suarez Coronel y Avenida Libertad;;No Asiste;Mar del Plata;Buenos Aires;Argentina;Suarez Coronel y Avenida Libertad;-57.5945817,-37.9670286;ok
1658;1;2024;8;Robo/Hurto Automotor;;;;Alvarado y 20 De Setiembre;;Se Realiza Seguimiento del Evento;Mar del Plata;Buenos Aires;Argentina;Alvarado y 20 De Setiembre;-57.5654127,-38.0045717;ok
1659;1;2024;8;Robo/Hurto Automotor;;;;12 De octubre y De Los Reservistas;;Se Realiza Seguimiento del Evento;Mar del Plata;Buenos Aires;Argentina;12 De octubre y De Los Reservistas;-57.6026707,-38.0002732;ok
1660;1;2024;8;Robo/Hurto Automotor;;;;Tres de Febrero y Avenida San Marcelino Champagnat;;Se Realiza Seguimiento del Evento;Mar del Plata;Buenos Aires;Argentina;Tres de Febrero y Avenida San Marcelino Champagnat;-57.5806392,-37.9775807;ok
1661;1;2024;8;Robo/Hurto Automotor;;;;Bolivar y Olazabal Felix De;;Se Realiza Seguimiento del Evento;Mar del Plata;Buenos Aires;Argentina;Bolivar y Olazabal Felix De;-57.5646469,-37.9947865;ok
1662;1;2024;8;Robo/Hurto Automotor;;;;Chubut y Miguel Sagastizabal;;Asiste Policia y Libera;Mar del Plata;Buenos Aires;Argentina;Chubut y Miguel Sagastizabal;-57.5470016,-37.9610216;ok
1663;1;2024;8;Robo/Hurto Automotor;;;;Avenida Colon y Arturo Alio;;Se Realiza Seguimiento del Evento;Mar del Plata;Buenos Aires;Argentina;Avenida Colon y Arturo Alio;-57.5983446,-37.9789883;ok
1664;1;2024;8;Robo/Hurto Automotor;;;;Martin Miguel De Guemes y Avenida Colon;;Se Realiza Seguimiento del Evento;Mar del Plata;Buenos Aires;Argentina;Martin Miguel De Guemes y Avenida Colon;-57.53717,-38.0098937;ok
1665;1;2024;8;Robo/Hurto Automotor;;;;Avenida Juan B. Justo y Juana Azurduy;;Asiste Policia y Libera;Mar del Plata;Buenos Aires;Argentina;Avenida Juan B. Justo y Juana Azurduy;-57.6133731,-37.9871009;ok
1666;1;2024;8;Robo/Hurto Automotor;;;;Casildo Villar y Genova;;Asiste Policia y Libera;Mar del Plata;Buenos Aires;Argentina;Casildo Villar y Genova;-57.59195,-38.03469;ok
1667;1;2024;8;Robo/Hurto Automotor;;;;Catamarca y Brown Almirante;;LPR - Vehiculo Interceptado;Mar del Plata;Buenos Aires;Argentina;Catamarca y Brown Almirante;-57.5558334,-38.0017802;ok
1668;1;2024;8;Robo/Hurto Automotor;;;;Toribio De Luzuriaga y Lopez De Gomara Justo;;LPR - Vehiculo Interceptado;Mar del Plata;Buenos Aires;Argentina;Toribio De Luzuriaga y Lopez De Gomara Justo;-57.5841024,-37.9523584;ok
1669;1;2024;8;Robo/Hurto Automotor;;;;Avenida Libertad y David Ortega Presbitero;;No Asiste;Mar del Plata;Buenos Aires;Argentina;Avenida Libertad y David Ortega Presbitero;-57.5854771,-37.9717074;ok
1670;1;2024;8;Robo/Hurto Automotor;;;;La Rioja y Nueve de 07;;No Asiste;Mar del Plata;Buenos Aires;Argentina;La Rioja y Nueve de 07;-57.5488929,-37.9947833;ok
1671;1;2024;8;Robo/Hurto Automotor;;;;Avenida Constitucion y Francisco Angel Rizzuto;;No Asiste;Mar del Plata;Buenos Aires;Argentina;Avenida Constitucion y Francisco Angel Rizzuto;-57.5814839,-37.9509576;ok
1672;1;2024;8;Robo/Hurto Automotor;;;;Figueroa Alcorta y Napoles;;No Asiste;Mar del Plata;Buenos Aires;Argentina;Figueroa Alcorta y Napoles;-57.5612313,-38.0565482;ok
1673;1;2024;8;Robo/Hurto Automotor;;;;Rawson y Peru;;No Asiste;Mar del Plata;Buenos Aires;Argentina;Rawson y Peru;-57.5836301,-37.992026;ok
1674;1;2024;8;Robo/Hurto Automotor;;;;Matheu Domingo y Don Bosco;;No Asiste;Mar del Plata;Buenos Aires;Argentina;Matheu Domingo y Don Bosco;-57.5825185,-38.0048335;ok
1675;1;2024;8;Robo/Hurto Automotor;;;;Salta y Tres de 02;;No Asiste;Mar del Plata;Buenos Aires;Argentina;Salta y Tres de 02;-57.5513856,-37.9924104;ok
1676;1;2024;8;Robo/Hurto Automotor;;;;Cno. Ruta 88 A Calle Lib. Gral. San Martin y 128 - Batan;;No Asiste;Mar del Plata;Buenos Aires;Argentina;Cno. Ruta 88 A Calle Lib. Gral. San Martin y 128 - Batan;-57.6999494,-38.0034373;ok
1677;1;2024;8;Robo/Hurto Automotor;;;;Mitre Bartolome y Avenida Juan Jose Paso;;No Asiste;Mar del Plata;Buenos Aires;Argentina;Mitre Bartolome y Avenida Juan Jose Paso;-57.565042,-38.0182537;ok
1678;1;2024;8;Robo/Hurto Automotor;;;;Genova y Ratery Ingeniero;;Se Realiza Seguimiento del Evento;Mar del Plata;Buenos Aires;Argentina;Genova y Ratery Ingeniero;-57.6005186,-38.0281172;ok
1679;1;2024;8;Robo/Hurto Automotor;;;;Moreno y Brasil;;LPR - Se realiza seguimiento del vehiculo;Mar del Plata;Buenos Aires;Argentina;Moreno y Brasil;-57.6101424,-37.9706137;ok
1680;1;2024;8;Robo/Hurto Automotor;;;;Valencia y Derqui;;No Asiste;Mar del Plata;Buenos Aires;Argentina;Valencia y Derqui;-57.5452707,-37.97082;ok
1681;1;2024;8;Robo/Hurto Automotor;;;;Avenida Fermin Errea y Once de 09;;No Asiste;Mar del Plata;Buenos Aires;Argentina;Avenida Fermin Errea y Once de 09;-57.6159703,-37.9587493;ok
1682;1;2024;8;Robo/Hurto Automotor;;;;Dorrego y Necochea;;Asiste Policia y Libera;Mar del Plata;Buenos Aires;Argentina;Dorrego y Necochea;-57.5511886,-37.9833923;ok
1683;1;2024;8;Robo/Hurto Automotor;;;;Santa Fe y Rivadavia;;Asiste Policia y Libera;Mar del Plata;Buenos Aires;Argentina;Santa Fe y Rivadavia;-57.5455414,-38.0012994;ok
1684;1;2024;8;Robo/Hurto Automotor;;;;Nueve de Julio y Guillermo Marconi Ingeniero;;Asiste Policia y Libera;Mar del Plata;Buenos Aires;Argentina;Nueve de Julio y Guillermo Marconi Ingeniero;-57.5711499,-37.9835585;ok
1685;1;2024;8;Robo/Hurto Automotor;;;;Mac Gaul Andres Bis y Calabria;;Asiste Policia y Libera;Mar del Plata;Buenos Aires;Argentina;Mac Gaul Andres Bis y Calabria;-57.6164286,-38.0187611;ok
1686;1;2024;8;Robo/Hurto Automotor;;;;La Rioja y Brown Almirante;;Asiste Policia y Libera;Mar del Plata;Buenos Aires;Argentina;La Rioja y Brown Almirante;-57.5548385,-38.0021101;ok
1687;1;2024;8;Robo/Hurto Automotor;;;;Rio Negro y Paula Albarracin;;No Asiste;Mar del Plata;Buenos Aires;Argentina;Rio Negro y Paula Albarracin;-57.5820413,-37.9622185;ok
1688;1;2024;8;Robo/Hurto Automotor;;;;Avenida Juan Hector Jara y Maipu;;No Asiste;Mar del Plata;Buenos Aires;Argentina;Avenida Juan Hector Jara y Maipu;-57.565804,-37.9804925;ok
1689;1;2024;8;Robo/Hurto Automotor;;;;Polonia y Genova;;Asiste Policia y Libera;Mar del Plata;Buenos Aires;Argentina;Polonia y Genova;-57.6069651,-38.0232487;ok
1690;1;2024;8;Robo/Hurto Automotor;;;;Castelli Juan Jose y Carlos Pellegrini;;Asiste Policia y Libera;Mar del Plata;Buenos Aires;Argentina;Castelli Juan Jose y Carlos Pellegrini;-57.5327449,-38.0200324;ok
1691;1;2024;8;Robo/Hurto Automotor;;;;Leonardo Rosales y Marcelo T. De Alvear;;Asiste Policia y Libera;Mar del Plata;Buenos Aires;Argentina;Leonardo Rosales y Marcelo T. De Alvear;-57.56415,-38.04379;ok
1692;1;2024;8;Robo/Hurto Automotor;;;;Nueve de Julio y Santiago Del Estero;;Asiste Policia y Libera;Mar del Plata;Buenos Aires;Argentina;Nueve de Julio y Santiago Del Estero;-57.543858,-37.997473;ok
1693;1;2024;8;Robo/Hurto Automotor;;;;20 De Setiembre y Avellaneda Nicolas;;Asiste Policia y Libera;Mar del Plata;Buenos Aires;Argentina;20 De Setiembre y Avellaneda Nicolas;-57.5660837,-38.0053232;ok
1694;1;2024;8;Robo/Hurto Automotor;;;;Caseros y Marcos Sastre;;Se Realiza Seguimiento del Evento;Mar del Plata;Buenos Aires;Argentina;Caseros y Marcos Sastre;-57.548034,-37.9514106;ok
1695;1;2024;8;Robo/Hurto Automotor;;;;Los Talas y Cura Brochero;;Asiste Policia y Libera;Mar del Plata;Buenos Aires;Argentina;Los Talas y Cura Brochero;-57.552566,-37.9329333;ok
1696;1;2024;8;Robo/Hurto Automotor;;;;Figueroa Alcorta y Magallanes;;Asiste Policia y Libera;Mar del Plata;Buenos Aires;Argentina;Figueroa Alcorta y Magallanes;-57.5464,-38.04423;ok
1697;1;2024;8;Robo/Hurto Automotor;;;;Beruti Antonio Luis y Victoriano E. Montes;;Asiste Policia y Libera;Mar del Plata;Buenos Aires;Argentina;Beruti Antonio Luis y Victoriano E. Montes;-57.5723817,-37.9694247;ok
1698;1;2024;8;Robo/Hurto Automotor;;;;Beruti Antonio Luis y Avenida Fermin Errea;;Persecucion Y Detencion;Mar del Plata;Buenos Aires;Argentina;Beruti Antonio Luis y Avenida Fermin Errea;-57.6086391,-37.950635;ok
1699;1;2024;8;Robo/Hurto Automotor;;;;General 07 Argentino Roca y 20 De Setiembre;;Asiste Policia y Libera;Mar del Plata;Buenos Aires;Argentina;General 07 Argentino Roca y 20 De Setiembre;-57.5673456,-38.0069322;ok
1700;1;2024;8;Robo/Hurto Automotor;;;;General Rafael De Riego y De La Plaza Fortunato;;Asiste Policia y Libera;Mar del Plata;Buenos Aires;Argentina;General Rafael De Riego y De La Plaza Fortunato;-57.5806738,-38.0377429;ok
1701;1;2024;8;Robo/Hurto Automotor;;;;Moreno y Ecuador;;No Asiste;Mar del Plata;Buenos Aires;Argentina;Moreno y Ecuador;-57.6181588,-37.9665729;ok
1702;1;2024;8;Robo/Hurto Automotor;;;;Santiago Del Estero y Rivadavia;;No Asiste;Mar del Plata;Buenos Aires;Argentina;Santiago Del Estero y Rivadavia;-57.5465604,-38.0005827;ok
1703;1;2024;8;Robo/Hurto Automotor;;;;Rivadavia y La Rioja;;LPR - Vehiculo Interceptado;Mar del Plata;Buenos Aires;Argentina;Rivadavia y La Rioja;-57.5515614,-37.998247;ok
1704;1;2024;8;Robo/Hurto Automotor;;;;Carlos M. Della Paolera y Avenida Constitucion;;Asiste Policia y Libera;Mar del Plata;Buenos Aires;Argentina;Carlos M. Della Paolera y Avenida Constitucion;-57.5776765,-37.9533526;ok
1705;1;2024;8;Robo/Hurto Automotor;;;;Florisbelo Acosta y Carlos M. Della Paolera;;No Asiste;Mar del Plata;Buenos Aires;Argentina;Florisbelo Acosta y Carlos M. Della Paolera;-57.5798791,-37.9563853;ok
1706;1;2024;8;Robo/Hurto Automotor;;;;Bolivar y Catorce de 07;;No Asiste;Mar del Plata;Buenos Aires;Argentina;Bolivar y Catorce de 07;-57.5606392,-37.996822;ok
1707;1;2024;8;Robo/Hurto Automotor;;;;Florencio Martinez De Hoz y Willian C Morris;;Asiste Policia y Libera;Mar del Plata;Buenos Aires;Argentina;Florencio Martinez De Hoz y Willian C Morris;-57.60967,-38.0213;ok
1708;1;2024;8;Robo/Hurto Automotor;;;;Cervantes Saavedra y Federico Garcia Lorca;;Asiste Policia y Libera;Mar del Plata;Buenos Aires;Argentina;Cervantes Saavedra y Federico Garcia Lorca;-57.5591934,-38.0669715;ok
1709;1;2024;8;Robo/Hurto Automotor;;;;Juan Martin Zabala Monseñor y Jose Cardiel Padre;;Asiste Policia y Libera;Mar del Plata;Buenos Aires;Argentina;Juan Martin Zabala Monseñor y Jose Cardiel Padre;-57.579431,-37.9592658;ok
1710;1;2024;8;Robo/Hurto Automotor;;;;Tres de Febrero y España;;Asiste Policia y Libera;Mar del Plata;Buenos Aires;Argentina;Tres de Febrero y España;-57.5534192,-37.991338;ok
1711;1;2024;8;Robo/Hurto Automotor;;;;España y Falucho;;Asiste Policia y Libera;Mar del Plata;Buenos Aires;Argentina;España y Falucho;-57.5606837,-38.0003349;ok
1712;1;2024;8;Robo/Hurto Automotor;;;;Magallanes y Juramento;;Asiste Policia y Libera;Mar del Plata;Buenos Aires;Argentina;Magallanes y Juramento;-57.556012,-38.0368478;ok
1713;1;2024;8;Robo/Hurto Automotor;;;;Avenida Colon y Republica Del Libano;;Asiste Policia y Libera;Mar del Plata;Buenos Aires;Argentina;Avenida Colon y Republica Del Libano;-57.5913609,-37.9824402;ok
1714;1;2024;8;Robo/Hurto Automotor;;;;Federico C. Beltrami Ingeniero y Eduardo G. Carasa;;Asiste Policia y Libera;Mar del Plata;Buenos Aires;Argentina;Federico C. Beltrami Ingeniero y Eduardo G. Carasa;-57.557,-38.05575;ok
1715;1;2024;8;Robo/Hurto Automotor;;;;Hipolito Yrigoyen y Brown Almirante;;Asiste Policia y Libera;Mar del Plata;Buenos Aires;Argentina;Hipolito Yrigoyen y Brown Almirante;-57.5538668,-38.0026147;ok
1716;1;2024;8;Robo/Hurto Automotor;;;;Avenida Colon y Republica Del Libano;;Asiste Policia y Libera;Mar del Plata;Buenos Aires;Argentina;Avenida Colon y Republica Del Libano;-57.5913609,-37.9824402;ok
1717;1;2024;8;Robo/Hurto Automotor;;;;Uruguay y Castelli Juan Jose;;Asiste Policia y Libera;Mar del Plata;Buenos Aires;Argentina;Uruguay y Castelli Juan Jose;-57.5819754,-37.9951195;ok
1718;1;2024;8;Robo/Hurto Automotor;;;;Corrientes y Avenida Juan Jose Paso;;Asiste Policia y Libera;Mar del Plata;Buenos Aires;Argentina;Corrientes y Avenida Juan Jose Paso;-57.5600413,-38.0208024;ok
1719;1;2024;8;Robo/Hurto Automotor;;;;Viamonte y Avenida Juan Jose Paso;;Asiste Policia y Libera;Mar del Plata;Buenos Aires;Argentina;Viamonte y Avenida Juan Jose Paso;-57.5480932,-38.0268197;ok
1720;1;2024;8;Robo/Hurto Automotor;;;;Avenida Vertiz y Osvaldo Magnasco;;Asiste Policia y Libera;Mar del Plata;Buenos Aires;Argentina;Avenida Vertiz y Osvaldo Magnasco;-57.59401,-38.0174139;ok
1721;1;2024;8;Robo/Hurto Automotor;;;;Avenida Vertiz y Polonia;;Asiste Policia y Libera;Mar del Plata;Buenos Aires;Argentina;Avenida Vertiz y Polonia;-57.5970415,-38.015129;ok
1722;1;2024;8;Robo/Hurto Automotor;;;;Tres de Febrero y Santiago Del Estero;;Asiste Policia y Libera;Mar del Plata;Buenos Aires;Argentina;Tres de Febrero y Santiago Del Estero;-57.5433293,-37.9964982;ok
1723;1;2024;8;Robo/Hurto Automotor;;;;Colectora Calle 515 y Calle 22;;Asiste Policia y Libera;Mar del Plata;Buenos Aires;Argentina;Colectora Calle 515 y Calle 22;-57.6149739,-38.1164839;ok
1724;1;2024;8;Robo/Hurto Automotor;;;;Rodriguez Peña y Tres Arroyos;;LPR - Se realiza seguimiento del vehiculo;Mar del Plata;Buenos Aires;Argentina;Rodriguez Peña y Tres Arroyos;-57.5981034,-37.992672;ok
1725;1;2024;8;Robo/Hurto Automotor;;;;Santiago Del Estero y Vieytes;;Asiste Policia y Libera;Mar del Plata;Buenos Aires;Argentina;Santiago Del Estero y Vieytes;-57.562725,-38.0207866;ok
1726;1;2024;8;Robo/Hurto Automotor;;;;Talcahuano y Benito Linch;;Detencion;Mar del Plata;Buenos Aires;Argentina;Talcahuano y Benito Linch;-57.5914728,-38.0440701;ok
1727;1;2024;8;Robo/Hurto Automotor;;;;Los Ortiz y S/N;;No Asiste;Mar del Plata;Buenos Aires;Argentina;Los Ortiz y S/N;-57.5556456,-38.0083984;ok
1728;1;2024;8;Robo/Hurto Automotor;;;;Martin Miguel De Guemes y Avenida Colon;;Asiste Policia y Libera;Mar del Plata;Buenos Aires;Argentina;Martin Miguel De Guemes y Avenida Colon;-57.53717,-38.0098937;ok
1729;1;2024;8;Robo/Hurto Automotor;;;;Alberti Manuel y Santiago Del Estero;;Asiste Policia y Libera;Mar del Plata;Buenos Aires;Argentina;Alberti Manuel y Santiago Del Estero;-57.5517667,-38.0072076;ok
1730;1;2024;8;Robo/Hurto Automotor;;;;San Luis y Castelli Juan Jose;;LPR - Se realiza seguimiento del vehiculo;Mar del Plata;Buenos Aires;Argentina;San Luis y Castelli Juan Jose;-57.5523771,-38.0111199;ok
1731;1;2024;8;Robo/Hurto Automotor;;;;Rodriguez Peña y Remedios De Escalada;;Asiste Policia y Libera;Mar del Plata;Buenos Aires;Argentina;Rodriguez Peña y Remedios De Escalada;-57.6031068,-37.9901307;ok
1732;1;2024;8;Robo/Hurto Automotor;;;;Alvarado Rudecindo y Corrientes;;Detencion;Mar del Plata;Buenos Aires;Argentina;Alvarado Rudecindo y Corrientes;-57.5522912,-38.0111368;ok
1733;1;2024;8;Robo/Hurto Automotor;;;;Avenida Juan B. Justo y Champagnat;;Asiste Policia y Libera;Mar del Plata;Buenos Aires;Argentina;Avenida Juan B. Justo y Champagnat;-57.598067,-37.9985973;ok
1734;1;2024;8;Robo/Hurto Automotor;;;;Moreno y España;;Asiste Policia y Libera;Mar del Plata;Buenos Aires;Argentina;Moreno y España;-57.5579941,-37.9970975;ok
1735;1;2024;8;Robo/Hurto Automotor;;;;Roque Saenz Peña y Mario Bravo;;No Asiste;Mar del Plata;Buenos Aires;Argentina;Roque Saenz Peña y Mario Bravo;-57.5888989,-38.0472095;ok
1736;1;2024;8;Robo/Hurto Automotor;;;;Beruti Antonio Luis y Onesimo Leguizamon;;Asiste Policia y Libera;Mar del Plata;Buenos Aires;Argentina;Beruti Antonio Luis y Onesimo Leguizamon;-57.601437,-37.9546537;ok
1737;1;2024;8;Robo/Hurto Automotor;;;;Santa Fe y Moreno;;No Asiste;Mar del Plata;Buenos Aires;Argentina;Santa Fe y Moreno;-57.5468736,-38.0026856;ok
1738;1;2024;8;Robo/Hurto Automotor;;;;Ruta 11 y Diagonal Sur;;No Asiste;Mar del Plata;Buenos Aires;Argentina;Ruta 11 y Diagonal Sur;-57.5776614,-38.1082046;ok
1739;1;2024;8;Robo/Hurto Automotor;;;;Diagonal Pueyrredon y Moreno;;No Asiste;Mar del Plata;Buenos Aires;Argentina;Diagonal Pueyrredon y Moreno;-57.5539195,-37.9991399;ok
1740;1;2024;8;Robo/Hurto Automotor;;;;Jujuy y San Martin;;Asiste Policia y Libera;Mar del Plata;Buenos Aires;Argentina;Jujuy y San Martin;-57.55505,-37.99534;ok
1741;1;2024;8;Robo/Hurto Automotor;;;;20 De Setiembre y Beruti Antonio Luis;;Asiste Policia y Libera;Mar del Plata;Buenos Aires;Argentina;20 De Setiembre y Beruti Antonio Luis;-57.5473419,-37.9820214;ok
1742;1;2024;8;Robo/Hurto Automotor;;;;Jacinto Peralta Ramos y Guanahani;;Asiste Policia y Libera;Mar del Plata;Buenos Aires;Argentina;Jacinto Peralta Ramos y Guanahani;-57.57944,-38.02576;ok
1743;1;2024;8;Robo/Hurto Automotor;;;;Bolivar y La Rioja;;No Asiste;Mar del Plata;Buenos Aires;Argentina;Bolivar y La Rioja;-57.5534951,-38.0004808;ok
1744;1;2024;8;Robo/Hurto Automotor;;;;Bolivar y Catorce de 07;;No Asiste;Mar del Plata;Buenos Aires;Argentina;Bolivar y Catorce de 07;-57.5606392,-37.996822;ok
1745;1;2024;8;Robo/Hurto Automotor;;;;Belgrano y Catorce de 07;;No Asiste;Mar del Plata;Buenos Aires;Argentina;Belgrano y Catorce de 07;-57.5592751,-37.9952797;ok
1746;1;2024;8;Robo/Hurto Automotor;;;;Chubut y Miguel Sagastizabal;;Asiste Policia y Libera;Mar del Plata;Buenos Aires;Argentina;Chubut y Miguel Sagastizabal;-57.5470016,-37.9610216;ok
1747;1;2024;8;Robo/Hurto Automotor;;;;Araucanos y Las Margaritas;;Asiste Policia y Libera;Mar del Plata;Buenos Aires;Argentina;Araucanos y Las Margaritas;-57.5700716,-38.0847785;ok
1748;1;2024;8;Robo/Hurto Automotor;;;;Chacabuco y Don Bosco;;No Asiste;Mar del Plata;Buenos Aires;Argentina;Chacabuco y Don Bosco;-57.563002,-37.980923;ok
1749;1;2024;8;Robo/Hurto Automotor;;;;San Martin y Entre Rios;;Asiste Policia y Libera;Mar del Plata;Buenos Aires;Argentina;San Martin y Entre Rios;-57.5429121,-38.0014359;ok
1750;1;2024;8;Robo/Hurto Automotor;;;;Napoles y Cervantes Saavedra;;Asiste Policia y Libera;Mar del Plata;Buenos Aires;Argentina;Napoles y Cervantes Saavedra;-57.5534493,-38.0623279;ok
1751;1;2024;8;Robo/Hurto Automotor;;;;Jacinto Peralta Ramos y Soler Miguel;;Asiste Policia y Libera;Mar del Plata;Buenos Aires;Argentina;Jacinto Peralta Ramos y Soler Miguel;-57.5852366,-38.0303631;ok
1752;1;2024;8;Robo/Hurto Automotor;;;;Cordoba y Avenida Juan Jose Paso;;Asiste Policia y Libera;Mar del Plata;Buenos Aires;Argentina;Cordoba y Avenida Juan Jose Paso;-57.5630108,-38.0194422;ok
1753;1;2024;8;Robo/Hurto Automotor;;;;Tripulantes Del Fournier y Luis Vernet;;Asiste Policia y Libera;Mar del Plata;Buenos Aires;Argentina;Tripulantes Del Fournier y Luis Vernet;-57.5485659,-38.056719;ok
1754;1;2024;8;Robo/Hurto Automotor;;;;Pedro Medrano y Guernica;;Asiste Policia y Libera;Mar del Plata;Buenos Aires;Argentina;Pedro Medrano y Guernica;-57.5494836,-38.0794727;ok
1755;1;2024;8;Robo/Hurto Automotor;;;;Castelli Juan Jose y San Luis;;Asiste Policia y Libera;Mar del Plata;Buenos Aires;Argentina;Castelli Juan Jose y San Luis;-57.5556992,-38.0084491;ok
1756;1;2024;8;Robo/Hurto Automotor;;;;Juan Bautista Azopardo y Jose Dutto Padre;;Asiste Policia y Libera;Mar del Plata;Buenos Aires;Argentina;Juan Bautista Azopardo y Jose Dutto Padre;-57.5581972,-38.0455521;ok
1757;1;2024;8;Robo/Hurto Automotor;;;;General Ignacio Rivas y Rodriguez Martin;;Asiste Policia y Libera;Mar del Plata;Buenos Aires;Argentina;General Ignacio Rivas y Rodriguez Martin;-57.54794,-38.0338;ok
1758;1;2024;8;Robo/Hurto Automotor;;;;Heguilor Domingo Bis y Genova;;LPR - Se realiza seguimiento del vehiculo;Mar del Plata;Buenos Aires;Argentina;Heguilor Domingo Bis y Genova;-57.6144922,-38.0176092;ok
1759;1;2024;8;Robo/Hurto Automotor;;;;1 De mayo y Roca 07;;Asiste Policia y Libera;Mar del Plata;Buenos Aires;Argentina;1 De mayo y Roca 07;-57.582485,-37.9991992;ok
1760;1;2024;8;Robo/Hurto Automotor;;;;Roque Saenz Peña y Doce de 10;;Asiste Policia y Libera;Mar del Plata;Buenos Aires;Argentina;Roque Saenz Peña y Doce de 10;-57.5658662,-38.0282029;ok
1761;1;2024;8;Robo/Hurto Automotor;;;;Avenida Independencia y Castelli Juan Jose;;Asiste Policia y Libera;Mar del Plata;Buenos Aires;Argentina;Avenida Independencia y Castelli Juan Jose;-57.5607372,-38.0059143;ok
1762;1;2024;8;Robo/Hurto Automotor;;;;Olegario V Andrade y Miguel Sagastizabal;;Asiste Policia y Libera;Mar del Plata;Buenos Aires;Argentina;Olegario V Andrade y Miguel Sagastizabal;-57.5580994,-37.955344;ok
1763;1;2024;8;Robo/Hurto Automotor;;;;1 De mayo y Manuel Quintana;;Secuestro De Vehiculo;Mar del Plata;Buenos Aires;Argentina;1 De mayo y Manuel Quintana;-57.5850819,-38.0024674;ok
1764;1;2024;8;Robo/Hurto Automotor;;;;1 De mayo y General 07 Argentino Roca;;Asiste Policia y Libera;Mar del Plata;Buenos Aires;Argentina;1 De mayo y General 07 Argentino Roca;-57.5825494,-37.9992837;ok
1765;1;2024;8;Robo/Hurto Automotor;;;;Avenida Constitucion y General Jose Maria Piran;;Asiste Policia y Libera;Mar del Plata;Buenos Aires;Argentina;Avenida Constitucion y General Jose Maria Piran;-57.57661,-37.95396;ok
1766;1;2024;8;Robo/Hurto Automotor;;;;General Ignacio Rivas y Vieytes;;Se Realiza Seguimiento del Evento;Mar del Plata;Buenos Aires;Argentina;General Ignacio Rivas y Vieytes;-57.5448094,-38.0296928;ok
1767;1;2024;8;Robo/Hurto Automotor;;;;Mariano Acosta Gobernador y Necochea;;LPR - Se realiza seguimiento del vehiculo;Mar del Plata;Buenos Aires;Argentina;Mariano Acosta Gobernador y Necochea;-57.5761006,-37.9705133;ok
1768;1;2024;8;Robo/Hurto Automotor;;;;Calabria y Luis Agote;;LPR - Se realiza seguimiento del vehiculo;Mar del Plata;Buenos Aires;Argentina;Calabria y Luis Agote;-57.5809513,-38.0454468;ok
1769;1;2024;8;Robo/Hurto Automotor;;;;Nueve de Julio y Salta;;LPR - Se realiza seguimiento del vehiculo;Mar del Plata;Buenos Aires;Argentina;Nueve de Julio y Salta;-57.5520912,-37.9931409;ok
1770;1;2024;8;Robo/Hurto Automotor;;;;Brown Almirante y Avenida Juan Hector Jara;;LPR - Se realiza seguimiento del vehiculo;Mar del Plata;Buenos Aires;Argentina;Brown Almirante y Avenida Juan Hector Jara;-57.5750021,-37.9919231;ok
1771;1;2024;8;Robo/Hurto Automotor;;;;Chacabuco y Avenida Independencia;;LPR - Se realiza seguimiento del vehiculo;Mar del Plata;Buenos Aires;Argentina;Chacabuco y Avenida Independencia;-57.5470376,-37.9888474;ok
1772;1;2024;8;Robo/Hurto Automotor;;;;De La Plaza Fortunato y Avenida Victorio Tetamanti;;Asiste Policia y Libera;Mar del Plata;Buenos Aires;Argentina;De La Plaza Fortunato y Avenida Victorio Tetamanti;-57.6141125,-38.0126716;ok
1773;1;2024;8;Robo/Hurto Automotor;;;;Cervantes Saavedra y Jujuy;;Asiste Policia y Libera;Mar del Plata;Buenos Aires;Argentina;Cervantes Saavedra y Jujuy;-57.5673066,-38.0105012;ok
1774;1;2024;8;Robo/Hurto Automotor;;;;Mario Bravo y Polonia;;Asiste Policia y Libera;Mar del Plata;Buenos Aires;Argentina;Mario Bravo y Polonia;-57.6133173,-38.0287482;ok
1775;1;2024;8;Robo/Hurto Automotor;;;;Alvarado Rudecindo y España;;Asiste Policia y Libera;Mar del Plata;Buenos Aires;Argentina;Alvarado Rudecindo y España;-57.5644243,-38.0051133;ok
1776;1;2024;8;Robo/Hurto Automotor;;;;San Luis y Moreno;;Asiste Policia y Libera;Mar del Plata;Buenos Aires;Argentina;San Luis y Moreno;-57.5497104,-38.001215;ok
1777;1;2024;8;Robo/Hurto Automotor;;;;San Luis y Moreno;;No Asiste;Mar del Plata;Buenos Aires;Argentina;San Luis y Moreno;-57.5497104,-38.001215;ok
1778;1;2024;8;Robo/Hurto Automotor;;;;Olavarria y Rodriguez Martin;;No Asiste;Mar del Plata;Buenos Aires;Argentina;Olavarria y Rodriguez Martin;-57.5549538,-38.0301016;ok
1779;1;2024;9;Robo/Hurto Automotor;;;;Julian Aguirre y Jose Ortega Y Gasset;;No Asiste;Mar del Plata;Buenos Aires;Argentina;Julian Aguirre y Jose Ortega Y Gasset;-57.5546477,-37.9525354;ok
1780;1;2024;9;Robo/Hurto Automotor;;;;Cordoba y Falucho;;Asiste Policia y Libera;Mar del Plata;Buenos Aires;Argentina;Cordoba y Falucho;-57.5515323,-38.0049263;ok
1781;1;2024;9;Robo/Hurto Automotor;;;;Ituzaingo y Olazabal Felix De;;Asiste Policia y Libera;Mar del Plata;Buenos Aires;Argentina;Ituzaingo y Olazabal Felix De;-57.5548521,-37.982673;ok
1782;1;2024;9;Robo/Hurto Automotor;;;;España y Necochea;;Asiste Policia y Libera;Mar del Plata;Buenos Aires;Argentina;España y Necochea;-57.5481819,-37.9848503;ok
1783;1;2024;9;Robo/Hurto Automotor;;;;Champagnat y Rivadavia;;Asiste Policia y Libera;Mar del Plata;Buenos Aires;Argentina;Champagnat y Rivadavia;-57.583873,-37.9818884;ok
1784;1;2024;9;Robo/Hurto Automotor;;;;Avenida de los Trabajadores y De La Plaza Fortunato;;Asiste Policia y Libera;Mar del Plata;Buenos Aires;Argentina;Avenida de los Trabajadores y De La Plaza Fortunato;-57.5466702,-38.0635658;ok
1785;1;2024;9;Robo/Hurto Automotor;;;;Olavarria y Alberti Manuel;;Asiste Policia y Libera;Mar del Plata;Buenos Aires;Argentina;Olavarria y Alberti Manuel;-57.5407661,-38.0126067;ok
1786;1;2024;9;Robo/Hurto Automotor;;;;Genova y Cerrito;;Asiste Policia y Libera;Mar del Plata;Buenos Aires;Argentina;Genova y Cerrito;-57.575073,-38.0474151;ok
1787;1;2024;9;Robo/Hurto Automotor;;;;Brandsen y Teodoro Bronzini;;Asiste Policia y Libera;Mar del Plata;Buenos Aires;Argentina;Brandsen y Teodoro Bronzini;-57.5706715,-37.9724595;ok
1788;1;2024;9;Robo/Hurto Automotor;;;;Avenida Victorio Tetamanti y Juan Gutenberg;;Asiste Policia y Libera;Mar del Plata;Buenos Aires;Argentina;Avenida Victorio Tetamanti y Juan Gutenberg;-57.6199254,-38.0173001;ok
1789;1;2024;9;Robo/Hurto Automotor;;;;Tierra Del Fuego y Avellaneda Nicolas;;Asiste Policia y Libera;Mar del Plata;Buenos Aires;Argentina;Tierra Del Fuego y Avellaneda Nicolas;-57.5871928,-37.9947776;ok
1790;1;2024;9;Robo/Hurto Automotor;;;;Avenida Colon y Francia;;Asiste Policia y Libera;Mar del Plata;Buenos Aires;Argentina;Avenida Colon y Francia;-57.57432,-37.99124;ok
1791;1;2024;9;Robo/Hurto Automotor;;;;Avenida Victorio Tetamanti y Juan Gutenberg;;Asiste Policia y Libera;Mar del Plata;Buenos Aires;Argentina;Avenida Victorio Tetamanti y Juan Gutenberg;-57.6199254,-38.0173001;ok
1792;1;2024;9;Robo/Hurto Automotor;;;;Genova y Avenida Victorio Tetamanti;;Asiste Policia y Libera;Mar del Plata;Buenos Aires;Argentina;Genova y Avenida Victorio Tetamanti;-57.6174113,-38.0154398;ok
1793;1;2024;9;Robo/Hurto Automotor;;;;Avenida Independencia y Avenida Juan B. Justo;;Asiste Policia y Libera;Mar del Plata;Buenos Aires;Argentina;Avenida Independencia y Avenida Juan B. Justo;-57.5712351,-38.0189348;ok
1794;1;2024;9;Robo/Hurto Automotor;;;;Leandro N. Alem y Saavedra Cornelio;;Asiste Policia y Libera;Mar del Plata;Buenos Aires;Argentina;Leandro N. Alem y Saavedra Cornelio;-57.535139,-38.0267126;ok
1795;1;2024;9;Robo/Hurto Automotor;;;;Bolivar y Dorrego;;Asiste Policia y Libera;Mar del Plata;Buenos Aires;Argentina;Bolivar y Dorrego;-57.5615665,-37.9963572;ok
1796;1;2024;9;Robo/Hurto Automotor;;;;La Rioja y Avenida Colon;;Asiste Policia y Libera;Mar del Plata;Buenos Aires;Argentina;La Rioja y Avenida Colon;-57.5541707,-38.001345;ok
1797;1;2024;9;Robo/Hurto Automotor;;;;Neuquen y Primera Junta;;Asiste Policia y Libera;Mar del Plata;Buenos Aires;Argentina;Neuquen y Primera Junta;-57.5797174,-38.0029374;ok
1798;1;2024;9;Robo/Hurto Automotor;;;;San Salvador y Giacomo Matteotti;;Asiste Policia y Libera;Mar del Plata;Buenos Aires;Argentina;San Salvador y Giacomo Matteotti;-57.5739764,-38.0308058;ok
1799;1;2024;9;Robo/Hurto Automotor;;;;Irala y Bosch Elisa;;Asiste Policia y Libera;Mar del Plata;Buenos Aires;Argentina;Irala y Bosch Elisa;-57.5550327,-38.040315;ok
1800;1;2024;9;Robo/Hurto Automotor;;;;Willian C Morris y Cerrito;;Asiste Policia y Libera;Mar del Plata;Buenos Aires;Argentina;Willian C Morris y Cerrito;-57.5783677,-38.05;ok
1801;1;2024;9;Robo/Hurto Automotor;;;;Ayacucho y Mariano Acosta Gobernador;;Se Realiza Seguimiento del Evento;Mar del Plata;Buenos Aires;Argentina;Ayacucho y Mariano Acosta Gobernador;-57.577556,-37.9723357;ok
1802;1;2024;9;Robo/Hurto Automotor;;;;San Lorenzo y Estado De Israel;;Se Realiza Seguimiento del Evento;Mar del Plata;Buenos Aires;Argentina;San Lorenzo y Estado De Israel;-57.6007442,-37.9889243;ok
1803;1;2024;9;Robo/Hurto Automotor;;;;25 De mayo y Funes Gregorio;;Se Realiza Seguimiento del Evento;Mar del Plata;Buenos Aires;Argentina;25 De mayo y Funes Gregorio;-57.5596372,-37.9904158;ok
1804;1;2024;9;Robo/Hurto Automotor;;;;Avenida Juan B. Justo y Jose Marti;;Se Realiza Seguimiento del Evento;Mar del Plata;Buenos Aires;Argentina;Avenida Juan B. Justo y Jose Marti;-57.55608,-38.03032;ok
1805;1;2024;9;Robo/Hurto Automotor;;;;Avenida Independencia y Maipu;;Se Realiza Seguimiento del Evento;Mar del Plata;Buenos Aires;Argentina;Avenida Independencia y Maipu;-57.5476921,-37.9896896;ok
1806;1;2024;9;Robo/Hurto Automotor;;;;Arenales y Laprida;;Se Realiza Seguimiento del Evento;Mar del Plata;Buenos Aires;Argentina;Arenales y Laprida;-57.5553486,-38.0219933;ok
1807;1;2024;9;Robo/Hurto Automotor;;;;14 De julio y Castelli Juan Jose;;Asiste Policia y Libera;Mar del Plata;Buenos Aires;Argentina;14 De julio y Castelli Juan Jose;-57.5658347,-38.0033006;ok
1808;1;2024;9;Robo/Hurto Automotor;;;;Avenida Colon y Tucuman;;Asiste Policia y Libera;Mar del Plata;Buenos Aires;Argentina;Avenida Colon y Tucuman;-57.5441781,-38.0065117;ok
1809;1;2024;9;Robo/Hurto Automotor;;;;14 De julio y Ayacucho;;Asiste Policia y Libera;Mar del Plata;Buenos Aires;Argentina;14 De julio y Ayacucho;-57.5514525,-37.9854548;ok
1810;1;2024;9;Robo/Hurto Automotor;;;;Mitre Bartolome y Nueve de 07;;Asiste Policia y Libera;Mar del Plata;Buenos Aires;Argentina;Mitre Bartolome y Nueve de 07;-57.5469106,-37.9958059;ok
1811;1;2024;9;Robo/Hurto Automotor;;;;B/P Dorrego y Av. De Los Pescadores;;Asiste Policia y Libera;Mar del Plata;Buenos Aires;Argentina;B/P Dorrego y Av. De Los Pescadores;-57.5413274,-38.0492172;ok
1812;1;2024;9;Robo/Hurto Automotor;;;;San Lorenzo y Misiones;;Asiste Policia y Libera;Mar del Plata;Buenos Aires;Argentina;San Lorenzo y Misiones;-57.5757292,-38.0016133;ok
1813;1;2024;9;Robo/Hurto Automotor;;;;Tomas Falkner y Trinidad Tobago;;Hallazgo Automotor;Mar del Plata;Buenos Aires;Argentina;Tomas Falkner y Trinidad Tobago;-57.6095848,-37.9471246;ok
1814;1;2024;9;Robo/Hurto Automotor;;;;Alsina y Avenida Juan Jose Paso;;Asiste Policia y Libera;Mar del Plata;Buenos Aires;Argentina;Alsina y Avenida Juan Jose Paso;-57.55405,-38.02397;ok
1815;1;2024;9;Robo/Hurto Automotor;;;;Olegario Olazar y Magallanes;;No Asiste;Mar del Plata;Buenos Aires;Argentina;Olegario Olazar y Magallanes;-57.6008015,-38.0029822;ok
1816;1;2024;9;Robo/Hurto Automotor;;;;Brown Almirante y Sarmiento;;No Asiste;Mar del Plata;Buenos Aires;Argentina;Brown Almirante y Sarmiento;-57.5409016,-38.0092036;ok
1817;1;2024;9;Robo/Hurto Automotor;;;;Cordoba y San Martin;;Se Realiza Seguimiento del Evento;Mar del Plata;Buenos Aires;Argentina;Cordoba y San Martin;-57.5469442,-37.9994441;ok
1818;1;2024;9;Robo/Hurto Automotor;;;;Castelli Juan Jose y Mitre Bartolome;;Se Realiza Seguimiento del Evento;Mar del Plata;Buenos Aires;Argentina;Castelli Juan Jose y Mitre Bartolome;-57.556694,-38.007917;ok
1819;1;2024;9;Robo/Hurto Automotor;;;;Entre Rios y Alberti Manuel;;Asiste Policia y Libera;Mar del Plata;Buenos Aires;Argentina;Entre Rios y Alberti Manuel;-57.5487591,-38.0085618;ok
1820;1;2024;9;Robo/Hurto Automotor;;;;Mario Bravo y Triunvirato;;Asiste Policia y Libera;Mar del Plata;Buenos Aires;Argentina;Mario Bravo y Triunvirato;-57.574685,-38.0580052;ok
1821;1;2024;9;Robo/Hurto Automotor;;;;Avenida Colon y Juncal;;Asiste Policia y Libera;Mar del Plata;Buenos Aires;Argentina;Avenida Colon y Juncal;-57.58439,-37.98614;ok
1822;1;2024;9;Robo/Hurto Automotor;;;;Entre Rios y Brown Almirante;;Asiste Policia y Libera;Mar del Plata;Buenos Aires;Argentina;Entre Rios y Brown Almirante;-57.5468677,-38.0062405;ok
1823;1;2024;9;Robo/Hurto Automotor;;;;Leonardo Rosales y Galicia;;Asiste Policia y Libera;Mar del Plata;Buenos Aires;Argentina;Leonardo Rosales y Galicia;-57.5730086,-38.0370354;ok
1824;1;2024;9;Robo/Hurto Automotor;;;;Bordabehere Enzo y General 07 Argentino Roca;;Asiste Policia y Libera;Mar del Plata;Buenos Aires;Argentina;Bordabehere Enzo y General 07 Argentino Roca;-57.596456,-37.9922486;ok
1825;1;2024;9;Robo/Hurto Automotor;;;;Cordoba y San Martin;;Asiste Policia y Libera;Mar del Plata;Buenos Aires;Argentina;Cordoba y San Martin;-57.5470407,-37.9993511;ok
1826;1;2024;9;Robo/Hurto Automotor;;;;De La Plaza Fortunato y Antonio Maria Gianelli;;Asiste Policia y Libera;Mar del Plata;Buenos Aires;Argentina;De La Plaza Fortunato y Antonio Maria Gianelli;-57.5734775,-38.0431613;ok
1827;1;2024;9;Robo/Hurto Automotor;;;;Calle 20 y Calle 10;;Asiste Policia y Libera;Mar del Plata;Buenos Aires;Argentina;Calle 20 y Calle 10;-57.59421,-38.10376;ok
1828;1;2024;9;Robo/Hurto Automotor;;;;French Domingo y Avenida Juan Hector Jara;;Asiste Policia y Libera;Mar del Plata;Buenos Aires;Argentina;French Domingo y Avenida Juan Hector Jara;-57.561977,-37.9756556;ok
1829;1;2024;9;Robo/Hurto Automotor;;;;Avenida Pedro Luro y Ramon Carrillo;;Asiste Policia y Libera;Mar del Plata;Buenos Aires;Argentina;Avenida Pedro Luro y Ramon Carrillo;-57.62665,-37.95795;ok
1830;1;2024;9;Robo/Hurto Automotor;;;;Justo Santa Maria De Oro y Isla De Cerdeña;;LPR - Se realiza seguimiento del vehiculo;Mar del Plata;Buenos Aires;Argentina;Justo Santa Maria De Oro y Isla De Cerdeña;-57.5475846,-38.0850825;ok
1831;1;2024;9;Robo/Hurto Automotor;;;;Balcarce y Mitre Bartolome;;No Asiste;Mar del Plata;Buenos Aires;Argentina;Balcarce y Mitre Bartolome;-57.545028,-37.9934559;ok
1832;1;2024;9;Robo/Hurto Automotor;;;;Tres de Febrero y Olazabal Felix De;;No Asiste;Mar del Plata;Buenos Aires;Argentina;Tres de Febrero y Olazabal Felix De;-57.5594754,-37.9883958;ok
1833;1;2024;9;Robo/Hurto Automotor;;;;Avenida Pedro Luro y Don Bosco;;No Asiste;Mar del Plata;Buenos Aires;Argentina;Avenida Pedro Luro y Don Bosco;-57.5683617,-37.9873972;ok
1834;1;2024;9;Robo/Hurto Automotor;;;;Entre Rios y Roca 07;;No Asiste;Mar del Plata;Buenos Aires;Argentina;Entre Rios y Roca 07;-57.5531848,-38.0140821;ok
1835;1;2024;9;Robo/Hurto Automotor;;;;Dorrego y San Lorenzo;;Hallazgo Automotor;Mar del Plata;Buenos Aires;Argentina;Dorrego y San Lorenzo;-57.5687544,-38.0051415;ok
1836;1;2024;9;Robo/Hurto Automotor;;;;Guanahani y Gonzalez Chavez;;No Asiste;Mar del Plata;Buenos Aires;Argentina;Guanahani y Gonzalez Chavez;-57.5812607,-38.0242707;ok
1837;1;2024;9;Robo/Hurto Automotor;;;;Federico Garcia Lorca y Federico Serrano;;No Asiste;Mar del Plata;Buenos Aires;Argentina;Federico Garcia Lorca y Federico Serrano;-57.5411937,-38.0806615;ok
1838;1;2024;9;Robo/Hurto Automotor;;;;San Martin y Uruguay;;No Asiste;Mar del Plata;Buenos Aires;Argentina;San Martin y Uruguay;-57.5742108,-37.9855355;ok
1839;1;2024;9;Robo/Hurto Automotor;;;;Avenida Vertiz y Yapeyu;;No Asiste;Mar del Plata;Buenos Aires;Argentina;Avenida Vertiz y Yapeyu;-57.62236,-37.99596;ok
1840;1;2024;9;Robo/Hurto Automotor;;;;Bolivar y Onesimo Leguizamon;;Asiste Policia y Libera;Mar del Plata;Buenos Aires;Argentina;Bolivar y Onesimo Leguizamon;-57.6137305,-37.9698948;ok
1841;1;2024;9;Robo/Hurto Automotor;;;;Rivadavia y Avenida Independencia;;No Asiste;Mar del Plata;Buenos Aires;Argentina;Rivadavia y Avenida Independencia;-57.5535896,-37.9969766;ok
1842;1;2024;9;Robo/Hurto Automotor;;;;San Salvador y Ciudad De Dolores;;No Asiste;Mar del Plata;Buenos Aires;Argentina;San Salvador y Ciudad De Dolores;-57.5829659,-38.0243137;ok
1843;1;2024;9;Robo/Hurto Automotor;;;;Rivadavia y España;;No Asiste;Mar del Plata;Buenos Aires;Argentina;Rivadavia y España;-57.5567375,-37.9954587;ok
1844;1;2024;9;Robo/Hurto Automotor;;;;Carmen De Las Flores y San Salvador;;No Asiste;Mar del Plata;Buenos Aires;Argentina;Carmen De Las Flores y San Salvador;-57.6207262,-37.9957868;ok
1845;1;2024;9;Robo/Hurto Automotor;;;;General Rafael De Riego y De La Plaza Fortunato;;Asiste Policia y Libera;Mar del Plata;Buenos Aires;Argentina;General Rafael De Riego y De La Plaza Fortunato;-57.5807075,-38.0379182;ok
1846;1;2024;9;Robo/Hurto Automotor;;;;Brandsen y Jujuy;;No Asiste;Mar del Plata;Buenos Aires;Argentina;Brandsen y Jujuy;-57.5466284,-37.9845996;ok
1847;1;2024;9;Robo/Hurto Automotor;;;;Laprida y Catorce de 07;;No Asiste;Mar del Plata;Buenos Aires;Argentina;Laprida y Catorce de 07;-57.5735092,-38.0127674;ok
1848;1;2024;9;Robo/Hurto Automotor;;;;Rawson y 20 De Setiembre;;No Asiste;Mar del Plata;Buenos Aires;Argentina;Rawson y 20 De Setiembre;-57.563602,-38.0021997;ok
1849;1;2024;9;Robo/Hurto Automotor;;;;Avenida Colon y Avenida Juan Hector Jara;;Asiste Policia y Libera;Mar del Plata;Buenos Aires;Argentina;Avenida Colon y Avenida Juan Hector Jara;-57.5743573,-37.9912099;ok
1850;1;2024;9;Robo/Hurto Automotor;;;;Cerro Lanin y Isla Candelaria;;Asiste Policia y Libera;Mar del Plata;Buenos Aires;Argentina;Cerro Lanin y Isla Candelaria;-57.5269914,-37.9029985;ok
1851;1;2024;9;Robo/Hurto Automotor;;;;Catamarca y Avenida Colon;;Persecucion Y Detencion;Mar del Plata;Buenos Aires;Argentina;Catamarca y Avenida Colon;-57.55537,-38.00056;ok
1852;1;2024;9;Robo/Hurto Automotor;;;;Ricardo Guiraldes y Ambrosio Bestoso;;LPR - Se realiza seguimiento del vehiculo;Mar del Plata;Buenos Aires;Argentina;Ricardo Guiraldes y Ambrosio Bestoso;-57.5924001,-38.0406391;ok
1853;1;2024;9;Robo/Hurto Automotor;;;;Rio Negro y La Pampa;;Asiste Policia y Libera;Mar del Plata;Buenos Aires;Argentina;Rio Negro y La Pampa;-57.55597,-37.9756;ok
1854;1;2024;9;Robo/Hurto Automotor;;;;Lisandro De La Torre y Doce de 10;;No Asiste;Mar del Plata;Buenos Aires;Argentina;Lisandro De La Torre y Doce de 10;-57.576145,-38.0205287;ok
1855;1;2024;9;Robo/Hurto Automotor;;;;Castelli Juan Jose y Santa Fe;;No Asiste;Mar del Plata;Buenos Aires;Argentina;Castelli Juan Jose y Santa Fe;-57.5526604,-38.0098852;ok
1856;1;2024;9;Robo/Hurto Automotor;;;;11 De Setiembre y Uruguay;;LPR - Se realiza seguimiento del vehiculo;Mar del Plata;Buenos Aires;Argentina;11 De Setiembre y Uruguay;-57.5709024,-37.9814617;ok
1857;1;2024;9;Robo/Hurto Automotor;;;;Gaboto y Herminia Brumana;;Asiste Policia y Libera;Mar del Plata;Buenos Aires;Argentina;Gaboto y Herminia Brumana;-57.587541,-38.009283;ok
1858;1;2024;9;Robo/Hurto Automotor;;;;Soler Miguel y Juan Vucetich;;LPR - Se realiza seguimiento del vehiculo;Mar del Plata;Buenos Aires;Argentina;Soler Miguel y Juan Vucetich;-57.55108,-38.056067;ok
1859;1;2024;9;Robo/Hurto Automotor;;;;San Martin y Entre Rios;;Se Realiza Seguimiento del Evento;Mar del Plata;Buenos Aires;Argentina;San Martin y Entre Rios;-57.542948,-38.001303;ok
1860;1;2024;9;Robo/Hurto Automotor;;;;Cno. Ruta 88 A Calle Lib. Gral. San Martin y acceso a parque industrial;;Se Realiza Seguimiento del Evento;Mar del Plata;Buenos Aires;Argentina;Cno. Ruta 88 A Calle Lib. Gral. San Martin y acceso a parque industrial;-57.663641,-38.008278;ok
1861;1;2024;9;Robo/Hurto Automotor;;;;20 De Setiembre y Alvarado Rudecindo;;Se Realiza Seguimiento del Evento;Mar del Plata;Buenos Aires;Argentina;20 De Setiembre y Alvarado Rudecindo;-57.565466,-38.004513;ok
1862;1;2024;9;Robo/Hurto Automotor;;;;Santiago Del Estero y Avenida Pedro Luro;;Asiste Policia y Libera;Mar del Plata;Buenos Aires;Argentina;Santiago Del Estero y Avenida Pedro Luro;-57.545236,-37.998932;ok
1863;1;2024;9;Robo/Hurto Automotor;;;;11 De Setiembre y Avenida Independencia;;Asiste Policia y Libera;Mar del Plata;Buenos Aires;Argentina;11 De Setiembre y Avenida Independencia;-57.549676,-37.992127;ok
1864;1;2024;9;Robo/Hurto Automotor;;;;Viamonte y Rodriguez Martin;;Asiste Policia y Libera;Mar del Plata;Buenos Aires;Argentina;Viamonte y Rodriguez Martin;-57.552013,-38.031586;ok
1865;1;2024;9;Robo/Hurto Automotor;;;;Cordoba y Azcuenaga;;Asiste Policia y Libera;Mar del Plata;Buenos Aires;Argentina;Cordoba y Azcuenaga;-57.564992,-38.02166;ok
1866;1;2024;9;Robo/Hurto Automotor;;;;Nueve de Julio y La Pampa;;Asiste Policia y Libera;Mar del Plata;Buenos Aires;Argentina;Nueve de Julio y La Pampa;-57.56104,-37.98879;ok
1867;1;2024;9;Robo/Hurto Automotor;;;;Cayetano Rodriguez y Ciudad De Oneglia;;Asiste Policia y Libera;Mar del Plata;Buenos Aires;Argentina;Cayetano Rodriguez y Ciudad De Oneglia;-57.551912,-38.083772;ok
1868;1;2024;9;Robo/Hurto Automotor;;;;Avenida Pedro Luro y Santa Fe;;LPR - Se realiza seguimiento del vehiculo;Mar del Plata;Buenos Aires;Argentina;Avenida Pedro Luro y Santa Fe;-57.5442049,-37.9996299;ok
1869;1;2024;9;Robo/Hurto Automotor;;;;Republica Arabe Siria y Necochea;;LPR - Se realiza seguimiento del vehiculo;Mar del Plata;Buenos Aires;Argentina;Republica Arabe Siria y Necochea;-57.606268,-37.955558;ok
1870;1;2024;9;Robo/Hurto Automotor;;;;General Manuel N. Savio y Magallanes;;Asiste Policia y Libera;Mar del Plata;Buenos Aires;Argentina;General Manuel N. Savio y Magallanes;-57.5675044,-38.0283761;ok
1871;1;2024;9;Robo/Hurto Automotor;;;;Juncal y Avenida Libertad;;Asiste Policia y Libera;Mar del Plata;Buenos Aires;Argentina;Juncal y Avenida Libertad;-57.57651,-37.97642;ok
1872;1;2024;9;Robo/Hurto Automotor;;;;Brasil y Avenida Colon;;No Asiste;Mar del Plata;Buenos Aires;Argentina;Brasil y Avenida Colon;-57.611558,-37.972279;ok
1873;1;2024;9;Robo/Hurto Automotor;;;;Avenida Colon y Peru;;Asiste Policia y Libera;Mar del Plata;Buenos Aires;Argentina;Avenida Colon y Peru;-57.58238,-37.98717;ok
1874;1;2024;9;Robo/Hurto Automotor;;;;Malvinas y Maipu;;No Asiste;Mar del Plata;Buenos Aires;Argentina;Malvinas y Maipu;-57.574866,-37.975881;ok
1875;1;2024;9;Robo/Hurto Automotor;;;;Grecia y Alvarado Rudecindo;;LPR - Se realiza seguimiento del vehiculo;Mar del Plata;Buenos Aires;Argentina;Grecia y Alvarado Rudecindo;-57.602552,-37.985833;ok
1876;1;2024;9;Robo/Hurto Automotor;;;;11 De Setiembre y Jujuy;;LPR - Se realiza seguimiento del vehiculo;Mar del Plata;Buenos Aires;Argentina;11 De Setiembre y Jujuy;-57.551746,-37.991141;ok
1877;1;2024;9;Robo/Hurto Automotor;;;;Solis y General Manuel N. Savio;;No Asiste;Mar del Plata;Buenos Aires;Argentina;Solis y General Manuel N. Savio;-57.564293,-38.025465;ok
1878;1;2024;9;Robo/Hurto Automotor;;;;Alvarado Rudecindo y Guillermo Marconi Ingeniero;;Hallazgo Automotor;Mar del Plata;Buenos Aires;Argentina;Alvarado Rudecindo y Guillermo Marconi Ingeniero;-57.58392,-37.99426;ok
1879;1;2024;9;Robo/Hurto Automotor;;;;Godofredo Daireaux y Avenida Constitucion;;Asiste Policia y Libera;Mar del Plata;Buenos Aires;Argentina;Godofredo Daireaux y Avenida Constitucion;-57.5636436,-37.9604562;ok
1880;1;2024;9;Robo/Hurto Automotor;;;;Beruti Antonio Luis y Martiniano Chilabert;;Asiste Policia y Libera;Mar del Plata;Buenos Aires;Argentina;Beruti Antonio Luis y Martiniano Chilabert;-57.5924289,-37.9593265;ok
1881;1;2024;9;Robo/Hurto Automotor;;;;Carmen De Las Flores y Soler Miguel;;No Asiste;Mar del Plata;Buenos Aires;Argentina;Carmen De Las Flores y Soler Miguel;-57.625572,-37.999871;ok
1882;1;2024;9;Robo/Hurto Automotor;;;;Castelli Juan Jose y España;;Asiste Policia y Libera;Mar del Plata;Buenos Aires;Argentina;Castelli Juan Jose y España;-57.563739,-38.004286;ok
1883;1;2024;9;Robo/Hurto Automotor;;;;Jose Manuel Estrada y Jose Ortega Y Gasset;;Asiste Policia y Libera;Mar del Plata;Buenos Aires;Argentina;Jose Manuel Estrada y Jose Ortega Y Gasset;-57.55194,-37.95295;ok
1884;1;2024;9;Robo/Hurto Automotor;;;;Catamarca y Roca 07;;LPR - Se realiza seguimiento del vehiculo;Mar del Plata;Buenos Aires;Argentina;Catamarca y Roca 07;-57.562114,-38.009628;ok
1885;1;2024;9;Robo/Hurto Automotor;;;;Chacabuco y Don Bosco;;No Asiste;Mar del Plata;Buenos Aires;Argentina;Chacabuco y Don Bosco;-57.563112,-37.980724;ok
1886;1;2024;9;Robo/Hurto Automotor;;;;O'higgins y Leandro N. Alem;;Asiste Bomberos;Mar del Plata;Buenos Aires;Argentina;O'higgins y Leandro N. Alem;-57.5422854,-38.0355423;ok
1887;1;2024;9;Robo/Hurto Automotor;;;;Ayolas y Jose Luis Geronimo Camusso Intendente;;Asiste Policia y Libera;Mar del Plata;Buenos Aires;Argentina;Ayolas y Jose Luis Geronimo Camusso Intendente;-57.5882399,-38.0139813;ok
1888;1;2024;9;Robo/Hurto Automotor;;;;San Martin y Cordoba;;No Asiste;Mar del Plata;Buenos Aires;Argentina;San Martin y Cordoba;-57.54696,-37.999354;ok
1889;1;2024;9;Robo/Hurto Automotor;;;;Genaro Giacobini y Avenida de los Trabajadores;;No Asiste;Mar del Plata;Buenos Aires;Argentina;Genaro Giacobini y Avenida de los Trabajadores;-57.545847,-38.057487;ok
1890;1;2024;9;Robo/Hurto Automotor;;;;Neuquen y Once de 09;;Asiste Policia y Libera;Mar del Plata;Buenos Aires;Argentina;Neuquen y Once de 09;-57.564782,-37.984593;ok
1891;1;2024;9;Robo/Hurto Automotor;;;;Matias Strobel y Ricardo Gutierrez;;Se Realiza Seguimiento del Evento;Mar del Plata;Buenos Aires;Argentina;Matias Strobel y Ricardo Gutierrez;-57.547749,-37.977493;ok
1892;1;2024;9;Robo/Hurto Automotor;;;;Remedios De Escalada y Alberti Manuel;;No Asiste;Mar del Plata;Buenos Aires;Argentina;Remedios De Escalada y Alberti Manuel;-57.597975,-37.983748;ok
1893;1;2024;9;Robo/Hurto Automotor;;;;Calle 485 y Calle 20;;LPR - Se realiza seguimiento del vehiculo;Mar del Plata;Buenos Aires;Argentina;Calle 485 y Calle 20;-57.603342,-38.109138;ok
1894;1;2024;9;Robo/Hurto Automotor;;;;25 De mayo y Ciudad De Rosario;;Asiste Policia y Libera;Mar del Plata;Buenos Aires;Argentina;25 De mayo y Ciudad De Rosario;-57.620964,-37.959386;ok
1895;1;2024;9;Robo/Hurto Automotor;;;;25 De mayo y Olazabal Felix De;;No Asiste;Mar del Plata;Buenos Aires;Argentina;25 De mayo y Olazabal Felix De;-57.56072,-37.989887;ok
1896;1;2024;9;Robo/Hurto Automotor;;;;Alberti Manuel y Alsina;;No Asiste;Mar del Plata;Buenos Aires;Argentina;Alberti Manuel y Alsina;-57.541821,-38.012116;ok
1897;1;2024;9;Robo/Hurto Automotor;;;;Belgrano y Termas De Rio Hondo;;No Asiste;Mar del Plata;Buenos Aires;Argentina;Belgrano y Termas De Rio Hondo;-57.598528,-37.975394;ok
1898;1;2024;9;Robo/Hurto Automotor;;;;Moreno y 20 De Setiembre;;Asiste Policia y Libera;Mar del Plata;Buenos Aires;Argentina;Moreno y 20 De Setiembre;-57.559002,-37.996611;ok
1899;1;2024;9;Robo/Hurto Automotor;;;;Matheu Domingo y Tucuman;;Asiste Policia y Libera;Mar del Plata;Buenos Aires;Argentina;Matheu Domingo y Tucuman;-57.554467,-38.019074;ok
1900;1;2024;9;Robo/Hurto Automotor;;;;Avenida Vertiz y Avenida Victorio Tetamanti;;Asiste Policia y Libera;Mar del Plata;Buenos Aires;Argentina;Avenida Vertiz y Avenida Victorio Tetamanti;-57.607586,-38.007026;ok
1901;1;2024;9;Robo/Hurto Automotor;;;;Rodriguez Peña y Teodoro Bronzini;;Asiste Policia y Libera;Mar del Plata;Buenos Aires;Argentina;Rodriguez Peña y Teodoro Bronzini;-57.5901311,-37.9967078;ok
1902;1;2024;9;Robo/Hurto Automotor;;;;Hipolito Yrigoyen y Avenida Pedro Luro;;Detencion;Mar del Plata;Buenos Aires;Argentina;Hipolito Yrigoyen y Avenida Pedro Luro;-57.5491919,-37.997121;ok
1903;1;2024;9;Robo/Hurto Automotor;;;;Gonzalez Chavez y Benito Linch;;LPR - Se realiza seguimiento del vehiculo;Mar del Plata;Buenos Aires;Argentina;Gonzalez Chavez y Benito Linch;-57.598574,-38.038634;ok
1904;1;2024;9;Robo/Hurto Automotor;;;;Mariano Castex y Napoles;;Asiste Policia y Libera;Mar del Plata;Buenos Aires;Argentina;Mariano Castex y Napoles;-57.59388,-38.031797;ok
1905;1;2024;9;Robo/Hurto Automotor;;;;Olazabal Felix De y Ayacucho;;Hallazgo Automotor;Mar del Plata;Buenos Aires;Argentina;Olazabal Felix De y Ayacucho;-57.555421,-37.983453;ok
1906;1;2024;9;Robo/Hurto Automotor;;;;Juan Gutenberg y Reforma Universitaria;;Asiste Policia y Libera;Mar del Plata;Buenos Aires;Argentina;Juan Gutenberg y Reforma Universitaria;-57.61617,-38.02668;ok
1907;1;2024;9;Robo/Hurto Automotor;;;;Brown Almirante y San Juan;;Asiste Policia y Libera;Mar del Plata;Buenos Aires;Argentina;Brown Almirante y San Juan;-57.56699,-37.996017;ok
1908;1;2024;9;Robo/Hurto Automotor;;;;Rodriguez Peña y Catorce de 07;;Asiste Policia y Libera;Mar del Plata;Buenos Aires;Argentina;Rodriguez Peña y Catorce de 07;-57.5690315,-38.0073957;ok
1909;1;2024;9;Robo/Hurto Automotor;;;;Rivadavia y Catamarca;;Asiste Policia y Libera;Mar del Plata;Buenos Aires;Argentina;Rivadavia y Catamarca;-57.552544,-37.997635;ok
1910;1;2024;9;Robo/Hurto Automotor;;;;Avellaneda Nicolas y Salta;;Asiste Policia y Libera;Mar del Plata;Buenos Aires;Argentina;Avellaneda Nicolas y Salta;-57.5690794,-38.016362;ok
1911;1;2024;9;Robo/Hurto Automotor;;;;Rodriguez Martin y Viamonte;;Asiste Policia y Libera;Mar del Plata;Buenos Aires;Argentina;Rodriguez Martin y Viamonte;-57.551981,-38.03167;ok
1912;1;2024;9;Robo/Hurto Automotor;;;;Tres Arroyos y Falucho;;Asiste Policia y Libera;Mar del Plata;Buenos Aires;Argentina;Tres Arroyos y Falucho;-57.591721,-37.984663;ok
1913;1;2024;9;Robo/Hurto Automotor;;;;Republica Del Libano y Balcarce;;LPR - Se realiza seguimiento del vehiculo;Mar del Plata;Buenos Aires;Argentina;Republica Del Libano y Balcarce;-57.584208,-37.973586;ok
1914;1;2024;9;Robo/Hurto Automotor;;;;Avenida Juan B. Justo y España;;Detencion;Mar del Plata;Buenos Aires;Argentina;Avenida Juan B. Justo y España;-57.5739814,-38.0168136;ok
1915;1;2024;9;Robo/Hurto Automotor;;;;Moreno y España;;Se Realiza Seguimiento del Evento;Mar del Plata;Buenos Aires;Argentina;Moreno y España;-57.5579752,-37.9972122;ok
1916;1;2024;9;Robo/Hurto Automotor;;;;La Pampa y San Martin;;LPR - Se realiza seguimiento del vehiculo;Mar del Plata;Buenos Aires;Argentina;La Pampa y San Martin;-57.5640567,-37.9907962;ok
1917;1;2024;9;Robo/Hurto Automotor;;;;Federico Serrano y Lombardia;;No Asiste;Mar del Plata;Buenos Aires;Argentina;Federico Serrano y Lombardia;-57.556572,-38.092893;ok
1918;1;2024;9;Robo/Hurto Automotor;;;;Santa Fe y Castelli Juan Jose;;No Asiste;Mar del Plata;Buenos Aires;Argentina;Santa Fe y Castelli Juan Jose;-57.552703,-38.009936;ok
1919;1;2024;9;Robo/Hurto Automotor;;;;Arenales y Rawson;;No Asiste;Mar del Plata;Buenos Aires;Argentina;Arenales y Rawson;-57.546434,-38.010909;ok
1920;1;2024;9;Robo/Hurto Automotor;;;;Justo Santa Maria De Oro y Diagonal Estados Unidos De Norteamerica;;Asiste Policia y Libera;Mar del Plata;Buenos Aires;Argentina;Justo Santa Maria De Oro y Diagonal Estados Unidos De Norteamerica;-57.5564,-38.09194;ok
1921;1;2024;9;Robo/Hurto Automotor;;;;Polonia y De La Plaza Fortunato;;Asiste Policia y Libera;Mar del Plata;Buenos Aires;Argentina;Polonia y De La Plaza Fortunato;-57.6036474,-38.0204463;ok
1922;1;2024;9;Robo/Hurto Automotor;;;;Gaboto y Marcelo T. De Alvear;;Asiste Policia y Libera;Mar del Plata;Buenos Aires;Argentina;Gaboto y Marcelo T. De Alvear;-57.556069,-38.032936;ok
1923;1;2024;9;Robo/Hurto Automotor;;;;De La Plaza Fortunato y Herminia Brumana;;Se Realiza Seguimiento del Evento;Mar del Plata;Buenos Aires;Argentina;De La Plaza Fortunato y Herminia Brumana;-57.602343,-38.021414;ok
1924;1;2024;9;Robo/Hurto Automotor;;;;Avenida Pedro Luro y La Rioja;;Asiste Policia y Libera;Mar del Plata;Buenos Aires;Argentina;Avenida Pedro Luro y La Rioja;-57.5502044,-37.9966109;ok
1925;1;2024;9;Robo/Hurto Automotor;;;;Juan Bautista Alberdi y Cordoba;;LPR - Se realiza seguimiento del vehiculo;Mar del Plata;Buenos Aires;Argentina;Juan Bautista Alberdi y Cordoba;-57.545541,-37.9976;ok
1926;1;2024;9;Robo/Hurto Automotor;;;;Dorrego y Garay Juan De;;LPR - Se realiza seguimiento del vehiculo;Mar del Plata;Buenos Aires;Argentina;Dorrego y Garay Juan De;-57.566164,-38.002056;ok
1927;1;2024;9;Robo/Hurto Automotor;;;;Genova y Andres Mac Gaul;;LPR - Se realiza seguimiento del vehiculo;Mar del Plata;Buenos Aires;Argentina;Genova y Andres Mac Gaul;-57.614887,-38.017371;ok
1928;1;2024;9;Robo/Hurto Automotor;;;;Esteban Gascon y Alsina;;No Asiste;Mar del Plata;Buenos Aires;Argentina;Esteban Gascon y Alsina;-57.541175,-38.011287;ok
1929;1;2024;9;Robo/Hurto Automotor;;;;Rawson y Estado De Israel;;No Asiste;Mar del Plata;Buenos Aires;Argentina;Rawson y Estado De Israel;-57.597595,-37.985052;ok
1930;1;2024;9;Robo/Hurto Automotor;;;;Genova y Gonzalez Chavez;;Asiste Policia y Libera;Mar del Plata;Buenos Aires;Argentina;Genova y Gonzalez Chavez;-57.5928098,-38.0340112;ok
1931;1;2024;9;Robo/Hurto Automotor;;;;Chile y Primera Junta;;Asiste Policia y Libera;Mar del Plata;Buenos Aires;Argentina;Chile y Primera Junta;-57.586785,-37.999407;ok
1932;1;2024;9;Robo/Hurto Automotor;;;;Calabria y Esteban Echeverria;;Asiste Policia y Libera;Mar del Plata;Buenos Aires;Argentina;Calabria y Esteban Echeverria;-57.5830747,-38.0439773;ok
1933;1;2024;9;Robo/Hurto Automotor;;;;Sicilia y Talcahuano;;Se Realiza Seguimiento del Evento;Mar del Plata;Buenos Aires;Argentina;Sicilia y Talcahuano;-57.586515,-38.039942;ok
1934;1;2024;9;Robo/Hurto Automotor;;;;25 De mayo y Catorce de 07;;Se Realiza Seguimiento del Evento;Mar del Plata;Buenos Aires;Argentina;25 De mayo y Catorce de 07;-57.556668,-37.992024;ok
1935;1;2024;9;Robo/Hurto Automotor;;;;La Rioja y Venticinco de 05;;Se Realiza Seguimiento del Evento;Mar del Plata;Buenos Aires;Argentina;La Rioja y Venticinco de 05;-57.549501,-37.995669;ok
1936;1;2024;9;Robo/Hurto Automotor;;;;San Salvador y Pescadores;;No Asiste;Mar del Plata;Buenos Aires;Argentina;San Salvador y Pescadores;-57.5502907,-38.0494916;ok
1937;1;2024;9;Robo/Hurto Automotor;;;;Ruta 11 y Islas Baleares;;Asiste Policia y Libera;Mar del Plata;Buenos Aires;Argentina;Ruta 11 y Islas Baleares;-57.560045,-38.099841;ok
1938;1;2024;9;Robo/Hurto Automotor;;;;Rodriguez Peña y España;;No Asiste;Mar del Plata;Buenos Aires;Argentina;Rodriguez Peña y España;-57.567105,-38.008312;ok
1939;1;2024;9;Robo/Hurto Automotor;;;;Santa Fe y San Lorenzo;;Se Realiza Seguimiento del Evento;Mar del Plata;Buenos Aires;Argentina;Santa Fe y San Lorenzo;-57.55461,-38.012335;ok
1940;1;2024;9;Robo/Hurto Automotor;;;;Cordoba y Brown Almirante;;No Asiste;Mar del Plata;Buenos Aires;Argentina;Cordoba y Brown Almirante;-57.55082,-38.00433;ok
1941;1;2024;9;Robo/Hurto Automotor;;;;Diagonal Estados Unidos De Norteamerica y Avenida de los Trabajadores;;Asiste Policia y Libera;Mar del Plata;Buenos Aires;Argentina;Diagonal Estados Unidos De Norteamerica y Avenida de los Trabajadores;-57.54757,-38.09361;ok
1942;1;2024;9;Robo/Hurto Automotor;;;;Jose Ortega Y Gasset y Geronimo Rejon;;LPR - Se realiza seguimiento del vehiculo;Mar del Plata;Buenos Aires;Argentina;Jose Ortega Y Gasset y Geronimo Rejon;-57.566137,-37.966992;ok
1943;1;2024;9;Robo/Hurto Automotor;;;;Alvarado Rudecindo y Teodoro Bronzini;;Se Realiza Seguimiento del Evento;Mar del Plata;Buenos Aires;Argentina;Alvarado Rudecindo y Teodoro Bronzini;-57.5876039,-37.9935737;ok
1944;1;2024;9;Robo/Hurto Automotor;;;;Aristobulo Del Valle y Esteban Gascon;;No Asiste;Mar del Plata;Buenos Aires;Argentina;Aristobulo Del Valle y Esteban Gascon;-57.527208,-38.018412;ok
1945;1;2024;9;Robo/Hurto Automotor;;;;Patagones y Valencia;;No Asiste;Mar del Plata;Buenos Aires;Argentina;Patagones y Valencia;-57.546262,-37.970405;ok
1946;1;2024;9;Robo/Hurto Automotor;;;;Willian C Morris y Marcelo 07 Fitte;;No Asiste;Mar del Plata;Buenos Aires;Argentina;Willian C Morris y Marcelo 07 Fitte;-57.621526,-38.017409;ok
1947;1;2024;9;Robo/Hurto Automotor;;;;San Martin y Coronel Suarez Bis;;No Asiste;Mar del Plata;Buenos Aires;Argentina;San Martin y Coronel Suarez Bis;-57.599216,-37.972864;ok
1948;1;2024;9;Robo/Hurto Automotor;;;;Avenida Pedro Luro y Catamarca;;No Asiste;Mar del Plata;Buenos Aires;Argentina;Avenida Pedro Luro y Catamarca;-57.551273,-37.995875;ok
1949;1;2024;9;Robo/Hurto Automotor;;;;Misiones y San Martin;;Asiste Policia y Libera;Mar del Plata;Buenos Aires;Argentina;Misiones y San Martin;-57.566017,-37.98966;ok
1950;1;2024;9;Robo/Hurto Automotor;;;;San Juan y San Martin;;Asiste Policia y Libera;Mar del Plata;Buenos Aires;Argentina;San Juan y San Martin;-57.5630673,-37.9912996;ok
1951;1;2024;9;Robo/Hurto Automotor;;;;Ramon Carrillo y Belgrano;;Asiste Policia y Libera;Mar del Plata;Buenos Aires;Argentina;Ramon Carrillo y Belgrano;-57.6285844,-37.9603566;ok
1952;1;2024;9;Robo/Hurto Automotor;;;;Cerrito y Calle 75;;Asiste Unidad Sanitaria y Traslada;Mar del Plata;Buenos Aires;Argentina;Cerrito y Calle 75;-57.5885502,-38.0584892;ok
1953;1;2024;9;Robo/Hurto Automotor;;;;Avenida Colon y Don Bosco;;Asiste Policia y Libera;Mar del Plata;Buenos Aires;Argentina;Avenida Colon y Don Bosco;-57.5723,-37.992162;ok
1954;1;2024;9;Robo/Hurto Automotor;;;;San Juan y Brandsen;;Asiste Policia y Libera;Mar del Plata;Buenos Aires;Argentina;San Juan y Brandsen;-57.5545239,-37.9807722;ok
1955;1;2024;9;Robo/Hurto Automotor;;;;España y Rawson;;LPR - Se realiza seguimiento del vehiculo;Mar del Plata;Buenos Aires;Argentina;España y Rawson;-57.562558,-38.002766;ok
1956;1;2024;9;Robo/Hurto Automotor;;;;Santiago Del Estero y Brown Almirante;;Asiste Policia y Libera;Mar del Plata;Buenos Aires;Argentina;Santiago Del Estero y Brown Almirante;-57.549872,-38.004774;ok
1957;1;2024;9;Robo/Hurto Automotor;;;;Avenida Independencia y Venticinco de 05;;Asiste Policia y Libera;Mar del Plata;Buenos Aires;Argentina;Avenida Independencia y Venticinco de 05;-57.551644,-37.994538;ok
1958;1;2024;9;Robo/Hurto Automotor;;;;Rivadavia y Funes Gregorio;;Asiste Policia y Libera;Mar del Plata;Buenos Aires;Argentina;Rivadavia y Funes Gregorio;-57.561713,-37.993048;ok
1959;1;2024;9;Robo/Hurto Automotor;;;;España y Rawson;;Asiste Policia y Libera;Mar del Plata;Buenos Aires;Argentina;España y Rawson;-57.562558,-38.002766;ok
1960;1;2024;9;Robo/Hurto Automotor;;;;Los Granados y Tomas Manuel De Anchorena;;Asiste Policia y Libera;Mar del Plata;Buenos Aires;Argentina;Los Granados y Tomas Manuel De Anchorena;-57.5598661,-37.9378199;ok
1961;1;2024;9;Robo/Hurto Automotor;;;;Sicilia y Talcahuano;;Asiste Policia y Libera;Mar del Plata;Buenos Aires;Argentina;Sicilia y Talcahuano;-57.586504,-38.039976;ok
1962;1;2024;9;Robo/Hurto Automotor;;;;Casildo Villar y Eduardo G. Carasa;;Asiste Policia y Libera;Mar del Plata;Buenos Aires;Argentina;Casildo Villar y Eduardo G. Carasa;-57.58771,-38.03108;ok
1963;1;2024;9;Robo/Hurto Automotor;;;;Luciano Arrue y San Martin;;Asiste Policia y Libera;Mar del Plata;Buenos Aires;Argentina;Luciano Arrue y San Martin;-57.598291,-37.973411;ok
1964;1;2024;9;Robo/Hurto Automotor;;;;Roque Saenz Peña y Soler Miguel;;Asiste Policia y Libera;Mar del Plata;Buenos Aires;Argentina;Roque Saenz Peña y Soler Miguel;-57.576466,-38.037;ok
1965;1;2024;9;Robo/Hurto Automotor;;;;Avenida Juan B. Justo y Francisco Saverio Scarpatti;;Asiste Policia y Libera;Mar del Plata;Buenos Aires;Argentina;Avenida Juan B. Justo y Francisco Saverio Scarpatti;-57.6055021,-37.9930798;ok
1966;1;2024;9;Robo/Hurto Automotor;;;;Federico Garcia Lorca y Pedro Ignacio De Castro Barros;;Asiste Policia y Libera;Mar del Plata;Buenos Aires;Argentina;Federico Garcia Lorca y Pedro Ignacio De Castro Barros;-57.55141,-38.07302;ok
1967;1;2024;9;Robo/Hurto Automotor;;;;Las Heras y Alberti Manuel;;LPR - Se realiza seguimiento del vehiculo;Mar del Plata;Buenos Aires;Argentina;Las Heras y Alberti Manuel;-57.54378,-38.01125;ok
1968;1;2024;9;Robo/Hurto Automotor;;;;Chile y Alberti Manuel;;LPR - Se realiza seguimiento del vehiculo;Mar del Plata;Buenos Aires;Argentina;Chile y Alberti Manuel;-57.58102,-37.9924;ok
1969;1;2024;9;Robo/Hurto Automotor;;;;Mario Bravo y Giacomo Matteotti;;Detencion;Mar del Plata;Buenos Aires;Argentina;Mario Bravo y Giacomo Matteotti;-57.5914123,-38.0454463;ok
1970;1;2024;9;Robo/Hurto Automotor;;;;Rivadavia y Senador Enzo Bordabehere;;No Asiste;Mar del Plata;Buenos Aires;Argentina;Rivadavia y Senador Enzo Bordabehere;-57.58674,-37.98042;ok
1971;1;2024;9;Robo/Hurto Automotor;;;;San Martin y Olazabal Felix De;;No Asiste;Mar del Plata;Buenos Aires;Argentina;San Martin y Olazabal Felix De;-57.5620449,-37.9918396;ok
1972;1;2024;9;Robo/Hurto Automotor;;;;Entre Rios y Rawson;;Hallazgo Automotor;Mar del Plata;Buenos Aires;Argentina;Entre Rios y Rawson;-57.54942,-38.0095;ok
1973;1;2024;9;Robo/Hurto Automotor;;;;Soler Miguel y Juana Manso;;Hallazgo Automotor;Mar del Plata;Buenos Aires;Argentina;Soler Miguel y Juana Manso;-57.58329,-38.03193;ok
1974;1;2024;9;Robo/Hurto Automotor;;;;Luis Vernet y Willian C Morris;;No Asiste;Mar del Plata;Buenos Aires;Argentina;Luis Vernet y Willian C Morris;-57.55849,-38.0651;ok
1975;1;2024;9;Robo/Hurto Automotor;;;;Don Bosco y Formosa;;No Asiste;Mar del Plata;Buenos Aires;Argentina;Don Bosco y Formosa;-57.5832,-38.00578;ok
1976;1;2024;9;Robo/Hurto Automotor;;;;Don Bosco y French Domingo;;No Asiste;Mar del Plata;Buenos Aires;Argentina;Don Bosco y French Domingo;-57.55988,-37.97697;ok
1977;1;2024;9;Robo/Hurto Automotor;;;;Avenida Juan Hector Jara y Bolivar;;Asiste Policia y Libera;Mar del Plata;Buenos Aires;Argentina;Avenida Juan Hector Jara y Bolivar;-57.573637,-37.9903793;ok
1978;1;2024;9;Robo/Hurto Automotor;;;;Moreno y Guido Tomas;;No Asiste;Mar del Plata;Buenos Aires;Argentina;Moreno y Guido Tomas;-57.56199,-37.99517;ok
1979;1;2024;9;Robo/Hurto Automotor;;;;Calle 499 y Calle 12;;No Asiste;Mar del Plata;Buenos Aires;Argentina;Calle 499 y Calle 12;-57.60254,-38.11711;ok
1980;1;2024;9;Robo/Hurto Automotor;;;;Jujuy y Avenida Libertad;;Asiste Policia y Libera;Mar del Plata;Buenos Aires;Argentina;Jujuy y Avenida Libertad;-57.55042,-37.98961;ok
1981;1;2024;9;Robo/Hurto Automotor;;;;Martin Miguel De Guemes y Bolivar;;Asiste Policia y Libera;Mar del Plata;Buenos Aires;Argentina;Martin Miguel De Guemes y Bolivar;-57.5364772,-38.0091991;ok
1982;1;2024;9;Robo/Hurto Automotor;;;;Belgrano y Cordoba;;Se Realiza Seguimiento del Evento;Mar del Plata;Buenos Aires;Argentina;Belgrano y Cordoba;-57.54818,-38.00103;ok
1983;1;2024;9;Robo/Hurto Automotor;;;;Avenida Colon y Peru;;No Asiste;Mar del Plata;Buenos Aires;Argentina;Avenida Colon y Peru;-57.58238,-37.98717;ok
1984;1;2024;9;Robo/Hurto Automotor;;;;Martin Miguel De Guemes y Esteban Gascon;;Hallazgo Automotor;Mar del Plata;Buenos Aires;Argentina;Martin Miguel De Guemes y Esteban Gascon;-57.539133,-38.0124779;ok
1985;1;2024;9;Robo/Hurto Automotor;;;;Ambrosio Bestoso y Ortiz De Zarate;;No Asiste;Mar del Plata;Buenos Aires;Argentina;Ambrosio Bestoso y Ortiz De Zarate;-57.57508,-38.02649;ok
1986;1;2024;9;Robo/Hurto Automotor;;;;Gaboto y Jose Lanzilota;;No Asiste;Mar del Plata;Buenos Aires;Argentina;Gaboto y Jose Lanzilota;-57.55268,-38.03563;ok
1987;1;2024;9;Robo/Hurto Automotor;;;;Bravo Mario y Jose Andres Pacheco De Melo;;Asiste Policia y Libera;Mar del Plata;Buenos Aires;Argentina;Bravo Mario y Jose Andres Pacheco De Melo;-57.54732,-38.07908;ok
1988;1;2024;9;Robo/Hurto Automotor;;;;Juana Manso y Ayolas;;Asiste Policia y Libera;Mar del Plata;Buenos Aires;Argentina;Juana Manso y Ayolas;-57.5743,-38.02449;ok
1989;1;2024;9;Robo/Hurto Automotor;;;;Luis Piedrabuena Comandante y El Hornero;;Asiste Policia y Libera;Mar del Plata;Buenos Aires;Argentina;Luis Piedrabuena Comandante y El Hornero;-57.56309,-38.06754;ok
1990;1;2024;9;Robo/Hurto Automotor;;;;Avenida Colon y Francia;;Asiste Policia y Libera;Mar del Plata;Buenos Aires;Argentina;Avenida Colon y Francia;-57.57432,-37.99124;ok
1991;1;2024;9;Robo/Hurto Automotor;;;;Primera Junta y Avenida Independencia;;No Asiste;Mar del Plata;Buenos Aires;Argentina;Primera Junta y Avenida Independencia;-57.56459,-38.01076;ok
1992;1;2024;9;Robo/Hurto Automotor;;;;Tripulantes Del Fournier y Pescadores;;No Asiste;Mar del Plata;Buenos Aires;Argentina;Tripulantes Del Fournier y Pescadores;-57.55452,-38.05232;ok
1993;1;2024;9;Robo/Hurto Automotor;;;;Teodoro Bronzini y Ituzaingo;;Asiste Policia y Libera;Mar del Plata;Buenos Aires;Argentina;Teodoro Bronzini y Ituzaingo;-57.57192,-37.97417;ok
1994;1;2024;9;Robo/Hurto Automotor;;;;Cno. Ruta 88 A Calle Lib. Gral. San Martin y Tripulantes Del Fournier;;Asiste Policia y Libera;Mar del Plata;Buenos Aires;Argentina;Cno. Ruta 88 A Calle Lib. Gral. San Martin y Tripulantes Del Fournier;-57.6114,-38.00812;ok
1995;1;2024;9;Robo/Hurto Automotor;;;;Mario Bravo y Cabrera Angel;;Asiste Policia y Libera;Mar del Plata;Buenos Aires;Argentina;Mario Bravo y Cabrera Angel;-57.5539534,-38.0735646;ok
1996;1;2024;9;Robo/Hurto Automotor;;;;Tierra Del Fuego y Avenida Pedro Luro;;Asiste Policia y Libera;Mar del Plata;Buenos Aires;Argentina;Tierra Del Fuego y Avenida Pedro Luro;-57.577471,-37.9827939;ok
1997;1;2024;9;Robo/Hurto Automotor;;;;Calle 8 y Calle 475;;No Asiste;Mar del Plata;Buenos Aires;Argentina;Calle 8 y Calle 475;-57.59193,-38.11266;ok
1998;1;2024;9;Robo/Hurto Automotor;;;;Rivadavia y Eduardo Wilde;;No Asiste;Mar del Plata;Buenos Aires;Argentina;Rivadavia y Eduardo Wilde;-57.61284,-37.96719;ok
1999;1;2024;9;Robo/Hurto Automotor;;;;Avenida Vertiz y Acha;;No Asiste;Mar del Plata;Buenos Aires;Argentina;Avenida Vertiz y Acha;-57.55383,-38.04767;ok
2000;1;2024;9;Robo/Hurto Automotor;;;;Avenida Pedro Luro y San Luis;;No Asiste;Mar del Plata;Buenos Aires;Argentina;Avenida Pedro Luro y San Luis;-57.54721,-37.9981;ok
2001;1;2024;9;Robo/Hurto Automotor;;;;Chaco y Garay Juan De;;No Asiste;Mar del Plata;Buenos Aires;Argentina;Chaco y Garay Juan De;-57.57219,-37.99912;ok
2002;1;2024;9;Robo/Hurto Automotor;;;;Moreno y Avenida Juan Hector Jara;;Asiste Policia y Libera;Mar del Plata;Buenos Aires;Argentina;Moreno y Avenida Juan Hector Jara;-57.5730085,-37.989603;ok
2003;1;2024;9;Robo/Hurto Automotor;;;;Avenida Colon y Entre Rios;;No Asiste;Mar del Plata;Buenos Aires;Argentina;Avenida Colon y Entre Rios;-57.54614,-38.00547;ok
2004;1;2024;9;Robo/Hurto Automotor;;;;Avenida Presidente Peron y Avenida Vertiz;;Asiste Policia y Libera;Mar del Plata;Buenos Aires;Argentina;Avenida Presidente Peron y Avenida Vertiz;-57.6084689,-38.0064743;ok
2005;1;2024;9;Robo/Hurto Automotor;;;;Genova y Luis Piedrabuena Comandante;;No Asiste;Mar del Plata;Buenos Aires;Argentina;Genova y Luis Piedrabuena Comandante;-57.55606,-38.06174;ok
2006;1;2024;9;Robo/Hurto Automotor;;;;Entre Rios y Rodriguez Peña;;No Asiste;Mar del Plata;Buenos Aires;Argentina;Entre Rios y Rodriguez Peña;-57.5538896,-38.0150508;ok
2007;1;2024;9;Robo/Hurto Automotor;;;;Chubut y Antonio Alice;;No Asiste;Mar del Plata;Buenos Aires;Argentina;Chubut y Antonio Alice;-57.5451,-37.95864;ok
2008;1;2024;9;Robo/Hurto Automotor;;;;Catamarca y Avenida Juan Jose Paso;;Asiste Policia y Libera;Mar del Plata;Buenos Aires;Argentina;Catamarca y Avenida Juan Jose Paso;-57.5680466,-38.0169215;ok
2009;1;2024;9;Robo/Hurto Automotor;;;;Rawson y Remedios De Escalada;;LPR - Vehiculo Interceptado;Mar del Plata;Buenos Aires;Argentina;Rawson y Remedios De Escalada;-57.5986006,-37.9846309;ok
2010;1;2024;9;Robo/Hurto Automotor;;;;Tres de Febrero y Olazabal Felix De;;Asiste Policia y Libera;Mar del Plata;Buenos Aires;Argentina;Tres de Febrero y Olazabal Felix De;-57.55942,-37.98851;ok
2011;1;2024;9;Robo/Hurto Automotor;;;;Avenida Colon y Entre Rios;;No Asiste;Mar del Plata;Buenos Aires;Argentina;Avenida Colon y Entre Rios;-57.54614,-38.00547;ok
2012;1;2024;9;Robo/Hurto Automotor;;;;Moreno y Mitre Bartolome;;Asiste Policia y Libera;Mar del Plata;Buenos Aires;Argentina;Moreno y Mitre Bartolome;-57.55081,-38.0008;ok
2013;1;2024;9;Robo/Hurto Automotor;;;;Avenida Vertiz y Ciudad De Dolores;;No Asiste;Mar del Plata;Buenos Aires;Argentina;Avenida Vertiz y Ciudad De Dolores;-57.58372,-38.02514;ok
2014;1;2024;9;Robo/Hurto Automotor;;;;Tomas Falkner y Jose Marmol;;Asiste Policia y Libera;Mar del Plata;Buenos Aires;Argentina;Tomas Falkner y Jose Marmol;-57.54936,-37.97783;ok
2015;1;2024;9;Robo/Hurto Automotor;;;;Friuli y Puan;;Hallazgo Automotor;Mar del Plata;Buenos Aires;Argentina;Friuli y Puan;-57.59472,-38.03001;ok
2016;1;2024;9;Robo/Hurto Automotor;;;;Beruti Antonio Luis y Arturo Alio;;Asiste Policia y Libera;Mar del Plata;Buenos Aires;Argentina;Beruti Antonio Luis y Arturo Alio;-57.5853707,-37.9629216;ok
2017;1;2024;9;Robo/Hurto Automotor;;;;Avenida Pedro Luro y Mario Abel Amaya Diputado;;Asiste Policia y Libera;Mar del Plata;Buenos Aires;Argentina;Avenida Pedro Luro y Mario Abel Amaya Diputado;-57.6256154,-37.9584026;ok
2018;1;2024;9;Robo/Hurto Automotor;;;;Alvarado Rudecindo y Entre Rios;;Asiste Policia y Libera;Mar del Plata;Buenos Aires;Argentina;Alvarado Rudecindo y Entre Rios;-57.5513059,-38.0118836;ok
2019;1;2024;9;Robo/Hurto Automotor;;;;Garay Juan De y Neuquen;;Asiste Policia y Libera;Mar del Plata;Buenos Aires;Argentina;Garay Juan De y Neuquen;-57.58789,-37.9661;ok
2020;1;2024;9;Robo/Hurto Automotor;;;;Geronimo Rejon y Patagones;;Asiste Policia y Libera;Mar del Plata;Buenos Aires;Argentina;Geronimo Rejon y Patagones;-57.5500635,-37.9752429;ok
2021;1;2024;9;Robo/Hurto Automotor;;;;Avenida Vertiz y Luis Dellepiane;;Asiste Policia y Libera;Mar del Plata;Buenos Aires;Argentina;Avenida Vertiz y Luis Dellepiane;-57.57665,-38.03051;ok
2022;1;2024;9;Robo/Hurto Automotor;;;;Jose Dutto Padre y Juan Bautista Azopardo;;No Asiste;Mar del Plata;Buenos Aires;Argentina;Jose Dutto Padre y Juan Bautista Azopardo;-57.55822,-38.04567;ok
2023;1;2024;9;Robo/Hurto Automotor;;;;Tres de Febrero y Arturo Alio;;Asiste Policia y Libera;Mar del Plata;Buenos Aires;Argentina;Tres de Febrero y Arturo Alio;-57.5925849,-37.9718359;ok
2024;1;2024;10;Robo/Hurto Automotor;;;;Cordoba y Almafuerte;;Asiste Policia y Libera;Mar del Plata;Buenos Aires;Argentina;Cordoba y Almafuerte;-57.5617,-38.01778;ok
2025;1;2024;10;Robo/Hurto Automotor;;;;Guillermo Marconi Ingeniero y Avenida Juan B. Justo;;Asiste Policia y Libera;Mar del Plata;Buenos Aires;Argentina;Guillermo Marconi Ingeniero y Avenida Juan B. Justo;-57.5889,-38.00559;ok
2026;1;2024;10;Robo/Hurto Automotor;;;;San Juan y Falucho;;Asiste Policia y Libera;Mar del Plata;Buenos Aires;Argentina;San Juan y Falucho;-57.567612,-37.9969635;ok
2027;1;2024;10;Robo/Hurto Automotor;;;;Juan Bautista Azopardo y calle 224;;Asiste Policia y Libera;Mar del Plata;Buenos Aires;Argentina;Juan Bautista Azopardo y calle 224;-57.62045,-38.00128;ok
2028;1;2024;10;Robo/Hurto Automotor;;;;Matheu Domingo y Misiones;;Asiste Policia y Libera;Mar del Plata;Buenos Aires;Argentina;Matheu Domingo y Misiones;-57.5792115,-38.0067086;ok
2029;1;2024;10;Robo/Hurto Automotor;;;;calle 469 y Calle 6;;Asiste Policia y Libera;Mar del Plata;Buenos Aires;Argentina;calle 469 y Calle 6;-57.58864,-38.11208;ok
2030;1;2024;10;Robo/Hurto Automotor;;;;Avenida Juan Hector Jara y Avenida Libertad;;Asiste Policia y Libera;Mar del Plata;Buenos Aires;Argentina;Avenida Juan Hector Jara y Avenida Libertad;-57.5665038,-37.9814915;ok
2031;1;2024;10;Robo/Hurto Automotor;;;;Alberti Manuel y Chile;;Se Realiza Seguimiento del Evento;Mar del Plata;Buenos Aires;Argentina;Alberti Manuel y Chile;-57.58102,-37.9924;ok
2032;1;2024;10;Robo/Hurto Automotor;;;;La Rioja y Primera Junta;;LPR - Se realiza seguimiento del vehiculo;Mar del Plata;Buenos Aires;Argentina;La Rioja y Primera Junta;-57.56246,-38.01176;ok
2033;1;2024;10;Robo/Hurto Automotor;;;;Florisbelo Acosta y Dardo Rocha;;LPR - Se realiza seguimiento del vehiculo;Mar del Plata;Buenos Aires;Argentina;Florisbelo Acosta y Dardo Rocha;-57.54418,-37.97488;ok
2034;1;2024;10;Robo/Hurto Automotor;;;;Monseñor Rau y Leonardo Rosales;;Asiste Policia y Libera;Mar del Plata;Buenos Aires;Argentina;Monseñor Rau y Leonardo Rosales;-57.58798,-38.02583;ok
2035;1;2024;10;Robo/Hurto Automotor;;;;Avenida Juan B. Justo y Italia;;Asiste Policia y Libera;Mar del Plata;Buenos Aires;Argentina;Avenida Juan B. Justo y Italia;-57.5834809,-38.0096953;ok
2036;1;2024;10;Robo/Hurto Automotor;;;;Jose Andres Pacheco De Melo y Astor Piazzolla;;Se Realiza Seguimiento del Evento;Mar del Plata;Buenos Aires;Argentina;Jose Andres Pacheco De Melo y Astor Piazzolla;-57.5682526,-38.0964855;ok
2037;1;2024;10;Robo/Hurto Automotor;;;;Diagonal Santa Cecilia y Gaboto;;Se Realiza Seguimiento del Evento;Mar del Plata;Buenos Aires;Argentina;Diagonal Santa Cecilia y Gaboto;-57.55953,-38.03047;ok
2038;1;2024;10;Robo/Hurto Automotor;;;;Magrassi Guillermo y Toscana;;Se Realiza Seguimiento del Evento;Mar del Plata;Buenos Aires;Argentina;Magrassi Guillermo y Toscana;-57.55849,-38.09906;ok
2039;1;2024;10;Robo/Hurto Automotor;;;;Avenida Constitucion y Zanni Pedro;;Asiste Policia y Libera;Mar del Plata;Buenos Aires;Argentina;Avenida Constitucion y Zanni Pedro;-57.58668,-37.94878;ok
2040;1;2024;10;Robo/Hurto Automotor;;;;Saavedra Cornelio y Catamarca;;Asiste Policia y Libera;Mar del Plata;Buenos Aires;Argentina;Saavedra Cornelio y Catamarca;-57.5641687,-38.0120776;ok
2041;1;2024;10;Robo/Hurto Automotor;;;;Antonio Saenz y Federico Garcia Lorca;;Asiste Policia y Libera;Mar del Plata;Buenos Aires;Argentina;Antonio Saenz y Federico Garcia Lorca;-57.54369,-38.07882;ok
2042;1;2024;10;Robo/Hurto Automotor;;;;Hernandarias y Lisandro De La Torre;;Asiste Policia y Libera;Mar del Plata;Buenos Aires;Argentina;Hernandarias y Lisandro De La Torre;-57.5820933,-38.0225462;ok
2043;1;2024;10;Robo/Hurto Automotor;;;;Jose Cardiel Padre y Benito Juarez;;Asiste Policia y Libera;Mar del Plata;Buenos Aires;Argentina;Jose Cardiel Padre y Benito Juarez;-57.56254,-37.96779;ok
2044;1;2024;10;Robo/Hurto Automotor;;;;Avenida Presidente Peron y Avenida Vertiz;;Asiste Policia y Libera;Mar del Plata;Buenos Aires;Argentina;Avenida Presidente Peron y Avenida Vertiz;-57.6084689,-38.0064743;ok
2045;1;2024;10;Robo/Hurto Automotor;;;;Jacinto Peralta Ramos y Hipolito Bouchard;;Hallazgo Automotor;Mar del Plata;Buenos Aires;Argentina;Jacinto Peralta Ramos y Hipolito Bouchard;-57.5827199,-38.0283646;ok
2046;1;2024;10;Robo/Hurto Automotor;;;;Tomas Falkner y Dardo Rocha;;Asiste Policia y Libera;Mar del Plata;Buenos Aires;Argentina;Tomas Falkner y Dardo Rocha;-57.54737,-37.97884;ok
2047;1;2024;10;Robo/Hurto Automotor;;;;Vicente Lopez Y Planes y Tomas Godoy Cruz;;Asiste Policia y Libera;Mar del Plata;Buenos Aires;Argentina;Vicente Lopez Y Planes y Tomas Godoy Cruz;-57.53847,-37.94866;ok
2048;1;2024;10;Robo/Hurto Automotor;;;;Sarmiento y Rawson;;Se Realiza Seguimiento del Evento;Mar del Plata;Buenos Aires;Argentina;Sarmiento y Rawson;-57.54342,-38.0125364;ok
2049;1;2024;10;Robo/Hurto Automotor;;;;Republica Del Libano y Rivadavia;;Se Realiza Seguimiento del Evento;Mar del Plata;Buenos Aires;Argentina;Republica Del Libano y Rivadavia;-57.58875,-37.97939;ok
2050;1;2024;10;Robo/Hurto Automotor;;;;Benito Quinquela Martin y Avenida Vertiz;;Se Realiza Seguimiento del Evento;Mar del Plata;Buenos Aires;Argentina;Benito Quinquela Martin y Avenida Vertiz;-57.6198,-37.99791;ok
2051;1;2024;10;Robo/Hurto Automotor;;;;Don Orione y Hipolito Bouchard;;Se Realiza Seguimiento del Evento;Mar del Plata;Buenos Aires;Argentina;Don Orione y Hipolito Bouchard;-57.5616,-38.0444;ok
2052;1;2024;10;Robo/Hurto Automotor;;;;Gandhi Mahatma y Luis Beltran Fray;;Asiste Policia y Libera;Mar del Plata;Buenos Aires;Argentina;Gandhi Mahatma y Luis Beltran Fray;-57.5496999,-37.9369544;ok
2053;1;2024;10;Robo/Hurto Automotor;;;;Rawson y Olazabal Felix De;;Asiste Policia y Libera;Mar del Plata;Buenos Aires;Argentina;Rawson y Olazabal Felix De;-57.56852,-37.99985;ok
2054;1;2024;10;Robo/Hurto Automotor;;;;Jacinto Peralta Ramos y Juan Bautista Azopardo;;No Asiste;Mar del Plata;Buenos Aires;Argentina;Jacinto Peralta Ramos y Juan Bautista Azopardo;-57.5810893,-38.02715;ok
2055;1;2024;10;Robo/Hurto Automotor;;;;Luis Dellepiane y Solis;;LPR - Se realiza seguimiento del vehiculo;Mar del Plata;Buenos Aires;Argentina;Luis Dellepiane y Solis;-57.56764,-38.02304;ok
2056;1;2024;10;Robo/Hurto Automotor;;;;Urquia Serapio y Vuelta De Obligado;;LPR - Se realiza seguimiento del vehiculo;Mar del Plata;Buenos Aires;Argentina;Urquia Serapio y Vuelta De Obligado;-57.55137,-37.94539;ok
2057;1;2024;10;Robo/Hurto Automotor;;;;12 De octubre y Americo Raul Canosa;;No Asiste;Mar del Plata;Buenos Aires;Argentina;12 De octubre y Americo Raul Canosa;-57.5827619,-38.0164954;ok
2058;1;2024;10;Robo/Hurto Automotor;;;;Avenida Juan B. Justo y Avenida Elias Antunez;;Se Realiza Seguimiento del Evento;Mar del Plata;Buenos Aires;Argentina;Avenida Juan B. Justo y Avenida Elias Antunez;-57.65497,-37.9555;ok
2059;1;2024;10;Robo/Hurto Automotor;;;;Juana Manso y Hernandarias;;No Asiste;Mar del Plata;Buenos Aires;Argentina;Juana Manso y Hernandarias;-57.57675,-38.02654;ok
2060;1;2024;10;Robo/Hurto Automotor;;;;Luis Dellepiane y Solis;;Se Realiza Seguimiento del Evento;Mar del Plata;Buenos Aires;Argentina;Luis Dellepiane y Solis;-57.56764,-38.02304;ok
2061;1;2024;10;Robo/Hurto Automotor;;;;Juana Manso y Hernandarias;;Se Realiza Seguimiento del Evento;Mar del Plata;Buenos Aires;Argentina;Juana Manso y Hernandarias;-57.57675,-38.02654;ok
2062;1;2024;10;Robo/Hurto Automotor;;;;Alberti Manuel y Arenales;;LPR - Se realiza seguimiento del vehiculo;Mar del Plata;Buenos Aires;Argentina;Alberti Manuel y Arenales;-57.54577,-38.01024;ok
2063;1;2024;10;Robo/Hurto Automotor;;;;Avenida Independencia y Vieytes;;Secuestro De Vehiculo;Mar del Plata;Buenos Aires;Argentina;Avenida Independencia y Vieytes;-57.56982,-38.01722;ok
2064;1;2024;10;Robo/Hurto Automotor;;;;Tres de Febrero y 20 De Setiembre;;LPR - Se realiza seguimiento del vehiculo;Mar del Plata;Buenos Aires;Argentina;Tres de Febrero y 20 De Setiembre;-57.5544,-37.99103;ok
2065;1;2024;10;Robo/Hurto Automotor;;;;Tres Arroyos y Primera Junta;;Asiste Policia y Libera;Mar del Plata;Buenos Aires;Argentina;Tres Arroyos y Primera Junta;-57.59872,-37.99346;ok
2066;1;2024;10;Robo/Hurto Automotor;;;;12 De octubre y Acha;;Asiste Policia y Libera;Mar del Plata;Buenos Aires;Argentina;12 De octubre y Acha;-57.547324,-38.0422488;ok
2067;1;2024;10;Robo/Hurto Automotor;;;;11 De Setiembre y La Rioja;;Asiste Policia y Libera;Mar del Plata;Buenos Aires;Argentina;11 De Setiembre y La Rioja;-57.5475823,-37.9933741;ok
2068;1;2024;10;Robo/Hurto Automotor;;;;Carlos M. Della Paolera y Pascual Mugaburu;;Asiste Policia y Libera;Mar del Plata;Buenos Aires;Argentina;Carlos M. Della Paolera y Pascual Mugaburu;-57.57246,-37.94701;ok
2069;1;2024;10;Robo/Hurto Automotor;;;;Marcelo T. De Alvear y Irala;;Asiste Policia y Libera;Mar del Plata;Buenos Aires;Argentina;Marcelo T. De Alvear y Irala;-57.56019,-38.03645;ok
2070;1;2024;10;Robo/Hurto Automotor;;;;Avenida Independencia y Tres de 02;;Asiste Policia y Libera;Mar del Plata;Buenos Aires;Argentina;Avenida Independencia y Tres de 02;-57.5503203,-37.9930916;ok
2071;1;2024;10;Robo/Hurto Automotor;;;;Avenida Constitucion y General Jose Maria Piran;;Asiste Policia y Libera;Mar del Plata;Buenos Aires;Argentina;Avenida Constitucion y General Jose Maria Piran;-57.57661,-37.95396;ok
2072;1;2024;10;Robo/Hurto Automotor;;;;Olazabal Felix De y Rawson;;Asiste Policia y Libera;Mar del Plata;Buenos Aires;Argentina;Olazabal Felix De y Rawson;-57.56852,-37.99985;ok
2073;1;2024;10;Robo/Hurto Automotor;;;;Avenida Pedro Luro y Estado De Israel;;Hallazgo Automotor;Mar del Plata;Buenos Aires;Argentina;Avenida Pedro Luro y Estado De Israel;-57.590415,-37.9762461;ok
2074;1;2024;10;Robo/Hurto Automotor;;;;Francisco Saverio Scarpatti y Gaboto;;No Asiste;Mar del Plata;Buenos Aires;Argentina;Francisco Saverio Scarpatti y Gaboto;-57.60719,-37.99444;ok
2075;1;2024;10;Robo/Hurto Automotor;;;;Tres de Febrero y Tres Arroyos;;Asiste Policia y Libera;Mar del Plata;Buenos Aires;Argentina;Tres de Febrero y Tres Arroyos;-57.58444,-37.97582;ok
2076;1;2024;10;Robo/Hurto Automotor;;;;Avenida Independencia y Rawson;;Asiste Policia y Libera;Mar del Plata;Buenos Aires;Argentina;Avenida Independencia y Rawson;-57.55946,-38.00441;ok
2077;1;2024;10;Robo/Hurto Automotor;;;;Valentin Vergara y Federico Garcia Lorca;;Se Realiza Seguimiento del Evento;Mar del Plata;Buenos Aires;Argentina;Valentin Vergara y Federico Garcia Lorca;-57.55742,-38.0685;ok
2078;1;2024;10;Robo/Hurto Automotor;;;;Juan Vucetich y Napoles;;Se Realiza Seguimiento del Evento;Mar del Plata;Buenos Aires;Argentina;Juan Vucetich y Napoles;-57.55612,-38.06042;ok
2079;1;2024;10;Robo/Hurto Automotor;;;;Luis Vernet y Sicilia;;Se Realiza Seguimiento del Evento;Mar del Plata;Buenos Aires;Argentina;Luis Vernet y Sicilia;-57.55601,-38.06306;ok
2080;1;2024;10;Robo/Hurto Automotor;;;;Olazabal Felix De y Esteban Gascon;;LPR - Se realiza seguimiento del vehiculo;Mar del Plata;Buenos Aires;Argentina;Olazabal Felix De y Esteban Gascon;-57.56728,-37.99827;ok
2081;1;2024;10;Robo/Hurto Automotor;;;;Catamarca y Almafuerte;;Asiste Policia y Libera;Mar del Plata;Buenos Aires;Argentina;Catamarca y Almafuerte;-57.5667216,-38.0152804;ok
2082;1;2024;10;Robo/Hurto Automotor;;;;Necochea y Olazabal Felix De;;Asiste Policia y Libera;Mar del Plata;Buenos Aires;Argentina;Necochea y Olazabal Felix De;-57.5541792,-37.98206;ok
2083;1;2024;10;Robo/Hurto Automotor;;;;Avenida Victorio Tetamanti y Miguel Estanislao Soler;;Asiste Policia y Libera;Mar del Plata;Buenos Aires;Argentina;Avenida Victorio Tetamanti y Miguel Estanislao Soler;-57.61157,-38.01058;ok
2084;1;2024;10;Robo/Hurto Automotor;;;;Magallanes y Olegario Olazar;;Asiste Policia y Libera;Mar del Plata;Buenos Aires;Argentina;Magallanes y Olegario Olazar;-57.60081,-38.00315;ok
2085;1;2024;10;Robo/Hurto Automotor;;;;Tres de Febrero y Olazabal Felix De;;Asiste Policia y Libera;Mar del Plata;Buenos Aires;Argentina;Tres de Febrero y Olazabal Felix De;-57.55942,-37.98851;ok
2086;1;2024;10;Robo/Hurto Automotor;;;;Avenida Victorio Tetamanti y Avenida Vertiz;;Asiste Policia y Libera;Mar del Plata;Buenos Aires;Argentina;Avenida Victorio Tetamanti y Avenida Vertiz;-57.60752,-38.0072;ok
2087;1;2024;10;Robo/Hurto Automotor;;;;Avenida Juan Hector Jara y Avenida Juan B. Justo;;Asiste Policia y Libera;Mar del Plata;Buenos Aires;Argentina;Avenida Juan Hector Jara y Avenida Juan B. Justo;-57.5871401,-38.0068752;ok
2088;1;2024;10;Robo/Hurto Automotor;;;;Herminia Brumana y Napoles;;Hallazgo Automotor;Mar del Plata;Buenos Aires;Argentina;Herminia Brumana y Napoles;-57.6048708,-38.0236417;ok
2089;1;2024;10;Robo/Hurto Automotor;;;;Benito Lynch y Andres Mac Gaul;;Asiste Policia y Libera;Mar del Plata;Buenos Aires;Argentina;Benito Lynch y Andres Mac Gaul;-57.62052,-38.02216;ok
2090;1;2024;10;Robo/Hurto Automotor;;;;Idioma Internacional Esperanto y Venticinco de 05;;Asiste Policia y Libera;Mar del Plata;Buenos Aires;Argentina;Idioma Internacional Esperanto y Venticinco de 05;-57.62293,-37.95857;ok
2091;1;2024;10;Robo/Hurto Automotor;;;;Posadas y Puan;;LPR - Se realiza seguimiento del vehiculo;Mar del Plata;Buenos Aires;Argentina;Posadas y Puan;-57.5640141,-38.0531695;ok
2092;1;2024;10;Robo/Hurto Automotor;;;;Necochea y Jujuy;;Se Realiza Seguimiento del Evento;Mar del Plata;Buenos Aires;Argentina;Necochea y Jujuy;-57.54718,-37.98558;ok
2093;1;2024;10;Robo/Hurto Automotor;;;;Avenida Juan B. Justo y Talcahuano;;LPR - Se realiza seguimiento del vehiculo;Mar del Plata;Buenos Aires;Argentina;Avenida Juan B. Justo y Talcahuano;-57.56584,-38.02292;ok
2094;1;2024;10;Robo/Hurto Automotor;;;;Juana Manso y Arana Y Goiri;;LPR - Se realiza seguimiento del vehiculo;Mar del Plata;Buenos Aires;Argentina;Juana Manso y Arana Y Goiri;-57.58411,-38.03263;ok
2095;1;2024;10;Robo/Hurto Automotor;;;;Eduardo Perez Bulnes y Mario Bravo;;Detencion;Mar del Plata;Buenos Aires;Argentina;Eduardo Perez Bulnes y Mario Bravo;-57.5546591,-38.0729798;ok
2096;1;2024;10;Robo/Hurto Automotor;;;;Alberto Einstein y Guardacosta Islas Malvinas;;LPR - Se realiza seguimiento del vehiculo;Mar del Plata;Buenos Aires;Argentina;Alberto Einstein y Guardacosta Islas Malvinas;-57.5684,-38.06666;ok
2097;1;2024;10;Robo/Hurto Automotor;;;;Grecia y Maipu;;Asiste Policia y Libera;Mar del Plata;Buenos Aires;Argentina;Grecia y Maipu;-57.5887779,-37.9690202;ok
2098;1;2024;10;Robo/Hurto Automotor;;;;Don Bosco y Brandsen;;Asiste Policia y Libera;Mar del Plata;Buenos Aires;Argentina;Don Bosco y Brandsen;-57.56052,-37.97775;ok
2099;1;2024;10;Robo/Hurto Automotor;;;;French Domingo y Jose M. Calaza Coronel;;Asiste Policia y Libera;Mar del Plata;Buenos Aires;Argentina;French Domingo y Jose M. Calaza Coronel;-57.59106,-37.96114;ok
2100;1;2024;10;Robo/Hurto Automotor;;;;Justo S. Lopez De Gomara y Lorenzini Carola;;Asiste Policia y Libera;Mar del Plata;Buenos Aires;Argentina;Justo S. Lopez De Gomara y Lorenzini Carola;-57.58505,-37.95194;ok
2101;1;2024;10;Robo/Hurto Automotor;;;;David Ortega Presbitero y Once de 09;;Asiste Policia y Libera;Mar del Plata;Buenos Aires;Argentina;David Ortega Presbitero y Once de 09;-57.58682,-37.97351;ok
2102;1;2024;10;Robo/Hurto Automotor;;;;Avenida Constitucion y Jose Ingenieros;;Asiste Policia y Libera;Mar del Plata;Buenos Aires;Argentina;Avenida Constitucion y Jose Ingenieros;-57.55471,-37.96502;ok
2103;1;2024;10;Robo/Hurto Automotor;;;;14 De julio y Primera Junta;;Asiste Policia y Libera;Mar del Plata;Buenos Aires;Argentina;14 De julio y Primera Junta;-57.56966,-38.00817;ok
2104;1;2024;10;Robo/Hurto Automotor;;;;Avenida Colon y Entre Rios;;Asiste Policia y Libera;Mar del Plata;Buenos Aires;Argentina;Avenida Colon y Entre Rios;-57.54614,-38.00547;ok
2105;1;2024;10;Robo/Hurto Automotor;;;;Juan Gutenberg y Casildo Villar;;Asiste Policia y Libera;Mar del Plata;Buenos Aires;Argentina;Juan Gutenberg y Casildo Villar;-57.59442,-38.03669;ok
2106;1;2024;10;Robo/Hurto Automotor;;;;Sicilia y Republica De Cuba;;Asiste Policia y Libera;Mar del Plata;Buenos Aires;Argentina;Sicilia y Republica De Cuba;-57.60221,-38.02822;ok
2107;1;2024;10;Robo/Hurto Automotor;;;;Alvear Carlos Maria De y Castelli Juan Jose;;Asiste Policia y Libera;Mar del Plata;Buenos Aires;Argentina;Alvear Carlos Maria De y Castelli Juan Jose;-57.5406847,-38.0161853;ok
2108;1;2024;10;Robo/Hurto Automotor;;;;Willian C Morris y Genaro Giacobini;;LPR - Se realiza seguimiento del vehiculo;Mar del Plata;Buenos Aires;Argentina;Willian C Morris y Genaro Giacobini;-57.55664,-38.0665;ok
2109;1;2024;10;Robo/Hurto Automotor;;;;20 De Setiembre y Bolivar;;LPR - Se realiza seguimiento del vehiculo;Mar del Plata;Buenos Aires;Argentina;20 De Setiembre y Bolivar;-57.55962,-37.99749;ok
2110;1;2024;10;Robo/Hurto Automotor;;;;San Salvador y Luis Dellepiane;;Asiste Policia y Libera;Mar del Plata;Buenos Aires;Argentina;San Salvador y Luis Dellepiane;-57.57582,-38.02983;ok
2111;1;2024;10;Robo/Hurto Automotor;;;;Friuli y De La Plaza Fortunato;;Asiste Policia y Libera;Mar del Plata;Buenos Aires;Argentina;Friuli y De La Plaza Fortunato;-57.59307,-38.02863;ok
2112;1;2024;10;Robo/Hurto Automotor;;;;Los Chañares y Las Margaritas;;Asiste Policia y Libera;Mar del Plata;Buenos Aires;Argentina;Los Chañares y Las Margaritas;-57.5622533,-38.0782429;ok
2113;1;2024;10;Robo/Hurto Automotor;;;;Balcarce y Suarez Coronel;;Asiste Policia y Libera;Mar del Plata;Buenos Aires;Argentina;Balcarce y Suarez Coronel;-57.59565,-37.96853;ok
2114;1;2024;10;Robo/Hurto Automotor;;;;Ayacucho y Misiones;;Asiste Policia y Libera;Mar del Plata;Buenos Aires;Argentina;Ayacucho y Misiones;-57.55945,-37.98163;ok
2115;1;2024;10;Robo/Hurto Automotor;;;;Friuli y Napoles;;Asiste Policia y Libera;Mar del Plata;Buenos Aires;Argentina;Friuli y Napoles;-57.5955838,-38.0306681;ok
2116;1;2024;10;Robo/Hurto Automotor;;;;Falucho y Republica Arabe Siria;;Asiste Policia y Libera;Mar del Plata;Buenos Aires;Argentina;Falucho y Republica Arabe Siria;-57.61872,-37.97103;ok
2117;1;2024;10;Robo/Hurto Automotor;;;;General Mosconi y Genova;;Asiste Policia y Libera;Mar del Plata;Buenos Aires;Argentina;General Mosconi y Genova;-57.55778,-38.06044;ok
2118;1;2024;10;Robo/Hurto Automotor;;;;Friuli y De La Plaza Fortunato;;Asiste Policia y Libera;Mar del Plata;Buenos Aires;Argentina;Friuli y De La Plaza Fortunato;-57.59307,-38.02863;ok
2119;1;2024;10;Robo/Hurto Automotor;;;;Juan Bautista Alberdi y Santa Fe;;Se Realiza Seguimiento del Evento;Mar del Plata;Buenos Aires;Argentina;Juan Bautista Alberdi y Santa Fe;-57.5436,-37.99884;ok
2120;1;2024;10;Robo/Hurto Automotor;;;;Gaboto y Pehuajo;;Se Realiza Seguimiento del Evento;Mar del Plata;Buenos Aires;Argentina;Gaboto y Pehuajo;-57.58154,-38.01385;ok
2121;1;2024;10;Robo/Hurto Automotor;;;;Calle 493 y Calle 12;;Asiste Policia y Libera;Mar del Plata;Buenos Aires;Argentina;Calle 493 y Calle 12;-57.60058,-38.11554;ok
2122;1;2024;10;Robo/Hurto Automotor;;;;Garay Juan De y Santa Fe;;Asiste Policia y Libera;Mar del Plata;Buenos Aires;Argentina;Garay Juan De y Santa Fe;-57.552053,-38.0092973;ok
2123;1;2024;10;Robo/Hurto Automotor;;;;Cerrito y Willian C Morris;;Asiste Policia y Libera;Mar del Plata;Buenos Aires;Argentina;Cerrito y Willian C Morris;-57.5783677,-38.05;ok
2124;1;2024;10;Robo/Hurto Automotor;;;;Beruti Antonio Luis y Primero de Mayo;;Asiste Policia y Libera;Mar del Plata;Buenos Aires;Argentina;Beruti Antonio Luis y Primero de Mayo;-57.56239,-37.97456;ok
2125;1;2024;10;Robo/Hurto Automotor;;;;Catamarca y Brown Almirante;;Asiste Policia y Libera;Mar del Plata;Buenos Aires;Argentina;Catamarca y Brown Almirante;-57.5558334,-38.0017802;ok
2126;1;2024;10;Robo/Hurto Automotor;;;;Avenida Pedro Luro y Salta;;Asiste Policia y Libera;Mar del Plata;Buenos Aires;Argentina;Avenida Pedro Luro y Salta;-57.55338,-37.99499;ok
2127;1;2024;10;Robo/Hurto Automotor;;;;Antonio Valentini y Calabria;;Asiste Policia y Libera;Mar del Plata;Buenos Aires;Argentina;Antonio Valentini y Calabria;-57.58907,-38.03945;ok
2128;1;2024;10;Robo/Hurto Automotor;;;;Guanahani y Avenida Victorio Tetamanti;;Asiste Policia y Libera;Mar del Plata;Buenos Aires;Argentina;Guanahani y Avenida Victorio Tetamanti;-57.60586,-38.00585;ok
2129;1;2024;10;Robo/Hurto Automotor;;;;Alberti Manuel y Funes Gregorio;;Asiste Policia y Libera;Mar del Plata;Buenos Aires;Argentina;Alberti Manuel y Funes Gregorio;-57.5668738,-37.9995322;ok
2130;1;2024;10;Robo/Hurto Automotor;;;;Dorrego y Esteban Gascon;;Asiste Policia y Libera;Mar del Plata;Buenos Aires;Argentina;Dorrego y Esteban Gascon;-57.5649334,-38.000573;ok
2131;1;2024;10;Robo/Hurto Automotor;;;;Peru y Avellaneda Nicolas;;Asiste Policia y Libera;Mar del Plata;Buenos Aires;Argentina;Peru y Avellaneda Nicolas;-57.5871357,-37.994769;ok
2132;1;2024;10;Robo/Hurto Automotor;;;;Magallanes y Don Orione;;Asiste Policia y Libera;Mar del Plata;Buenos Aires;Argentina;Magallanes y Don Orione;-57.55426,-38.03831;ok
2133;1;2024;10;Robo/Hurto Automotor;;;;Jose Lanzilota y Avenida Vertiz;;Asiste Policia y Libera;Mar del Plata;Buenos Aires;Argentina;Jose Lanzilota y Avenida Vertiz;-57.56084,-38.04242;ok
2134;1;2024;10;Robo/Hurto Automotor;;;;Cno. Ruta 88 A Calle Lib. Gral. San Martin y KM 3;;Asiste Policia y Libera;Mar del Plata;Buenos Aires;Argentina;Cno. Ruta 88 A Calle Lib. Gral. San Martin y KM 3;-57.62446,-38.0108;ok
2135;1;2024;10;Robo/Hurto Automotor;;;;Avenida Juan Hector Jara y Tierra Del Fuego;;Asiste Policia y Libera;Mar del Plata;Buenos Aires;Argentina;Avenida Juan Hector Jara y Tierra Del Fuego;-57.5743265,-37.991243;ok
2136;1;2024;10;Robo/Hurto Automotor;;;;Sicilia y Herminia Brumana;;Asiste Policia y Libera;Mar del Plata;Buenos Aires;Argentina;Sicilia y Herminia Brumana;-57.60648,-38.02501;ok
2137;1;2024;10;Robo/Hurto Automotor;;;;Avellaneda Nicolas y España;;Asiste Policia y Libera;Mar del Plata;Buenos Aires;Argentina;Avellaneda Nicolas y España;-57.5800793,-38.012322;ok
2138;1;2024;10;Robo/Hurto Automotor;;;;Don Bosco y Formosa;;Asiste Policia y Libera;Mar del Plata;Buenos Aires;Argentina;Don Bosco y Formosa;-57.5832,-38.00578;ok
2139;1;2024;10;Robo/Hurto Automotor;;;;Polonia y Ortiz De Zarate;;Asiste Policia y Libera;Mar del Plata;Buenos Aires;Argentina;Polonia y Ortiz De Zarate;-57.59406,-38.01271;ok
2140;1;2024;10;Robo/Hurto Automotor;;;;Reforma Universitaria y Willian C Morris;;Asiste Policia y Libera;Mar del Plata;Buenos Aires;Argentina;Reforma Universitaria y Willian C Morris;-57.61549,-38.02209;ok
2141;1;2024;10;Robo/Hurto Automotor;;;;Cerrito y Leonardo Rosales;;Persecucion Y Detencion;Mar del Plata;Buenos Aires;Argentina;Cerrito y Leonardo Rosales;-57.5675709,-38.0412064;ok
2142;1;2024;10;Robo/Hurto Automotor;;;;Uruguay y Castelli Juan Jose;;LPR - Se realiza seguimiento del vehiculo;Mar del Plata;Buenos Aires;Argentina;Uruguay y Castelli Juan Jose;-57.58194,-37.99527;ok
2143;1;2024;10;Robo/Hurto Automotor;;;;Avenida Colon y Las Heras;;LPR - Se realiza seguimiento del vehiculo;Mar del Plata;Buenos Aires;Argentina;Avenida Colon y Las Heras;-57.5411235,-38.0080507;ok
2144;1;2024;10;Robo/Hurto Automotor;;;;Chile y Saavedra Cornelio;;Asiste Policia y Libera;Mar del Plata;Buenos Aires;Argentina;Chile y Saavedra Cornelio;-57.5874296,-38.0003436;ok
2145;1;2024;10;Robo/Hurto Automotor;;;;Figueroa Alcorta y Eduardo G. Carasa;;Asiste Policia y Libera;Mar del Plata;Buenos Aires;Argentina;Figueroa Alcorta y Eduardo G. Carasa;-57.55784,-38.05372;ok
2146;1;2024;10;Robo/Hurto Automotor;;;;Avenida Pedro Luro y Remedios De Escalada;;Asiste Policia y Libera;Mar del Plata;Buenos Aires;Argentina;Avenida Pedro Luro y Remedios De Escalada;-57.591443,-37.9757268;ok
2147;1;2024;10;Robo/Hurto Automotor;;;;Florisbelo Acosta y Derqui;;Asiste Policia y Libera;Mar del Plata;Buenos Aires;Argentina;Florisbelo Acosta y Derqui;-57.5471546,-37.9733637;ok
2148;1;2024;10;Robo/Hurto Automotor;;;;Ruta 11 y Calle 505;;Asiste Policia y Libera;Mar del Plata;Buenos Aires;Argentina;Ruta 11 y Calle 505;-57.6021868,-38.126321;ok
2149;1;2024;10;Robo/Hurto Automotor;;;;San Martin y Santiago Del Estero;;Asiste Policia y Libera;Mar del Plata;Buenos Aires;Argentina;San Martin y Santiago Del Estero;-57.5460202,-37.9998436;ok
2150;1;2024;10;Robo/Hurto Automotor;;;;Necochea y Italia;;Asiste Policia y Libera;Mar del Plata;Buenos Aires;Argentina;Necochea y Italia;-57.5591602,-37.9795356;ok
2151;1;2024;10;Robo/Hurto Automotor;;;;Avenida Felix U. Camet y Pascual Mugaburu;;Se Realiza Seguimiento del Evento;Mar del Plata;Buenos Aires;Argentina;Avenida Felix U. Camet y Pascual Mugaburu;-57.54067,-37.96309;ok
2152;1;2024;10;Robo/Hurto Automotor;;;;Viamonte y Rodriguez Martin;;Se Realiza Seguimiento del Evento;Mar del Plata;Buenos Aires;Argentina;Viamonte y Rodriguez Martin;-57.55193,-38.03178;ok
2153;1;2024;10;Robo/Hurto Automotor;;;;Leandro N. Alem y Matheu Domingo;;Se Realiza Seguimiento del Evento;Mar del Plata;Buenos Aires;Argentina;Leandro N. Alem y Matheu Domingo;-57.53643,-38.0283;ok
2154;1;2024;10;Robo/Hurto Automotor;;;;Belgrano y Dorrego;;Asiste Policia y Libera;Mar del Plata;Buenos Aires;Argentina;Belgrano y Dorrego;-57.56032,-37.9949;ok
2155;1;2024;10;Robo/Hurto Automotor;;;;Jujuy y San Martin;;Se Realiza Seguimiento del Evento;Mar del Plata;Buenos Aires;Argentina;Jujuy y San Martin;-57.55505,-37.99534;ok
2156;1;2024;10;Robo/Hurto Automotor;;;;Santa Fe y Bolivar;;Asiste Policia y Libera;Mar del Plata;Buenos Aires;Argentina;Santa Fe y Bolivar;-57.54746,-38.00363;ok
2157;1;2024;10;Robo/Hurto Automotor;;;;Jujuy y Rivadavia;;Asiste Policia y Libera;Mar del Plata;Buenos Aires;Argentina;Jujuy y Rivadavia;-57.55569,-37.9961321;ok
2158;1;2024;10;Robo/Hurto Automotor;;;;Teodoro Bronzini y Brown Almirante;;Asiste Policia y Libera;Mar del Plata;Buenos Aires;Argentina;Teodoro Bronzini y Brown Almirante;-57.5831314,-37.9880269;ok
2159;1;2024;10;Robo/Hurto Automotor;;;;Florisbelo Acosta y Jose Ortega Y Gasset;;Asiste Policia y Libera;Mar del Plata;Buenos Aires;Argentina;Florisbelo Acosta y Jose Ortega Y Gasset;-57.56427,-37.96469;ok
2160;1;2024;10;Robo/Hurto Automotor;;;;Estancia Chapadmalal y Diagonal Estancia La Reforma;;Asiste Policia y Libera;Mar del Plata;Buenos Aires;Argentina;Estancia Chapadmalal y Diagonal Estancia La Reforma;-57.59273,-38.04646;ok
2161;1;2024;10;Robo/Hurto Automotor;;;;Jose Marti y Genova;;Asiste Policia y Libera;Mar del Plata;Buenos Aires;Argentina;Jose Marti y Genova;-57.57591,-38.04678;ok
2162;1;2024;10;Robo/Hurto Automotor;;;;Saavedra Cornelio y Lamadrid;;Asiste Policia y Libera;Mar del Plata;Buenos Aires;Argentina;Saavedra Cornelio y Lamadrid;-57.55116,-38.01862;ok
2163;1;2024;10;Robo/Hurto Automotor;;;;Republica De Cuba y Federico Garcia Lorca;;Hallazgo Automotor;Mar del Plata;Buenos Aires;Argentina;Republica De Cuba y Federico Garcia Lorca;-57.60626,-38.03163;ok
2164;1;2024;10;Robo/Hurto Automotor;;;;Rodriguez Peña y Olazabal Felix De;;Asiste Policia y Libera;Mar del Plata;Buenos Aires;Argentina;Rodriguez Peña y Olazabal Felix De;-57.5730252,-38.0053752;ok
2165;1;2024;10;Robo/Hurto Automotor;;;;Blas Parera y Cataluña;;Asiste Policia y Libera;Mar del Plata;Buenos Aires;Argentina;Blas Parera y Cataluña;-57.54757,-37.96864;ok
2166;1;2024;10;Robo/Hurto Automotor;;;;Magallanes y Alejandro Korn;;Asiste Policia y Libera;Mar del Plata;Buenos Aires;Argentina;Magallanes y Alejandro Korn;-57.55684,-38.03637;ok
2167;1;2024;10;Robo/Hurto Automotor;;;;La Rioja y Tres de 02;;Asiste Policia y Libera;Mar del Plata;Buenos Aires;Argentina;La Rioja y Tres de 02;-57.54825,-37.99414;ok
2168;1;2024;10;Robo/Hurto Automotor;;;;Guayana y Beruti Antonio Luis;;Hallazgo Automotor;Mar del Plata;Buenos Aires;Argentina;Guayana y Beruti Antonio Luis;-57.61053,-37.95018;ok
2169;1;2024;10;Robo/Hurto Automotor;;;;San Francisco De Asis y Los Granados;;No Asiste;Mar del Plata;Buenos Aires;Argentina;San Francisco De Asis y Los Granados;-57.54888,-37.92884;ok
2170;1;2024;10;Robo/Hurto Automotor;;;;Ayacucho y Misiones;;No Asiste;Mar del Plata;Buenos Aires;Argentina;Ayacucho y Misiones;-57.55945,-37.98163;ok
2171;1;2024;10;Robo/Hurto Automotor;;;;Avenida Juan B. Justo y Chaco;;Asiste Policia y Libera;Mar del Plata;Buenos Aires;Argentina;Avenida Juan B. Justo y Chaco;-57.5818937,-38.0108806;ok
2172;1;2024;10;Robo/Hurto Automotor;;;;Derqui y Valencia;;Asiste Policia y Libera;Mar del Plata;Buenos Aires;Argentina;Derqui y Valencia;-57.54523,-37.97098;ok
2173;1;2024;10;Robo/Hurto Automotor;;;;Jose Hernandez y Genova;;No Asiste;Mar del Plata;Buenos Aires;Argentina;Jose Hernandez y Genova;-57.57334,-38.04871;ok
2174;1;2024;10;Robo/Hurto Automotor;;;;Carlos Tejedor y Jose Zacagnini;;Asiste Policia y Libera;Mar del Plata;Buenos Aires;Argentina;Carlos Tejedor y Jose Zacagnini;-57.5446449,-37.9544464;ok
2175;1;2024;10;Robo/Hurto Automotor;;;;Arturo Alio y Brown Almirante;;Asiste Policia y Libera;Mar del Plata;Buenos Aires;Argentina;Arturo Alio y Brown Almirante;-57.59909,-37.9799;ok
2176;1;2024;10;Robo/Hurto Automotor;;;;Eduardo G. Carasa y Jose Lanzilota;;Asiste Policia y Libera;Mar del Plata;Buenos Aires;Argentina;Eduardo G. Carasa y Jose Lanzilota;-57.56657,-38.04714;ok
2177;1;2024;10;Robo/Hurto Automotor;;;;Leonardo Rosales y Ciudad De Dolores;;Hallazgo Automotor;Mar del Plata;Buenos Aires;Argentina;Leonardo Rosales y Ciudad De Dolores;-57.58619,-38.02718;ok
2178;1;2024;10;Robo/Hurto Automotor;;;;Bolivar y Guido Tomas;;Se Realiza Seguimiento del Evento;Mar del Plata;Buenos Aires;Argentina;Bolivar y Guido Tomas;-57.5626,-37.99597;ok
2179;1;2024;10;Robo/Hurto Automotor;;;;Avenida Juan B. Justo y Acha;;Se Realiza Seguimiento del Evento;Mar del Plata;Buenos Aires;Argentina;Avenida Juan B. Justo y Acha;-57.54393,-38.03944;ok
2180;1;2024;10;Robo/Hurto Automotor;;;;San Luis y Avenida Colon;;Asiste Policia y Libera;Mar del Plata;Buenos Aires;Argentina;San Luis y Avenida Colon;-57.5511581,-38.0029897;ok
2181;1;2024;10;Robo/Hurto Automotor;;;;Ayacucho y Jujuy;;Se Realiza Seguimiento del Evento;Mar del Plata;Buenos Aires;Argentina;Ayacucho y Jujuy;-57.54844,-37.9872;ok
2182;1;2024;10;Robo/Hurto Automotor;;;;Alvarado Rudecindo y Santa Fe;;LPR - Se realiza seguimiento del vehiculo;Mar del Plata;Buenos Aires;Argentina;Alvarado Rudecindo y Santa Fe;-57.55331,-38.01083;ok
2183;1;2024;10;Robo/Hurto Automotor;;;;Avenida Pedro Luro y Remedios De Escalada;;Asiste Policia y Libera;Mar del Plata;Buenos Aires;Argentina;Avenida Pedro Luro y Remedios De Escalada;-57.591443,-37.9757268;ok
2184;1;2024;10;Robo/Hurto Automotor;;;;Triunvirato y Leonardo Rosales;;Asiste Policia y Libera;Mar del Plata;Buenos Aires;Argentina;Triunvirato y Leonardo Rosales;-57.5607215,-38.0463698;ok
2185;1;2024;10;Robo/Hurto Automotor;;;;Irala y Lisandro De La Torre;;Asiste Policia y Libera;Mar del Plata;Buenos Aires;Argentina;Irala y Lisandro De La Torre;-57.5797253,-38.0217431;ok
2186;1;2024;10;Robo/Hurto Automotor;;;;Salta y Avenida Libertad;;Se Realiza Seguimiento del Evento;Mar del Plata;Buenos Aires;Argentina;Salta y Avenida Libertad;-57.54942,-37.99012;ok
2187;1;2024;10;Robo/Hurto Automotor;;;;La Rioja y Once de 09;;Se Realiza Seguimiento del Evento;Mar del Plata;Buenos Aires;Argentina;La Rioja y Once de 09;-57.5475823,-37.9933741;ok
2188;1;2024;10;Robo/Hurto Automotor;;;;20 De Setiembre y Brandsen;;Asiste Policia y Libera;Mar del Plata;Buenos Aires;Argentina;20 De Setiembre y Brandsen;-57.54855,-37.98378;ok
2189;1;2024;10;Robo/Hurto Automotor;;;;Talcahuano y Gaboto;;Asiste Policia y Libera;Mar del Plata;Buenos Aires;Argentina;Talcahuano y Gaboto;-57.5675977,-38.0243808;ok
2190;1;2024;10;Robo/Hurto Automotor;;;;Avenida Vertiz y Juana Manso;;LPR - Se realiza seguimiento del vehiculo;Mar del Plata;Buenos Aires;Argentina;Avenida Vertiz y Juana Manso;-57.57921,-38.02855;ok
2191;1;2024;10;Robo/Hurto Automotor;;;;Gamal Abdel Nasser y Brown Almirante;;Asiste Policia y Libera;Mar del Plata;Buenos Aires;Argentina;Gamal Abdel Nasser y Brown Almirante;-57.59304,-37.98297;ok
2192;1;2024;10;Robo/Hurto Automotor;;;;Jose Cardiel Padre y Liniers;;Asiste Policia y Libera;Mar del Plata;Buenos Aires;Argentina;Jose Cardiel Padre y Liniers;-57.54442,-37.97698;ok
2193;1;2024;10;Robo/Hurto Automotor;;;;Talcahuano y Genova;;Asiste Policia y Libera;Mar del Plata;Buenos Aires;Argentina;Talcahuano y Genova;-57.58571,-38.03939;ok
2194;1;2024;10;Robo/Hurto Automotor;;;;Godofredo Daireaux y Jose Manuel Estrada;;Asiste Policia y Libera;Mar del Plata;Buenos Aires;Argentina;Godofredo Daireaux y Jose Manuel Estrada;-57.55593,-37.95094;ok
2195;1;2024;10;Robo/Hurto Automotor;;;;Cordoba y Manuel Quintana;;Asiste Policia y Libera;Mar del Plata;Buenos Aires;Argentina;Cordoba y Manuel Quintana;-57.55978,-38.01543;ok
2196;1;2024;10;Robo/Hurto Automotor;;;;Tres de Febrero y Funes Gregorio;;Asiste Policia y Libera;Mar del Plata;Buenos Aires;Argentina;Tres de Febrero y Funes Gregorio;-57.55839,-37.98901;ok
2197;1;2024;10;Robo/Hurto Automotor;;;;Magallanes y Juramento;;Asiste Policia y Libera;Mar del Plata;Buenos Aires;Argentina;Magallanes y Juramento;-57.55597,-38.03701;ok
2198;1;2024;10;Robo/Hurto Automotor;;;;General Rafael De Riego y Calabria;;Asiste Policia y Libera;Mar del Plata;Buenos Aires;Argentina;General Rafael De Riego y Calabria;-57.58562,-38.04204;ok
2199;1;2024;10;Robo/Hurto Automotor;;;;Antonio Alice y Avenida Felix U. Camet;;Asiste Policia y Libera;Mar del Plata;Buenos Aires;Argentina;Antonio Alice y Avenida Felix U. Camet;-57.5406,-37.96089;ok
2200;1;2024;10;Robo/Hurto Automotor;;;;Mario Bravo y Eduardo Perez Bulnes;;Asiste Policia y Libera;Mar del Plata;Buenos Aires;Argentina;Mario Bravo y Eduardo Perez Bulnes;-57.5546591,-38.0729798;ok
2201;1;2024;10;Robo/Hurto Automotor;;;;Juan Vucetich y Federico Garcia Lorca;;LPR - Se realiza seguimiento del vehiculo;Mar del Plata;Buenos Aires;Argentina;Juan Vucetich y Federico Garcia Lorca;-57.56182,-38.06516;ok
2202;1;2024;10;Robo/Hurto Automotor;;;;Avenida Patricio Peralta Ramos y Arenales;;Se Realiza Seguimiento del Evento;Mar del Plata;Buenos Aires;Argentina;Avenida Patricio Peralta Ramos y Arenales;-57.54232,-38.00585;ok
2203;1;2024;10;Robo/Hurto Automotor;;;;Rivadavia y 20 De Setiembre;;LPR - Se realiza seguimiento del vehiculo;Mar del Plata;Buenos Aires;Argentina;Rivadavia y 20 De Setiembre;-57.55771,-37.99514;ok
2204;1;2024;10;Robo/Hurto Automotor;;;;Mitre Bartolome y Esteban Gascon;;Asiste Policia y Libera;Mar del Plata;Buenos Aires;Argentina;Mitre Bartolome y Esteban Gascon;-57.5541419,-38.0048497;ok
2205;1;2024;10;Robo/Hurto Automotor;;;;Mitre Bartolome y Belgrano;;Se Realiza Seguimiento del Evento;Mar del Plata;Buenos Aires;Argentina;Mitre Bartolome y Belgrano;-57.55019,-38.00002;ok
2206;1;2024;10;Robo/Hurto Automotor;;;;Salta y Avenida Libertad;;Se Realiza Seguimiento del Evento;Mar del Plata;Buenos Aires;Argentina;Salta y Avenida Libertad;-57.54942,-37.99012;ok
2207;1;2024;10;Robo/Hurto Automotor;;;;Bolivar y San Juan;;No Asiste;Mar del Plata;Buenos Aires;Argentina;Bolivar y San Juan;-57.56564,-37.99447;ok
2208;1;2024;10;Robo/Hurto Automotor;;;;Cervantes Saavedra y Funes Gregorio;;No Asiste;Mar del Plata;Buenos Aires;Argentina;Cervantes Saavedra y Funes Gregorio;-57.57334,-38.00746;ok
2209;1;2024;10;Robo/Hurto Automotor;;;;Neuquen y Tres de 02;;No Asiste;Mar del Plata;Buenos Aires;Argentina;Neuquen y Tres de 02;-57.56539,-37.98546;ok
2210;1;2024;10;Robo/Hurto Automotor;;;;Luciano Arrue y Balcarce;;No Asiste;Mar del Plata;Buenos Aires;Argentina;Luciano Arrue y Balcarce;-57.59465,-37.96903;ok
2211;1;2024;10;Robo/Hurto Automotor;;;;Avenida Pedro Luro y Buenos Aires;;Asiste Policia y Libera;Mar del Plata;Buenos Aires;Argentina;Avenida Pedro Luro y Buenos Aires;-57.5415961,-38.000949;ok
2212;1;2024;10;Robo/Hurto Automotor;;;;Mitre Bartolome y Castelli Juan Jose;;Asiste Policia y Libera;Mar del Plata;Buenos Aires;Argentina;Mitre Bartolome y Castelli Juan Jose;-57.55668,-38.00806;ok
2213;1;2024;10;Robo/Hurto Automotor;;;;Manuela Pedraza y Tomas Manuel De Anchorena;;Asiste Policia y Libera;Mar del Plata;Buenos Aires;Argentina;Manuela Pedraza y Tomas Manuel De Anchorena;-57.53837,-37.95204;ok
2214;1;2024;10;Robo/Hurto Automotor;;;;De Los Reservistas y Ignacio Olan;;Asiste Policia y Libera;Mar del Plata;Buenos Aires;Argentina;De Los Reservistas y Ignacio Olan;-57.63389,-38.02632;ok
2215;1;2024;10;Robo/Hurto Automotor;;;;Calle 489 y Calle 4;;Asiste Policia y Libera;Mar del Plata;Buenos Aires;Argentina;Calle 489 y Calle 4;-57.5944814,-38.1180186;ok
2216;1;2024;10;Robo/Hurto Automotor;;;;Manuela Pedraza y Tomas Manuel De Anchorena;;Asiste Policia y Libera;Mar del Plata;Buenos Aires;Argentina;Manuela Pedraza y Tomas Manuel De Anchorena;-57.53837,-37.95204;ok
2217;1;2024;10;Robo/Hurto Automotor;;;;Jose M. Calaza Coronel y Rodriguez Peña;;Persecucion Y Detencion;Mar del Plata;Buenos Aires;Argentina;Jose M. Calaza Coronel y Rodriguez Peña;-57.61338,-37.98849;ok
2218;1;2024;10;Robo/Hurto Automotor;;;;Dorrego y Bolivar;;Asiste Policia y Libera;Mar del Plata;Buenos Aires;Argentina;Dorrego y Bolivar;-57.56158,-37.99648;ok
2219;1;2024;10;Robo/Hurto Automotor;;;;Rufino Inda Intendente y San Salvador;;Asiste Policia y Libera;Mar del Plata;Buenos Aires;Argentina;Rufino Inda Intendente y San Salvador;-57.5990464,-38.0124977;ok
2220;1;2024;10;Robo/Hurto Automotor;;;;Magallanes y Esteban Echeverria;;Asiste Policia y Libera;Mar del Plata;Buenos Aires;Argentina;Magallanes y Esteban Echeverria;-57.56576,-38.02964;ok
2221;1;2024;10;Robo/Hurto Automotor;;;;Avenida Fermin Errea y Venticinco de 05;;Asiste Policia y Libera;Mar del Plata;Buenos Aires;Argentina;Avenida Fermin Errea y Venticinco de 05;-57.617898,-37.9611055;ok
2222;1;2024;10;Robo/Hurto Automotor;;;;Inda Rufino Bis y Leonardo Rosales;;Se Realiza Seguimiento del Evento;Mar del Plata;Buenos Aires;Argentina;Inda Rufino Bis y Leonardo Rosales;-57.60215,-38.01511;ok
2223;1;2024;10;Robo/Hurto Automotor;;;;Primera Junta y Don Bosco;;Asiste Policia y Libera;Mar del Plata;Buenos Aires;Argentina;Primera Junta y Don Bosco;-57.58064,-38.00262;ok
2224;1;2024;10;Robo/Hurto Automotor;;;;Talcahuano y Hipolito Bouchard;;Hallazgo Automotor;Mar del Plata;Buenos Aires;Argentina;Talcahuano y Hipolito Bouchard;-57.5774248,-38.0325018;ok
2225;1;2024;10;Robo/Hurto Automotor;;;;Avenida Vertiz y Calle 228;;Asiste Policia y Libera;Mar del Plata;Buenos Aires;Argentina;Avenida Vertiz y Calle 228;-57.62409,-37.99466;ok
2226;1;2024;10;Robo/Hurto Automotor;;;;El Churrinche y Luis Piedrabuena Comandante;;Asiste Policia y Libera;Mar del Plata;Buenos Aires;Argentina;El Churrinche y Luis Piedrabuena Comandante;-57.57074,-38.0739;ok
2227;1;2024;4;Robo/Hurto Automotor;;;;Avenida Pedro Luro y Avenida Fermin Errea;;Asiste Policia y Libera;Mar del Plata;Buenos Aires;Argentina;Avenida Pedro Luro y Avenida Fermin Errea;-57.6185972,-37.9619814;ok
2228;1;2024;4;Robo/Hurto Automotor;;;;Jujuy y Nueve de 07;;Asiste Policia y Libera;Mar del Plata;Buenos Aires;Argentina;Jujuy y Nueve de 07;-57.55304,-37.99283;ok
2229;1;2024;4;Robo/Hurto Automotor;;;;Las Heras y Alberti Manuel;;Hallazgo Automotor;Mar del Plata;Buenos Aires;Argentina;Las Heras y Alberti Manuel;-57.54378,-38.01125;ok
2230;1;2024;4;Robo/Hurto Automotor;;;;Avenida Patricio Peralta Ramos y Brown Almirante;;Se Realiza Seguimiento del Evento;Mar del Plata;Buenos Aires;Argentina;Avenida Patricio Peralta Ramos y Brown Almirante;-57.5323615,-38.0136765;ok
2231;1;2024;4;Robo/Hurto Automotor;;;;Formosa y Neuquen;;Asiste Policia y Libera;Mar del Plata;Buenos Aires;Argentina;Formosa y Neuquen;-57.5822,-38.00629;ok
2232;1;2024;4;Robo/Hurto Automotor;;;;Juan B. Goñi y Benito Linch;;Asiste Policia y Libera;Mar del Plata;Buenos Aires;Argentina;Juan B. Goñi y Benito Linch;-57.61709,-38.02476;ok
2233;1;2024;4;Robo/Hurto Automotor;;;;Guardacostas Rio Iguazu y Posadas;;Asiste Policia y Libera;Mar del Plata;Buenos Aires;Argentina;Guardacostas Rio Iguazu y Posadas;-57.57373,-38.06124;ok
2234;1;2024;4;Robo/Hurto Automotor;;;;Leonardo Rosales y General Manuel N. Savio;;Asiste Policia y Libera;Mar del Plata;Buenos Aires;Argentina;Leonardo Rosales y General Manuel N. Savio;-57.57564,-38.03511;ok
2235;1;2024;4;Robo/Hurto Automotor;;;;Juramento y Lebensohn Moises;;Asiste Policia y Libera;Mar del Plata;Buenos Aires;Argentina;Juramento y Lebensohn Moises;-57.5691878,-38.0479919;ok
2236;1;2024;10;Robo/Hurto Automotor;;;;Corrientes y Bolivar;;Asiste Policia y Libera;Mar del Plata;Buenos Aires;Argentina;Corrientes y Bolivar;-57.54646,-38.00413;ok
2237;1;2024;10;Robo/Hurto Automotor;;;;Avellaneda Nicolas y Las Heras;;LPR - Se realiza seguimiento del vehiculo;Mar del Plata;Buenos Aires;Argentina;Avellaneda Nicolas y Las Heras;-57.54696,-38.0152;ok
2238;1;2024;10;Robo/Hurto Automotor;;;;Jujuy y Maipu;;LPR - Se realiza seguimiento del vehiculo;Mar del Plata;Buenos Aires;Argentina;Jujuy y Maipu;-57.54973,-37.98875;ok
2239;1;2024;10;Robo/Hurto Automotor;;;;Jose Andres Pacheco De Melo y Eduardo G. Carasa;;LPR - Se realiza seguimiento del vehiculo;Mar del Plata;Buenos Aires;Argentina;Jose Andres Pacheco De Melo y Eduardo G. Carasa;-57.5947315,-38.042963;ok
2240;1;2024;10;Robo/Hurto Automotor;;;;Juan B. Goñi y Avenida Vertiz;;LPR - Se realiza seguimiento del vehiculo;Mar del Plata;Buenos Aires;Argentina;Juan B. Goñi y Avenida Vertiz;-57.60143,-38.01177;ok
2241;1;2024;10;Robo/Hurto Automotor;;;;Avenida Pedro Luro y Grecia;;LPR - Se realiza seguimiento del vehiculo;Mar del Plata;Buenos Aires;Argentina;Avenida Pedro Luro y Grecia;-57.59346,-37.97481;ok
2242;1;2024;10;Robo/Hurto Automotor;;;;Patagones y Jose Cardiel Padre;;Hallazgo Automotor;Mar del Plata;Buenos Aires;Argentina;Patagones y Jose Cardiel Padre;-57.54942,-37.9744432;ok
2243;1;2024;10;Robo/Hurto Automotor;;;;Grecia y Avenida Pedro Luro;;Asiste Policia y Libera;Mar del Plata;Buenos Aires;Argentina;Grecia y Avenida Pedro Luro;-57.59346,-37.97481;ok
2244;1;2024;10;Robo/Hurto Automotor;;;;Acha y De La Plaza Fortunato;;Asiste Policia y Libera;Mar del Plata;Buenos Aires;Argentina;Acha y De La Plaza Fortunato;-57.56047,-38.05317;ok
2245;1;2024;10;Robo/Hurto Automotor;;;;Benedetto Croce y De La Plaza Fortunato;;Asiste Policia y Libera;Mar del Plata;Buenos Aires;Argentina;Benedetto Croce y De La Plaza Fortunato;-57.54827,-38.06228;ok
2246;1;2024;10;Robo/Hurto Automotor;;;;Belgrano y Funes Gregorio;;Asiste Policia y Libera;Mar del Plata;Buenos Aires;Argentina;Belgrano y Funes Gregorio;-57.56234,-37.9939;ok
2247;1;2024;10;Robo/Hurto Automotor;;;;Avenida Constitucion y Carlos Tejedor;;Asiste Policia y Libera;Mar del Plata;Buenos Aires;Argentina;Avenida Constitucion y Carlos Tejedor;-57.55348,-37.96554;ok
2248;1;2024;10;Robo/Hurto Automotor;;;;Avenida Constitucion y Carlos Tejedor;;LPR - Se realiza seguimiento del vehiculo;Mar del Plata;Buenos Aires;Argentina;Avenida Constitucion y Carlos Tejedor;-57.55348,-37.96554;ok
2249;1;2024;10;Robo/Hurto Automotor;;;;Leonardo Rosales y Tomas Alva Edison;;Se Realiza Seguimiento del Evento;Mar del Plata;Buenos Aires;Argentina;Leonardo Rosales y Tomas Alva Edison;-57.5572393,-38.0489942;ok
2250;1;2024;10;Robo/Hurto Automotor;;;;Alberti Manuel y Buenos Aires;;Asiste Policia y Libera;Mar del Plata;Buenos Aires;Argentina;Alberti Manuel y Buenos Aires;-57.5477825,-38.0092013;ok
2251;1;2024;10;Robo/Hurto Automotor;;;;Ituzaingo y Avenida Fermin Errea;;Asiste Policia y Libera;Mar del Plata;Buenos Aires;Argentina;Ituzaingo y Avenida Fermin Errea;-57.61199,-37.95388;ok
2252;1;2024;10;Robo/Hurto Automotor;;;;Jeronimo Costa Coronel y Avenida Colon;;LPR - Se realiza seguimiento del vehiculo;Mar del Plata;Buenos Aires;Argentina;Jeronimo Costa Coronel y Avenida Colon;-57.60745,-37.97446;ok
2253;1;2024;10;Robo/Hurto Automotor;;;;Avenida de los Trabajadores y Eduardo G. Carasa;;Asiste Policia y Libera;Mar del Plata;Buenos Aires;Argentina;Avenida de los Trabajadores y Eduardo G. Carasa;-57.54632,-38.0623837;ok
2254;1;2024;10;Robo/Hurto Automotor;;;;Ecuador y Rio Negro;;LPR - Vehiculo Interceptado;Mar del Plata;Buenos Aires;Argentina;Ecuador y Rio Negro;-57.60493,-37.95077;ok
2255;1;2024;10;Robo/Hurto Automotor;;;;General Mosconi y El Churrinche;;Hallazgo Automotor;Mar del Plata;Buenos Aires;Argentina;General Mosconi y El Churrinche;-57.57281,-38.07235;ok
2256;1;2024;10;Robo/Hurto Automotor;;;;Aristobulo Del Valle y Alvarado Rudecindo;;Hallazgo Automotor;Mar del Plata;Buenos Aires;Argentina;Aristobulo Del Valle y Alvarado Rudecindo;-57.53033,-38.02247;ok
2257;1;2024;10;Robo/Hurto Automotor;;;;Tripulantes Del Fournier y Luis Piedrabuena Comandante;;Asiste Policia y Libera;Mar del Plata;Buenos Aires;Argentina;Tripulantes Del Fournier y Luis Piedrabuena Comandante;-57.5494,-38.05621;ok
2258;1;2024;10;Robo/Hurto Automotor;;;;Tres de Febrero y Catamarca;;Asiste Policia y Libera;Mar del Plata;Buenos Aires;Argentina;Tres de Febrero y Catamarca;-57.54924,-37.99365;ok
2259;1;2024;10;Robo/Hurto Automotor;;;;Ayolas y Jose Dutto Padre;;Asiste Policia y Libera;Mar del Plata;Buenos Aires;Argentina;Ayolas y Jose Dutto Padre;-57.552504,-38.0409351;ok
2260;1;2024;10;Robo/Hurto Automotor;;;;Avenida Juan Jose Paso y Cordoba;;Asiste Policia y Libera;Mar del Plata;Buenos Aires;Argentina;Avenida Juan Jose Paso y Cordoba;-57.56304,-38.01944;ok
2261;1;2024;10;Robo/Hurto Automotor;;;;Jose Marmol y Concepcion Arenal;;Asiste Policia y Libera;Mar del Plata;Buenos Aires;Argentina;Jose Marmol y Concepcion Arenal;-57.54552,-37.97308;ok
2262;1;2024;10;Robo/Hurto Automotor;;;;Genova y Marcelo T. De Alvear;;Hallazgo Automotor;Mar del Plata;Buenos Aires;Argentina;Genova y Marcelo T. De Alvear;-57.57421,-38.04807;ok
2263;1;2024;10;Robo/Hurto Automotor;;;;Hipolito Yrigoyen y Manuel Quintana;;No Asiste;Mar del Plata;Buenos Aires;Argentina;Hipolito Yrigoyen y Manuel Quintana;-57.56277,-38.0139;ok
2264;1;2024;10;Robo/Hurto Automotor;;;;Ortiz De Zarate y Reforma Universitaria;;Asiste Policia y Libera;Mar del Plata;Buenos Aires;Argentina;Ortiz De Zarate y Reforma Universitaria;-57.5990209,-38.0084217;ok
2265;1;2024;10;Robo/Hurto Automotor;;;;Chaco y Brandsen;;Asiste Policia y Libera;Mar del Plata;Buenos Aires;Argentina;Chaco y Brandsen;-57.55654,-37.97979;ok
2266;1;2024;10;Robo/Hurto Automotor;;;;11 De Setiembre y Jujuy;;No Asiste;Mar del Plata;Buenos Aires;Argentina;11 De Setiembre y Jujuy;-57.55175,-37.99126;ok
2267;1;2024;10;Robo/Hurto Automotor;;;;Jacinto Peralta Ramos y San Salvador;;Asiste Policia y Libera;Mar del Plata;Buenos Aires;Argentina;Jacinto Peralta Ramos y San Salvador;-57.58027,-38.02645;ok
2268;1;2024;10;Robo/Hurto Automotor;;;;Reforma Universitaria y Hernandarias;;Asiste Policia y Libera;Mar del Plata;Buenos Aires;Argentina;Reforma Universitaria y Hernandarias;-57.59982,-38.0091;ok
2269;1;2024;10;Robo/Hurto Automotor;;;;Olavarria y Brown Almirante;;Asiste Policia y Libera;Mar del Plata;Buenos Aires;Argentina;Olavarria y Brown Almirante;-57.5389,-38.01039;ok
2270;1;2024;10;Robo/Hurto Automotor;;;;Concepcion Arenal y Miguel De Unamuno;;Asiste Policia y Libera;Mar del Plata;Buenos Aires;Argentina;Concepcion Arenal y Miguel De Unamuno;-57.5695978,-37.9608877;ok
2271;1;2024;10;Robo/Hurto Automotor;;;;Avenida Vertiz y Yapeyu;;Asiste Policia y Libera;Mar del Plata;Buenos Aires;Argentina;Avenida Vertiz y Yapeyu;-57.62236,-37.99596;ok
2272;1;2024;10;Robo/Hurto Automotor;;;;De La Plaza Fortunato y Polonia;;Asiste Policia y Libera;Mar del Plata;Buenos Aires;Argentina;De La Plaza Fortunato y Polonia;-57.6036474,-38.0204463;ok
2273;1;2024;10;Robo/Hurto Automotor;;;;Alberti Manuel y Leandro N. Alem;;Asiste Policia y Libera;Mar del Plata;Buenos Aires;Argentina;Alberti Manuel y Leandro N. Alem;-57.52877,-38.0188;ok
2274;1;2024;10;Robo/Hurto Automotor;;;;Primera Junta y Primero de Mayo;;Asiste Policia y Libera;Mar del Plata;Buenos Aires;Argentina;Primera Junta y Primero de Mayo;-57.5837857,-38.0010502;ok
2275;1;2024;10;Robo/Hurto Automotor;;;;Alberti Manuel y Francia;;Asiste Policia y Libera;Mar del Plata;Buenos Aires;Argentina;Alberti Manuel y Francia;-57.5758502,-37.9950823;ok
2276;1;2024;10;Robo/Hurto Automotor;;;;Leonardo Rosales y Soler Miguel;;Hallazgo Automotor;Mar del Plata;Buenos Aires;Argentina;Leonardo Rosales y Soler Miguel;-57.6109001,-38.056516;ok
2277;1;2024;10;Robo/Hurto Automotor;;;;Matias Strobel y Benito Juarez;;Asiste Policia y Libera;Mar del Plata;Buenos Aires;Argentina;Matias Strobel y Benito Juarez;-57.56383,-37.96938;ok
2278;1;2024;10;Robo/Hurto Automotor;;;;Moreno y La Rioja;;LPR - Se realiza seguimiento del vehiculo;Mar del Plata;Buenos Aires;Argentina;Moreno y La Rioja;-57.5528088,-37.9998257;ok
2279;1;2024;10;Robo/Hurto Automotor;;;;Triunvirato y Juan Bautista Azopardo;;Asiste Policia y Libera;Mar del Plata;Buenos Aires;Argentina;Triunvirato y Juan Bautista Azopardo;-57.55827,-38.04434;ok
2280;1;2024;10;Robo/Hurto Automotor;;;;14 De julio y Tres de 02;;Asiste Policia y Libera;Mar del Plata;Buenos Aires;Argentina;14 De julio y Tres de 02;-57.55542,-37.99053;ok
2281;1;2024;10;Robo/Hurto Automotor;;;;Bolivar y Mitre Bartolome;;Se Realiza Seguimiento del Evento;Mar del Plata;Buenos Aires;Argentina;Bolivar y Mitre Bartolome;-57.55144,-38.00158;ok
2282;1;2024;10;Robo/Hurto Automotor;;;;Ituzaingo y Misiones;;Asiste Policia y Libera;Mar del Plata;Buenos Aires;Argentina;Ituzaingo y Misiones;-57.5588342,-37.980851;ok
2283;1;2024;10;Robo/Hurto Automotor;;;;Olazabal Felix De y Santa Cruz;;Se Realiza Seguimiento del Evento;Mar del Plata;Buenos Aires;Argentina;Olazabal Felix De y Santa Cruz;-57.55164,-37.97889;ok
2284;1;2024;10;Robo/Hurto Automotor;;;;Avenida Juan B. Justo y Paula Albarracin;;Hallazgo Automotor;Mar del Plata;Buenos Aires;Argentina;Avenida Juan B. Justo y Paula Albarracin;-57.6063789,-37.9924179;ok
2285;1;2024;10;Robo/Hurto Automotor;;;;De La Plaza Fortunato y Jacinto Peralta Ramos;;Hallazgo Automotor;Mar del Plata;Buenos Aires;Argentina;De La Plaza Fortunato y Jacinto Peralta Ramos;-57.5877079,-38.032636;ok
2286;1;2024;10;Robo/Hurto Automotor;;;;Scaglia Lorenzo y Ringuelet Raul;;Asiste Policia y Libera;Mar del Plata;Buenos Aires;Argentina;Scaglia Lorenzo y Ringuelet Raul;-57.54999,-37.91411;ok
2287;1;2024;10;Robo/Hurto Automotor;;;;Jacinto Peralta Ramos y Hernandarias;;Asiste Policia y Libera;Mar del Plata;Buenos Aires;Argentina;Jacinto Peralta Ramos y Hernandarias;-57.57864,-38.02509;ok
2288;1;2024;10;Robo/Hurto Automotor;;;;Avenida Felix U. Camet y Aragon;;LPR - Se realiza seguimiento del vehiculo;Mar del Plata;Buenos Aires;Argentina;Avenida Felix U. Camet y Aragon;-57.54248,-37.96887;ok
2289;1;2024;10;Robo/Hurto Automotor;;;;Tomas Alva Edison y Doce de 10;;Asiste Policia y Libera;Mar del Plata;Buenos Aires;Argentina;Tomas Alva Edison y Doce de 10;-57.5482424,-38.0415612;ok
2290;1;2024;10;Robo/Hurto Automotor;;;;Jujuy y Belgrano;;Asiste Policia y Libera;Mar del Plata;Buenos Aires;Argentina;Jujuy y Belgrano;-57.55631,-37.9969;ok
2291;1;2024;10;Robo/Hurto Automotor;;;;Bolivar y Martin Miguel De Guemes;;Asiste Policia y Libera;Mar del Plata;Buenos Aires;Argentina;Bolivar y Martin Miguel De Guemes;-57.5364772,-38.0091991;ok
2292;1;2024;10;Robo/Hurto Automotor;;;;Antonio Alice y General Jose Gervasio Artigas;;Asiste Policia y Libera;Mar del Plata;Buenos Aires;Argentina;Antonio Alice y General Jose Gervasio Artigas;-57.55024,-37.95602;ok
2293;1;2024;10;Robo/Hurto Automotor;;;;Genova y Herminia Brumana;;Asiste Policia y Libera;Mar del Plata;Buenos Aires;Argentina;Genova y Herminia Brumana;-57.60568,-38.02433;ok
2294;1;2024;10;Robo/Hurto Automotor;;;;Comandante Ernesto "Che" Guevara y Tripulantes Del Fournier;;Asiste Policia y Libera;Mar del Plata;Buenos Aires;Argentina;Comandante Ernesto "Che" Guevara y Tripulantes Del Fournier;-57.6282184,-37.9967118;ok
2295;1;2024;10;Robo/Hurto Automotor;;;;Pehuajo y Gaboto;;Asiste Policia y Libera;Mar del Plata;Buenos Aires;Argentina;Pehuajo y Gaboto;-57.58154,-38.01385;ok
2296;1;2024;10;Robo/Hurto Automotor;;;;Alberti Manuel y Hipolito Yrigoyen;;LPR - Se realiza seguimiento del vehiculo;Mar del Plata;Buenos Aires;Argentina;Alberti Manuel y Hipolito Yrigoyen;-57.55577,-38.00519;ok
2297;1;2024;10;Robo/Hurto Automotor;;;;Juan Bautista Azopardo y Pescadores;;Asiste Policia y Libera;Mar del Plata;Buenos Aires;Argentina;Juan Bautista Azopardo y Pescadores;-57.55209,-38.05029;ok
2298;1;2024;10;Robo/Hurto Automotor;;;;España y General 07 Argentino Roca;;Asiste Policia y Libera;Mar del Plata;Buenos Aires;Argentina;España y General 07 Argentino Roca;-57.5721925,-38.014816;ok
2299;1;2024;10;Robo/Hurto Automotor;;;;Formosa y Guillermo Volpe;;LPR - Se realiza seguimiento del vehiculo;Mar del Plata;Buenos Aires;Argentina;Formosa y Guillermo Volpe;-57.5346,-38.02982;ok
2300;1;2024;10;Robo/Hurto Automotor;;;;Jose Ingenieros y Jose Zacagnini;;LPR - Se realiza seguimiento del vehiculo;Mar del Plata;Buenos Aires;Argentina;Jose Ingenieros y Jose Zacagnini;-57.5457,-37.95389;ok
2301;1;2024;10;Robo/Hurto Automotor;;;;Matias Strobel y Jose Marmol;;Asiste Policia y Libera;Mar del Plata;Buenos Aires;Argentina;Matias Strobel y Jose Marmol;-57.54872,-37.97703;ok
2302;1;2024;10;Robo/Hurto Automotor;;;;Guillermo Marconi Ingeniero y Falucho;;Asiste Policia y Libera;Mar del Plata;Buenos Aires;Argentina;Guillermo Marconi Ingeniero y Falucho;-57.5777342,-37.9918521;ok
2303;1;2024;10;Robo/Hurto Automotor;;;;Eduardo Perez Bulnes y Sicilia;;Asiste Policia y Libera;Mar del Plata;Buenos Aires;Argentina;Eduardo Perez Bulnes y Sicilia;-57.54904,-38.06834;ok
2304;1;2024;10;Robo/Hurto Automotor;;;;Jose Hernandez y El Cano;;Asiste Policia y Libera;Mar del Plata;Buenos Aires;Argentina;Jose Hernandez y El Cano;-57.55604,-38.03436;ok
2305;1;2024;10;Robo/Hurto Automotor;;;;Juan Bautista Azopardo y Arturo Martin Jauretche;;Asiste Policia y Libera;Mar del Plata;Buenos Aires;Argentina;Juan Bautista Azopardo y Arturo Martin Jauretche;-57.61793,-38.00061;ok
2306;1;2024;10;Robo/Hurto Automotor;;;;Santa Cruz y Tierra Del Fuego;;Asiste Policia y Libera;Mar del Plata;Buenos Aires;Argentina;Santa Cruz y Tierra Del Fuego;-57.56936,-37.97102;ok
2307;1;2024;10;Robo/Hurto Automotor;;;;Alberti Manuel y Olavarria;;Asiste Policia y Libera;Mar del Plata;Buenos Aires;Argentina;Alberti Manuel y Olavarria;-57.5407876,-38.0127293;ok
2308;1;2024;10;Robo/Hurto Automotor;;;;Tres de Febrero y Santiago Del Estero;;Asiste Policia y Libera;Mar del Plata;Buenos Aires;Argentina;Tres de Febrero y Santiago Del Estero;-57.5433293,-37.9964982;ok
2309;1;2024;10;Robo/Hurto Automotor;;;;Rawson y Chaco;;Asiste Policia y Libera;Mar del Plata;Buenos Aires;Argentina;Rawson y Chaco;-57.57156,-37.99834;ok
2310;1;2024;10;Robo/Hurto Automotor;;;;Jujuy y Tres de 02;;Asiste Policia y Libera;Mar del Plata;Buenos Aires;Argentina;Jujuy y Tres de 02;-57.552385,-37.9920429;ok
2311;1;2024;10;Robo/Hurto Automotor;;;;ruta11 y Diagonal Dalmacio Velez Sarsfield;;LPR - Se realiza seguimiento del vehiculo;Mar del Plata;Buenos Aires;Argentina;ruta11 y Diagonal Dalmacio Velez Sarsfield;-57.54844,-38.09286;ok
2312;1;2024;10;Robo/Hurto Automotor;;;;Arenales y Rawson;;Asiste Policia y Libera;Mar del Plata;Buenos Aires;Argentina;Arenales y Rawson;-57.5464127,-38.0110303;ok
2313;1;2024;10;Robo/Hurto Automotor;;;;Guido Tomas y Rodriguez Peña;;Asiste Policia y Libera;Mar del Plata;Buenos Aires;Argentina;Guido Tomas y Rodriguez Peña;-57.5709967,-38.0064113;ok
2314;1;2024;10;Robo/Hurto Automotor;;;;Avenida Constitucion y General Jose Gervasio Artigas;;Asiste Policia y Libera;Mar del Plata;Buenos Aires;Argentina;Avenida Constitucion y General Jose Gervasio Artigas;-57.55662,-37.96394;ok
2315;1;2024;10;Robo/Hurto Automotor;;;;Bolivar y Salta;;Asiste Policia y Libera;Mar del Plata;Buenos Aires;Argentina;Bolivar y Salta;-57.55661,-37.99901;ok
2316;1;2024;10;Robo/Hurto Automotor;;;;Joaquina Acevedo y Pasteur;;Asiste Policia y Libera;Mar del Plata;Buenos Aires;Argentina;Joaquina Acevedo y Pasteur;-57.54565,-37.9628;ok
2317;1;2024;10;Robo/Hurto Automotor;;;;Chaco y Avellaneda Nicolas;;Asiste Policia y Libera;Mar del Plata;Buenos Aires;Argentina;Chaco y Avellaneda Nicolas;-57.57407,-38.00148;ok
2318;1;2024;10;Robo/Hurto Automotor;;;;French Domingo y Catorce de 07;;LPR - Se realiza seguimiento del vehiculo;Mar del Plata;Buenos Aires;Argentina;French Domingo y Catorce de 07;-57.5489,-37.9825;ok
2319;1;2024;10;Robo/Hurto Automotor;;;;Avenida Juan B. Justo y Estado De Israel;;Asiste Policia y Libera;Mar del Plata;Buenos Aires;Argentina;Avenida Juan B. Justo y Estado De Israel;-57.6046202,-37.9937507;ok
2320;1;2024;10;Robo/Hurto Automotor;;;;Avenida Juan B. Justo y Jose Marti;;Asiste Policia y Libera;Mar del Plata;Buenos Aires;Argentina;Avenida Juan B. Justo y Jose Marti;-57.55608,-38.03032;ok
2321;1;2024;10;Robo/Hurto Automotor;;;;Rawson y Carlos Pellegrini;;Asiste Policia y Libera;Mar del Plata;Buenos Aires;Argentina;Rawson y Carlos Pellegrini;-57.53142,-38.01858;ok
2322;1;2024;10;Robo/Hurto Automotor;;;;Genova y Ambrosio Bestoso;;Asiste Policia y Libera;Mar del Plata;Buenos Aires;Argentina;Genova y Ambrosio Bestoso;-57.58829,-38.03746;ok
2323;1;2024;10;Robo/Hurto Automotor;;;;Avenida de los Trabajadores y Ciocchini Cleto;;Asiste Policia y Libera;Mar del Plata;Buenos Aires;Argentina;Avenida de los Trabajadores y Ciocchini Cleto;-57.5435844,-38.0765618;ok
2324;1;2024;10;Robo/Hurto Automotor;;;;Ayolas y Don Orione;;Asiste Policia y Libera;Mar del Plata;Buenos Aires;Argentina;Ayolas y Don Orione;-57.5550932,-38.0389866;ok
2325;1;2024;10;Robo/Hurto Automotor;;;;Entre Rios y Avenida Colon;;Detencion;Mar del Plata;Buenos Aires;Argentina;Entre Rios y Avenida Colon;-57.54614,-38.00547;ok
2326;1;2024;10;Robo/Hurto Automotor;;;;Alberti Manuel y Juncal;;Asiste Policia y Libera;Mar del Plata;Buenos Aires;Argentina;Alberti Manuel y Juncal;-57.5870059,-37.9893544;ok
2327;1;2024;10;Robo/Hurto Automotor;;;;General Angel Pacheco y Lebensohn Moises;;Asiste Policia y Libera;Mar del Plata;Buenos Aires;Argentina;General Angel Pacheco y Lebensohn Moises;-57.54835,-38.06369;ok
2328;1;2024;10;Robo/Hurto Automotor;;;;14 De julio y Bolivar;;Hallazgo Automotor;Mar del Plata;Buenos Aires;Argentina;14 De julio y Bolivar;-57.56062,-37.99698;ok
2329;1;2024;10;Robo/Hurto Automotor;;;;De La Plaza Fortunato y Alejandro Korn;;Asiste Policia y Libera;Mar del Plata;Buenos Aires;Argentina;De La Plaza Fortunato y Alejandro Korn;-57.5691858,-38.0466035;ok
2330;1;2024;10;Robo/Hurto Automotor;;;;Manuel Baigorrita y Juana Manso;;LPR - Se realiza seguimiento del vehiculo;Mar del Plata;Buenos Aires;Argentina;Manuel Baigorrita y Juana Manso;-57.60262,-38.0474;ok
2331;1;2024;10;Robo/Hurto Automotor;;;;Larrea y Corrientes;;LPR - Se realiza seguimiento del vehiculo;Mar del Plata;Buenos Aires;Argentina;Larrea y Corrientes;-57.56135,-38.0226;ok
2332;1;2024;10;Robo/Hurto Automotor;;;;Avenida Pedro Luro y Hipolito Yrigoyen;;Se Realiza Seguimiento del Evento;Mar del Plata;Buenos Aires;Argentina;Avenida Pedro Luro y Hipolito Yrigoyen;-57.5491919,-37.997121;ok
2333;1;2024;10;Robo/Hurto Automotor;;;;Nueve de Julio y Malvinas;;Asiste Policia y Libera;Mar del Plata;Buenos Aires;Argentina;Nueve de Julio y Malvinas;-57.57812,-37.98013;ok
2334;1;2024;10;Robo/Hurto Automotor;;;;Olazabal Felix De y General 07 Argentino Roca;;Asiste Policia y Libera;Mar del Plata;Buenos Aires;Argentina;Olazabal Felix De y General 07 Argentino Roca;-57.57238,-38.00459;ok
2335;1;2024;10;Robo/Hurto Automotor;;;;Bernardo De Irigoyen y Larrea;;Asiste Policia y Libera;Mar del Plata;Buenos Aires;Argentina;Bernardo De Irigoyen y Larrea;-57.54138,-38.03268;ok
2336;1;2024;10;Robo/Hurto Automotor;;;;Leandro N. Alem y Manuel Quintana;;Asiste Policia y Libera;Mar del Plata;Buenos Aires;Argentina;Leandro N. Alem y Manuel Quintana;-57.5351605,-38.026717;ok
2337;1;2024;10;Robo/Hurto Automotor;;;;Islas Baleares y Justo Santa Maria De Oro;;Asiste Policia y Libera;Mar del Plata;Buenos Aires;Argentina;Islas Baleares y Justo Santa Maria De Oro;-57.56355,-38.09618;ok
2338;1;2024;10;Robo/Hurto Automotor;;;;Matias Strobel y Reduccion Nuestra Señora Del Pilar;;Asiste Policia y Libera;Mar del Plata;Buenos Aires;Argentina;Matias Strobel y Reduccion Nuestra Señora Del Pilar;-57.5499,-37.98742;ok
2339;1;2024;10;Robo/Hurto Automotor;;;;Florisbelo Acosta y Jose Lijo Lopez;;No Asiste;Mar del Plata;Buenos Aires;Argentina;Florisbelo Acosta y Jose Lijo Lopez;-57.55613,-37.9688;ok
2340;1;2024;11;Robo/Hurto Automotor;;;;Mitre Bartolome y Avenida Patricio Peralta Ramos;;No Asiste;Mar del Plata;Buenos Aires;Argentina;Mitre Bartolome y Avenida Patricio Peralta Ramos;-57.5449267,-37.9935613;ok
2341;1;2024;11;Robo/Hurto Automotor;;;;Primera Junta y Leandro N. Alem;;Asiste Policia y Libera;Mar del Plata;Buenos Aires;Argentina;Primera Junta y Leandro N. Alem;-57.53451,-38.02593;ok
2342;1;2024;11;Robo/Hurto Automotor;;;;Chacabuco y Coronel Suarez Bis;;Asiste Policia y Libera;Mar del Plata;Buenos Aires;Argentina;Chacabuco y Coronel Suarez Bis;-57.59329,-37.96562;ok
2343;1;2024;11;Robo/Hurto Automotor;;;;Triunvirato y Diagonal Cesar Gascon;;Asiste Policia y Libera;Mar del Plata;Buenos Aires;Argentina;Triunvirato y Diagonal Cesar Gascon;-57.5640163,-38.0490562;ok
2344;1;2024;11;Robo/Hurto Automotor;;;;Jujuy y Esteban Gascon;;Se Realiza Seguimiento del Evento;Mar del Plata;Buenos Aires;Argentina;Jujuy y Esteban Gascon;-57.5602697,-38.0017971;ok
2345;1;2024;11;Robo/Hurto Automotor;;;;San Juan y Avenida Juan B. Justo;;LPR - Se realiza seguimiento del vehiculo;Mar del Plata;Buenos Aires;Argentina;San Juan y Avenida Juan B. Justo;-57.58007,-38.01232;ok
2346;1;2024;11;Robo/Hurto Automotor;;;;Mitre Bartolome y Almafuerte;;LPR - Se realiza seguimiento del vehiculo;Mar del Plata;Buenos Aires;Argentina;Mitre Bartolome y Almafuerte;-57.5637,-38.01676;ok
2347;1;2024;11;Robo/Hurto Automotor;;;;Avenida Independencia y Falucho;;Asiste Policia y Libera;Mar del Plata;Buenos Aires;Argentina;Avenida Independencia y Falucho;-57.55753,-38.00205;ok
2348;1;2024;11;Robo/Hurto Automotor;;;;San Luis y Juan Bautista Alberdi;;Secuestro De Vehiculo;Mar del Plata;Buenos Aires;Argentina;San Luis y Juan Bautista Alberdi;-57.5465331,-37.9972393;ok
2349;1;2024;11;Robo/Hurto Automotor;;;;Jose Dutto Padre y Solis;;LPR - Se realiza seguimiento del vehiculo;Mar del Plata;Buenos Aires;Argentina;Jose Dutto Padre y Solis;-57.54842,-38.03753;ok
2350;1;2024;11;Robo/Hurto Automotor;;;;Falucho y Republica Del Libano;;LPR - Se realiza seguimiento del vehiculo;Mar del Plata;Buenos Aires;Argentina;Falucho y Republica Del Libano;-57.59269,-37.98427;ok
2351;1;2024;11;Robo/Hurto Automotor;;;;Avenida Vertiz y Luis Dellepiane;;LPR - Se realiza seguimiento del vehiculo;Mar del Plata;Buenos Aires;Argentina;Avenida Vertiz y Luis Dellepiane;-57.57665,-38.03051;ok
2352;1;2024;11;Robo/Hurto Automotor;;;;Hipolito Bouchard y Alejandro Korn;;Asiste Policia y Libera;Mar del Plata;Buenos Aires;Argentina;Hipolito Bouchard y Alejandro Korn;-57.56419,-38.04247;ok
2353;1;2024;11;Robo/Hurto Automotor;;;;Isla Candelaria y Calle 17;;Asiste Policia y Libera;Mar del Plata;Buenos Aires;Argentina;Isla Candelaria y Calle 17;-57.53337,-37.89931;ok
2354;1;2024;11;Robo/Hurto Automotor;;;;Chile y Alvarado Rudecindo;;Asiste Policia y Libera;Mar del Plata;Buenos Aires;Argentina;Chile y Alvarado Rudecindo;-57.5835574,-37.9955749;ok
2355;1;2024;11;Robo/Hurto Automotor;;;;Avenida Vertiz y Cno. Ruta 88 A Calle Lib. Gral. San Martin;;Asiste Policia y Libera;Mar del Plata;Buenos Aires;Argentina;Avenida Vertiz y Cno. Ruta 88 A Calle Lib. Gral. San Martin;-57.60843,-38.0065;ok
2356;1;2024;11;Robo/Hurto Automotor;;;;Avenida Pedro Luro y Arturo Alio;;Asiste Policia y Libera;Mar del Plata;Buenos Aires;Argentina;Avenida Pedro Luro y Arturo Alio;-57.59438,-37.97411;ok
2357;1;2024;11;Robo/Hurto Automotor;;;;Calle 18 y Calle 451;;Asiste Policia y Libera;Mar del Plata;Buenos Aires;Argentina;Calle 18 y Calle 451;-57.59104,-38.10113;ok
2358;1;2024;11;Robo/Hurto Automotor;;;;Jose Dutto Padre y Solis;;No Asiste;Mar del Plata;Buenos Aires;Argentina;Jose Dutto Padre y Solis;-57.54842,-38.03753;ok
2359;1;2024;11;Robo/Hurto Automotor;;;;Castelli Juan Jose y Viamonte;;Asiste Policia y Libera;Mar del Plata;Buenos Aires;Argentina;Castelli Juan Jose y Viamonte;-57.53969,-38.01665;ok
2360;1;2024;11;Robo/Hurto Automotor;;;;Avenida Juan Hector Jara y Almafuerte;;Asiste Policia y Libera;Mar del Plata;Buenos Aires;Argentina;Avenida Juan Hector Jara y Almafuerte;-57.5858895,-38.0054775;ok
2361;1;2024;11;Robo/Hurto Automotor;;;;Avenida Pedro Luro y Luciano Arrue;;No Asiste;Mar del Plata;Buenos Aires;Argentina;Avenida Pedro Luro y Luciano Arrue;-57.5975,-37.97253;ok
2362;1;2024;11;Robo/Hurto Automotor;;;;Avenida Independencia y Castelli Juan Jose;;Asiste Policia y Libera;Mar del Plata;Buenos Aires;Argentina;Avenida Independencia y Castelli Juan Jose;-57.5607372,-38.0059143;ok
2363;1;2024;11;Robo/Hurto Automotor;;;;Tomas Alva Edison y Doce de 10;;No Asiste;Mar del Plata;Buenos Aires;Argentina;Tomas Alva Edison y Doce de 10;-57.5482424,-38.0415612;ok
2364;1;2024;11;Robo/Hurto Automotor;;;;Jose Lijo Lopez y Carlos Tejedor;;Detencion;Mar del Plata;Buenos Aires;Argentina;Jose Lijo Lopez y Carlos Tejedor;-57.55158,-37.96313;ok
2365;1;2024;11;Robo/Hurto Automotor;;;;Rio Negro y Chile;;Asiste Policia y Libera;Mar del Plata;Buenos Aires;Argentina;Rio Negro y Chile;-57.5641411,-37.9714815;ok
2366;1;2024;11;Robo/Hurto Automotor;;;;Falucho y 20 De Setiembre;;Se Realiza Seguimiento del Evento;Mar del Plata;Buenos Aires;Argentina;Falucho y 20 De Setiembre;-57.56158,-37.99999;ok
2367;1;2024;11;Robo/Hurto Automotor;;;;Don Arturo y Mario Bravo;;Asiste Policia y Libera;Mar del Plata;Buenos Aires;Argentina;Don Arturo y Mario Bravo;-57.55895,-38.06976;ok
2368;1;2024;11;Robo/Hurto Automotor;;;;Juan Vucetich y Juan Bautista Azopardo;;Asiste Policia y Libera;Mar del Plata;Buenos Aires;Argentina;Juan Vucetich y Juan Bautista Azopardo;-57.54781,-38.05353;ok
2369;1;2024;11;Robo/Hurto Automotor;;;;Belgrano y Avenida Independencia;;Asiste Policia y Libera;Mar del Plata;Buenos Aires;Argentina;Belgrano y Avenida Independencia;-57.5542281,-37.9979591;ok
2370;1;2024;11;Robo/Hurto Automotor;;;;Brown Almirante y Tucuman;;Asiste Policia y Libera;Mar del Plata;Buenos Aires;Argentina;Brown Almirante y Tucuman;-57.54487,-38.00735;ok
2371;1;2024;11;Robo/Hurto Automotor;;;;Avenida Juan Hector Jara y Garay Juan De;;Asiste Policia y Libera;Mar del Plata;Buenos Aires;Argentina;Avenida Juan Hector Jara y Garay Juan De;-57.5795038,-37.997633;ok
2372;1;2024;11;Robo/Hurto Automotor;;;;Cordoba y Moreno;;Se Realiza Seguimiento del Evento;Mar del Plata;Buenos Aires;Argentina;Cordoba y Moreno;-57.54881,-38.0018;ok
2373;1;2024;11;Robo/Hurto Automotor;;;;Avenida Libertad y Arturo Alio;;Asiste Policia y Libera;Mar del Plata;Buenos Aires;Argentina;Avenida Libertad y Arturo Alio;-57.5905451,-37.9693118;ok
2374;1;2024;11;Robo/Hurto Automotor;;;;Jacinto Peralta Ramos y Avenida Vertiz;;Asiste Policia y Libera;Mar del Plata;Buenos Aires;Argentina;Jacinto Peralta Ramos y Avenida Vertiz;-57.5810786,-38.0271037;ok
2375;1;2024;11;Robo/Hurto Automotor;;;;Azcuenaga y General Paunero;;Se Realiza Seguimiento del Evento;Mar del Plata;Buenos Aires;Argentina;Azcuenaga y General Paunero;-57.54803,-38.03043;ok
2376;1;2024;11;Robo/Hurto Automotor;;;;Ricardo Guiraldes y Jose Eusebio Colombres;;Se Realiza Seguimiento del Evento;Mar del Plata;Buenos Aires;Argentina;Ricardo Guiraldes y Jose Eusebio Colombres;-57.54974,-38.07299;ok
2377;1;2024;11;Robo/Hurto Automotor;;;;San Juan y Saavedra Cornelio;;Asiste Policia y Libera;Mar del Plata;Buenos Aires;Argentina;San Juan y Saavedra Cornelio;-57.57539,-38.00641;ok
2378;1;2024;11;Robo/Hurto Automotor;;;;Jose Agustin De La Maza y Ricardo Guiraldes;;Asiste Policia y Libera;Mar del Plata;Buenos Aires;Argentina;Jose Agustin De La Maza y Ricardo Guiraldes;-57.54658,-38.0758;ok
2379;1;2024;11;Robo/Hurto Automotor;;;;Tripulantes Del Fournier y Udine;;Asiste Policia y Libera;Mar del Plata;Buenos Aires;Argentina;Tripulantes Del Fournier y Udine;-57.59141,-38.02454;ok
2380;1;2024;11;Robo/Hurto Automotor;;;;Belisario Roldan y Tomas Falkner;;Asiste Policia y Libera;Mar del Plata;Buenos Aires;Argentina;Belisario Roldan y Tomas Falkner;-57.56147,-37.97169;ok
2381;1;2024;11;Robo/Hurto Automotor;;;;Gamal Abdel Nasser y Necochea;;Asiste Policia y Libera;Mar del Plata;Buenos Aires;Argentina;Gamal Abdel Nasser y Necochea;-57.58125,-37.96835;ok
2382;1;2024;11;Robo/Hurto Automotor;;;;Azcuenaga y General Paunero;;Asiste Policia y Libera;Mar del Plata;Buenos Aires;Argentina;Azcuenaga y General Paunero;-57.54803,-38.03043;ok
2383;1;2024;11;Robo/Hurto Automotor;;;;Alberti Manuel y Bordabehere Enzo;;Asiste Policia y Libera;Mar del Plata;Buenos Aires;Argentina;Alberti Manuel y Bordabehere Enzo;-57.5920169,-37.986864;ok
2384;1;2024;11;Robo/Hurto Automotor;;;;Jose Hernandez y Gaboto;;LPR - Vehiculo Interceptado;Mar del Plata;Buenos Aires;Argentina;Jose Hernandez y Gaboto;-57.55524,-38.03369;ok
2385;1;2024;11;Robo/Hurto Automotor;;;;Genaro Giacobini y Bravo Mario;;Asiste Policia y Libera;Mar del Plata;Buenos Aires;Argentina;Genaro Giacobini y Bravo Mario;-57.5598016,-38.0690863;ok
2386;1;2024;11;Robo/Hurto Automotor;;;;Sicilia y Federico C. Beltrami Ingeniero;;Hallazgo Automotor;Mar del Plata;Buenos Aires;Argentina;Sicilia y Federico C. Beltrami Ingeniero;-57.5711611,-38.0189;ok
2387;1;2024;11;Robo/Hurto Automotor;;;;Juana Manso y Solis;;Asiste Policia y Libera;Mar del Plata;Buenos Aires;Argentina;Juana Manso y Solis;-57.57024,-38.0211;ok
2388;1;2024;11;Robo/Hurto Automotor;;;;Ayolas y Luis Dellepiane;;Asiste Policia y Libera;Mar del Plata;Buenos Aires;Argentina;Ayolas y Luis Dellepiane;-57.57175,-38.02644;ok
2389;1;2024;11;Robo/Hurto Automotor;;;;Avenida Juan Jose Paso y Buenos Aires;;Asiste Policia y Libera;Mar del Plata;Buenos Aires;Argentina;Avenida Juan Jose Paso y Buenos Aires;-57.5580604,-38.0219579;ok
2390;1;2024;11;Robo/Hurto Automotor;;;;Avenida Juan Jose Paso y Corrientes;;No Asiste;Mar del Plata;Buenos Aires;Argentina;Avenida Juan Jose Paso y Corrientes;-57.56005,-38.02095;ok
2391;1;2024;11;Robo/Hurto Automotor;;;;General Eduardo Racedo Teniente y Bravo Mario;;Asiste Policia y Libera;Mar del Plata;Buenos Aires;Argentina;General Eduardo Racedo Teniente y Bravo Mario;-57.54132,-38.08362;ok
2392;1;2024;11;Robo/Hurto Automotor;;;;Chile y Roca 07;;Asiste Policia y Libera;Mar del Plata;Buenos Aires;Argentina;Chile y Roca 07;-57.58548,-37.99796;ok
2393;1;2024;11;Robo/Hurto Automotor;;;;Hipolito Bouchard y Calle 228;;Asiste Policia y Libera;Mar del Plata;Buenos Aires;Argentina;Hipolito Bouchard y Calle 228;-57.62572,-37.99602;ok
2394;1;2024;11;Robo/Hurto Automotor;;;;Tripulantes Del Fournier y Federico C. Beltrami Ingeniero;;Asiste Policia y Libera;Mar del Plata;Buenos Aires;Argentina;Tripulantes Del Fournier y Federico C. Beltrami Ingeniero;-57.55283,-38.05361;ok
2395;1;2024;11;Robo/Hurto Automotor;;;;Derqui y Avenida Constitucion;;Asiste Policia y Libera;Mar del Plata;Buenos Aires;Argentina;Derqui y Avenida Constitucion;-57.54456,-37.97016;ok
2396;1;2024;11;Robo/Hurto Automotor;;;;Darregueyra Jose y Bravo Mario;;Asiste Policia y Libera;Mar del Plata;Buenos Aires;Argentina;Darregueyra Jose y Bravo Mario;-57.55133,-38.07543;ok
2397;1;2024;11;Robo/Hurto Automotor;;;;Puan y Ambrosio Bestoso;;Hallazgo Automotor;Mar del Plata;Buenos Aires;Argentina;Puan y Ambrosio Bestoso;-57.58664,-38.0361;ok
2398;1;2024;11;Robo/Hurto Automotor;;;;Arturo y Los Chañares;;Asiste Policia y Libera;Mar del Plata;Buenos Aires;Argentina;Arturo y Los Chañares;-57.565883,-38.0755269;ok
2399;1;2024;11;Robo/Hurto Automotor;;;;Tomas Stegagnini y Florisbelo Acosta;;Asiste Policia y Libera;Mar del Plata;Buenos Aires;Argentina;Tomas Stegagnini y Florisbelo Acosta;-57.59634,-37.94846;ok
2400;1;2024;11;Robo/Hurto Automotor;;;;25 De mayo y Salta;;Asiste Policia y Libera;Mar del Plata;Buenos Aires;Argentina;25 De mayo y Salta;-57.55569,-37.9926;ok
2401;1;2024;11;Robo/Hurto Automotor;;;;Magrassi Guillermo y Juan Jose Valle;;Asiste Policia y Libera;Mar del Plata;Buenos Aires;Argentina;Magrassi Guillermo y Juan Jose Valle;-57.5522,-38.09519;ok
2402;1;2024;11;Robo/Hurto Automotor;;;;Mariano Acosta Gobernador y French Domingo;;Asiste Policia y Libera;Mar del Plata;Buenos Aires;Argentina;Mariano Acosta Gobernador y French Domingo;-57.57496,-37.9693;ok
2403;1;2024;11;Robo/Hurto Automotor;;;;Salta y Brandsen;;Asiste Policia y Libera;Mar del Plata;Buenos Aires;Argentina;Salta y Brandsen;-57.54555,-37.9853;ok
2404;1;2024;11;Robo/Hurto Automotor;;;;Ituzaingo y Bordabehere Enzo;;Asiste Policia y Libera;Mar del Plata;Buenos Aires;Argentina;Ituzaingo y Bordabehere Enzo;-57.5788817,-37.970697;ok
2405;1;2024;11;Robo/Hurto Automotor;;;;Avenida Independencia y Castelli Juan Jose;;Asiste Policia y Libera;Mar del Plata;Buenos Aires;Argentina;Avenida Independencia y Castelli Juan Jose;-57.5607372,-38.0059143;ok
2406;1;2024;11;Robo/Hurto Automotor;;;;Avenida Colon y Eduardo Wilde;;Asiste Policia y Libera;Mar del Plata;Buenos Aires;Argentina;Avenida Colon y Eduardo Wilde;-57.6154734,-37.9704242;ok
2407;1;2024;11;Robo/Hurto Automotor;;;;Toscana y Ruta 11;;Asiste Policia y Libera;Mar del Plata;Buenos Aires;Argentina;Toscana y Ruta 11;-57.5581061,-38.099408;ok
2408;1;2024;11;Robo/Hurto Automotor;;;;Tripulantes Del Fournier y General Rafael De Riego;;Asiste Policia y Libera;Mar del Plata;Buenos Aires;Argentina;Tripulantes Del Fournier y General Rafael De Riego;-57.5773084,-38.0351518;ok
2409;1;2024;11;Robo/Hurto Automotor;;;;Marcos Sastre y Juan A. Peña;;Asiste Policia y Libera;Mar del Plata;Buenos Aires;Argentina;Marcos Sastre y Juan A. Peña;-57.5609303,-37.9675088;ok
2410;1;2024;11;Robo/Hurto Automotor;;;;Carlos M. Della Paolera y Jose Zacagnini;;LPR - Se realiza seguimiento del vehiculo;Mar del Plata;Buenos Aires;Argentina;Carlos M. Della Paolera y Jose Zacagnini;-57.56991,-37.94385;ok
2411;1;2024;11;Robo/Hurto Automotor;;;;España y San Martin;;Asiste Policia y Libera;Mar del Plata;Buenos Aires;Argentina;España y San Martin;-57.55607,-37.99483;ok
2412;1;2024;11;Robo/Hurto Automotor;;;;Genova y General Manuel N. Savio;;Se Realiza Seguimiento del Evento;Mar del Plata;Buenos Aires;Argentina;Genova y General Manuel N. Savio;-57.58313,-38.04132;ok
2413;1;2024;11;Robo/Hurto Automotor;;;;Armenia y Pedro Bouchez;;Se Realiza Seguimiento del Evento;Mar del Plata;Buenos Aires;Argentina;Armenia y Pedro Bouchez;-57.59218,-37.96945;ok
2414;1;2024;11;Robo/Hurto Automotor;;;;Moreno y Catorce de 07;;Se Realiza Seguimiento del Evento;Mar del Plata;Buenos Aires;Argentina;Moreno y Catorce de 07;-57.55997,-37.9962;ok
2415;1;2024;11;Robo/Hurto Automotor;;;;Alberti Manuel y Olavarria;;Se Realiza Seguimiento del Evento;Mar del Plata;Buenos Aires;Argentina;Alberti Manuel y Olavarria;-57.54078,-38.01275;ok
2416;1;2024;11;Robo/Hurto Automotor;;;;Avenida Constitucion y Marcos Sastre;;Se Realiza Seguimiento del Evento;Mar del Plata;Buenos Aires;Argentina;Avenida Constitucion y Marcos Sastre;-57.5576711,-37.9634861;ok
2417;1;2024;11;Robo/Hurto Automotor;;;;Pehuajo y Sicilia;;Asiste Policia y Libera;Mar del Plata;Buenos Aires;Argentina;Pehuajo y Sicilia;-57.60046,-38.02948;ok
2418;1;2024;11;Robo/Hurto Automotor;;;;Santa Ines y Nahuel Huapi;;Asiste Policia y Libera;Mar del Plata;Buenos Aires;Argentina;Santa Ines y Nahuel Huapi;-57.60941,-37.88079;ok
2419;1;2024;11;Robo/Hurto Automotor;;;;Onesimo Leguizamon y Falucho;;Asiste Policia y Libera;Mar del Plata;Buenos Aires;Argentina;Onesimo Leguizamon y Falucho;-57.61578,-37.97257;ok
2420;1;2024;11;Robo/Hurto Automotor;;;;El Cano y Jose Dutto Padre;;Asiste Policia y Libera;Mar del Plata;Buenos Aires;Argentina;El Cano y Jose Dutto Padre;-57.55006,-38.03888;ok
2421;1;2024;11;Robo/Hurto Automotor;;;;12 De octubre y Cerrito;;Asiste Policia y Libera;Mar del Plata;Buenos Aires;Argentina;12 De octubre y Cerrito;-57.5586088,-38.0337552;ok
2422;1;2024;11;Robo/Hurto Automotor;;;;Ringuelet Raul y Costa Atlantica;;Se Realiza Seguimiento del Evento;Mar del Plata;Buenos Aires;Argentina;Ringuelet Raul y Costa Atlantica;-57.5304,-37.92758;ok
2423;1;2024;11;Robo/Hurto Automotor;;;;Ortiz De Zarate y Bermejo;;Asiste Policia y Libera;Mar del Plata;Buenos Aires;Argentina;Ortiz De Zarate y Bermejo;-57.54485,-38.0494;ok
2424;1;2024;11;Robo/Hurto Automotor;;;;Florencio Sanchez y Eduardo G. Carasa;;Se Realiza Seguimiento del Evento;Mar del Plata;Buenos Aires;Argentina;Florencio Sanchez y Eduardo G. Carasa;-57.58584,-38.03262;ok
2425;1;2024;11;Robo/Hurto Automotor;;;;20 De Setiembre y Belgrano;;Asiste Policia y Libera;Mar del Plata;Buenos Aires;Argentina;20 De Setiembre y Belgrano;-57.5583045,-37.9959026;ok
2426;1;2024;11;Robo/Hurto Automotor;;;;20 De Setiembre y Manuel Quintana;;Se Realiza Seguimiento del Evento;Mar del Plata;Buenos Aires;Argentina;20 De Setiembre y Manuel Quintana;-57.56991,-38.01028;ok
2427;1;2024;11;Robo/Hurto Automotor;;;;España y Rodriguez Peña;;Se Realiza Seguimiento del Evento;Mar del Plata;Buenos Aires;Argentina;España y Rodriguez Peña;-57.5670207,-38.0084128;ok
2428;1;2024;11;Robo/Hurto Automotor;;;;Luis Beltran Fray y Avenida Felix U. Camet;;Asiste Policia y Libera;Mar del Plata;Buenos Aires;Argentina;Luis Beltran Fray y Avenida Felix U. Camet;-57.5352,-37.94695;ok
2429;1;2024;11;Robo/Hurto Automotor;;;;Casildo Villar y Leonardo Rosales;;Asiste Policia y Libera;Mar del Plata;Buenos Aires;Argentina;Casildo Villar y Leonardo Rosales;-57.58446,-38.02848;ok
2430;1;2024;11;Robo/Hurto Automotor;;;;Monseñor Rau y Lebensohn Moises;;Asiste Policia y Libera;Mar del Plata;Buenos Aires;Argentina;Monseñor Rau y Lebensohn Moises;-57.59308,-38.02996;ok
2431;1;2024;11;Robo/Hurto Automotor;;;;Avenida Felix U. Camet y Jose Zacagnini;;Asiste Policia y Libera;Mar del Plata;Buenos Aires;Argentina;Avenida Felix U. Camet y Jose Zacagnini;-57.53922,-37.95718;ok
2432;1;2024;11;Robo/Hurto Automotor;;;;Avenida Pedro Luro y Mitre Bartolome;;Asiste Policia y Libera;Mar del Plata;Buenos Aires;Argentina;Avenida Pedro Luro y Mitre Bartolome;-57.5459363,-37.999956;ok
2433;1;2024;11;Robo/Hurto Automotor;;;;Onesimo Leguizamon y Balcarce;;Asiste Policia y Libera;Mar del Plata;Buenos Aires;Argentina;Onesimo Leguizamon y Balcarce;-57.60724,-37.96207;ok
2434;1;2024;11;Robo/Hurto Automotor;;;;Casildo Villar y Hipolito Bouchard;;LPR - Se realiza seguimiento del vehiculo;Mar del Plata;Buenos Aires;Argentina;Casildo Villar y Hipolito Bouchard;-57.58365,-38.0278;ok
2435;1;2024;11;Robo/Hurto Automotor;;;;Jose Zacagnini y Avenida Felix U. Camet;;LPR - Se realiza seguimiento del vehiculo;Mar del Plata;Buenos Aires;Argentina;Jose Zacagnini y Avenida Felix U. Camet;-57.53922,-37.95718;ok
2436;1;2024;11;Robo/Hurto Automotor;;;;San Martin y Malvinas;;Se Realiza Seguimiento del Evento;Mar del Plata;Buenos Aires;Argentina;San Martin y Malvinas;-57.5801215,-37.982652;ok
2437;1;2024;11;Robo/Hurto Automotor;;;;12 De octubre y Don Orione;;Se Realiza Seguimiento del Evento;Mar del Plata;Buenos Aires;Argentina;12 De octubre y Don Orione;-57.55345,-38.03763;ok
2438;1;2024;11;Robo/Hurto Automotor;;;;Mitre Bartolome y Esteban Gascon;;Asiste Policia y Libera;Mar del Plata;Buenos Aires;Argentina;Mitre Bartolome y Esteban Gascon;-57.5541419,-38.0048497;ok
2439;1;2024;11;Robo/Hurto Automotor;;;;Las Heras y Alvarado Rudecindo;;Asiste Policia y Libera;Mar del Plata;Buenos Aires;Argentina;Las Heras y Alvarado Rudecindo;-57.54632,-38.01441;ok
2440;1;2024;11;Robo/Hurto Automotor;;;;Polonia y De La Plaza Fortunato;;Asiste Policia y Libera;Mar del Plata;Buenos Aires;Argentina;Polonia y De La Plaza Fortunato;-57.6036474,-38.0204463;ok
2441;1;2024;11;Robo/Hurto Automotor;;;;Sicilia y Florencio Martinez De Hoz;;Hallazgo Automotor;Mar del Plata;Buenos Aires;Argentina;Sicilia y Florencio Martinez De Hoz;-57.6113,-38.02133;ok
2442;1;2024;11;Robo/Hurto Automotor;;;;Lamadrid y Pringles;;Asiste Policia y Libera;Mar del Plata;Buenos Aires;Argentina;Lamadrid y Pringles;-57.5576517,-38.0267046;ok
2443;1;2024;11;Robo/Hurto Automotor;;;;Calle 10 y Calle 13;;Asiste Policia y Libera;Mar del Plata;Buenos Aires;Argentina;Calle 10 y Calle 13;-57.58435,-38.10423;ok
2444;1;2024;11;Robo/Hurto Automotor;;;;Jose Luis Geronimo Camusso Intendente y Avenida Juan B. Justo;;Asiste Policia y Libera;Mar del Plata;Buenos Aires;Argentina;Jose Luis Geronimo Camusso Intendente y Avenida Juan B. Justo;-57.5835,-38.00974;ok
2445;1;2024;11;Robo/Hurto Automotor;;;;Reforma Universitaria y Tripulantes Del Fournier;;Asiste Policia y Libera;Mar del Plata;Buenos Aires;Argentina;Reforma Universitaria y Tripulantes Del Fournier;-57.60557,-38.01382;ok
2446;1;2024;11;Robo/Hurto Automotor;;;;Leonardo Rosales y Federico C. Beltrami Ingeniero;;Se Realiza Seguimiento del Evento;Mar del Plata;Buenos Aires;Argentina;Leonardo Rosales y Federico C. Beltrami Ingeniero;-57.55286,-38.0523;ok
2447;1;2024;11;Robo/Hurto Automotor;;;;Calabria y Santa Cecilia;;Asiste Policia y Libera;Mar del Plata;Buenos Aires;Argentina;Calabria y Santa Cecilia;-57.57926,-38.04684;ok
2448;1;2024;11;Robo/Hurto Automotor;;;;Leonardo Rosales y Federico C. Beltrami Ingeniero;;Asiste Policia y Libera;Mar del Plata;Buenos Aires;Argentina;Leonardo Rosales y Federico C. Beltrami Ingeniero;-57.55286,-38.0523;ok
2449;1;2024;11;Robo/Hurto Automotor;;;;Rodriguez Martin y Carlos Pellegrini;;Asiste Policia y Libera;Mar del Plata;Buenos Aires;Argentina;Rodriguez Martin y Carlos Pellegrini;-57.545149,-38.0353728;ok
2450;1;2024;11;Robo/Hurto Automotor;;;;Chacabuco y Colombia;;Hallazgo Automotor;Mar del Plata;Buenos Aires;Argentina;Chacabuco y Colombia;-57.61122,-37.95648;ok
2451;1;2024;11;Robo/Hurto Automotor;;;;25 De mayo y Jujuy;;Se Realiza Seguimiento del Evento;Mar del Plata;Buenos Aires;Argentina;25 De mayo y Jujuy;-57.55368,-37.99362;ok
2452;1;2024;11;Robo/Hurto Automotor;;;;Olazabal Felix De y Esteban Gascon;;Se Realiza Seguimiento del Evento;Mar del Plata;Buenos Aires;Argentina;Olazabal Felix De y Esteban Gascon;-57.56728,-37.99827;ok
2453;1;2024;11;Robo/Hurto Automotor;;;;Federico Garcia Lorca y Jose Agustin De La Maza;;Se Realiza Seguimiento del Evento;Mar del Plata;Buenos Aires;Argentina;Federico Garcia Lorca y Jose Agustin De La Maza;-57.5471513,-38.0762595;ok
2454;1;2024;11;Robo/Hurto Automotor;;;;Avenida Libertad y Grecia;;Se Realiza Seguimiento del Evento;Mar del Plata;Buenos Aires;Argentina;Avenida Libertad y Grecia;-57.58942,-37.96982;ok
2455;1;2024;11;Robo/Hurto Automotor;;;;General 07 Argentino Roca y Avenida San Marcelino Champagnat;;Asiste Policia y Libera;Mar del Plata;Buenos Aires;Argentina;General 07 Argentino Roca y Avenida San Marcelino Champagnat;-57.59328,-37.99393;ok
2456;1;2024;11;Robo/Hurto Automotor;;;;Solis y Loberia;;Asiste Policia y Libera;Mar del Plata;Buenos Aires;Argentina;Solis y Loberia;-57.60199,-37.99712;ok
2457;1;2024;11;Robo/Hurto Automotor;;;;Juana Azurduy y Hipolito Bouchard;;Asiste Policia y Libera;Mar del Plata;Buenos Aires;Argentina;Juana Azurduy y Hipolito Bouchard;-57.62487,-37.99667;ok
2458;1;2024;11;Robo/Hurto Automotor;;;;Olazabal Felix De y Beruti Antonio Luis;;Detencion;Mar del Plata;Buenos Aires;Argentina;Olazabal Felix De y Beruti Antonio Luis;-57.5522671,-37.9796938;ok
2459;1;2024;11;Robo/Hurto Automotor;;;;Avellaneda Nicolas y Misiones;;Asiste Policia y Libera;Mar del Plata;Buenos Aires;Argentina;Avellaneda Nicolas y Misiones;-57.57508,-38.00098;ok
2460;1;2024;11;Robo/Hurto Automotor;;;;Diagonal Estados Unidos De Norteamerica y Federico Serrano;;Asiste Policia y Libera;Mar del Plata;Buenos Aires;Argentina;Diagonal Estados Unidos De Norteamerica y Federico Serrano;-57.55505,-38.09213;ok
2461;1;2024;11;Robo/Hurto Automotor;;;;Figueroa Alcorta y Magallanes;;Asiste Policia y Libera;Mar del Plata;Buenos Aires;Argentina;Figueroa Alcorta y Magallanes;-57.5464,-38.04423;ok
2462;1;2024;11;Robo/Hurto Automotor;;;;Jose Hernandez y Canessa;;Asiste Policia y Libera;Mar del Plata;Buenos Aires;Argentina;Jose Hernandez y Canessa;-57.61191,-37.99997;ok
2463;1;2024;11;Robo/Hurto Automotor;;;;Alberti Manuel y Chile;;Se Realiza Seguimiento del Evento;Mar del Plata;Buenos Aires;Argentina;Alberti Manuel y Chile;-57.58102,-37.9924;ok
2464;1;2024;11;Robo/Hurto Automotor;;;;Avenida Pedro Luro y Enrique Angelelli Monseñor;;Asiste Policia y Libera;Mar del Plata;Buenos Aires;Argentina;Avenida Pedro Luro y Enrique Angelelli Monseñor;-57.6245739,-37.9588318;ok
2465;1;2024;11;Robo/Hurto Automotor;;;;Genova y Federico C. Beltrami Ingeniero;;Se Realiza Seguimiento del Evento;Mar del Plata;Buenos Aires;Argentina;Genova y Federico C. Beltrami Ingeniero;-57.56035,-38.05851;ok
2466;1;2024;11;Robo/Hurto Automotor;;;;Sicilia y Eduardo Perez Bulnes;;Se Realiza Seguimiento del Evento;Mar del Plata;Buenos Aires;Argentina;Sicilia y Eduardo Perez Bulnes;-57.54904,-38.06834;ok
2467;1;2024;11;Robo/Hurto Automotor;;;;Figueroa Alcorta y Willian C Morris;;Se Realiza Seguimiento del Evento;Mar del Plata;Buenos Aires;Argentina;Figueroa Alcorta y Willian C Morris;-57.56533,-38.05992;ok
2468;1;2024;11;Robo/Hurto Automotor;;;;Hernandarias y Luis Dellepiane;;Asiste Policia y Libera;Mar del Plata;Buenos Aires;Argentina;Hernandarias y Luis Dellepiane;-57.57418,-38.02846;ok
2469;1;2024;11;Robo/Hurto Automotor;;;;Puan y Gonzalez Chavez;;Asiste Policia y Libera;Mar del Plata;Buenos Aires;Argentina;Puan y Gonzalez Chavez;-57.59116,-38.03267;ok
2470;1;2024;11;Robo/Hurto Automotor;;;;Vuelta De Obligado y Gandhi Mahatma;;Asiste Policia y Libera;Mar del Plata;Buenos Aires;Argentina;Vuelta De Obligado y Gandhi Mahatma;-57.5562,-37.94254;ok
2471;1;2024;11;Robo/Hurto Automotor;;;;Cerrito y Hernandarias;;Asiste Policia y Libera;Mar del Plata;Buenos Aires;Argentina;Cerrito y Hernandarias;-57.56186,-38.03646;ok
2472;1;2024;11;Robo/Hurto Automotor;;;;Avenida Juan B. Justo y Colombia;;Asiste Policia y Libera;Mar del Plata;Buenos Aires;Argentina;Avenida Juan B. Justo y Colombia;-57.62754,-37.97639;ok
2473;1;2024;11;Robo/Hurto Automotor;;;;Belisario Roldan y Matias Strobel;;Se Realiza Seguimiento del Evento;Mar del Plata;Buenos Aires;Argentina;Belisario Roldan y Matias Strobel;-57.56084,-37.97091;ok
2474;1;2024;11;Robo/Hurto Automotor;;;;Matheu Domingo y Alsina;;Asiste Policia y Libera;Mar del Plata;Buenos Aires;Argentina;Matheu Domingo y Alsina;-57.54944,-38.02172;ok
2475;1;2024;11;Robo/Hurto Automotor;;;;25 De mayo y Malvinas;;Asiste Policia y Libera;Mar del Plata;Buenos Aires;Argentina;25 De mayo y Malvinas;-57.57877,-37.98093;ok
2476;1;2024;11;Robo/Hurto Automotor;;;;Formosa y Hipolito Yrigoyen;;Hallazgo Automotor;Mar del Plata;Buenos Aires;Argentina;Formosa y Hipolito Yrigoyen;-57.5640717,-38.0154876;ok
2477;1;2024;11;Robo/Hurto Automotor;;;;Ramon Carrillo y San Martin;;Secuestro De Vehiculo;Mar del Plata;Buenos Aires;Argentina;Ramon Carrillo y San Martin;-57.6272928,-37.9587701;ok
2478;1;2024;11;Robo/Hurto Automotor;;;;La Rioja y Falucho;;Hallazgo Automotor;Mar del Plata;Buenos Aires;Argentina;La Rioja y Falucho;-57.55548,-38.00307;ok
2479;1;2024;11;Robo/Hurto Automotor;;;;Belgrano y Santiago Del Estero;;Asiste Policia y Libera;Mar del Plata;Buenos Aires;Argentina;Belgrano y Santiago Del Estero;-57.54718,-38.00155;ok
2480;1;2024;11;Robo/Hurto Automotor;;;;Monseñor Rau y Genova;;Hallazgo Automotor;Mar del Plata;Buenos Aires;Argentina;Monseñor Rau y Genova;-57.5955,-38.03201;ok
2481;1;2024;11;Robo/Hurto Automotor;;;;La Pampa y San Martin;;Asiste Policia y Libera;Mar del Plata;Buenos Aires;Argentina;La Pampa y San Martin;-57.56405,-37.99078;ok
2482;1;2024;11;Robo/Hurto Automotor;;;;Santa Cruz y Estado De Israel;;Asiste Policia y Libera;Mar del Plata;Buenos Aires;Argentina;Santa Cruz y Estado De Israel;-57.58067,-37.96418;ok
2483;1;2024;11;Robo/Hurto Automotor;;;;Sarmiento y Larrea;;Se Realiza Seguimiento del Evento;Mar del Plata;Buenos Aires;Argentina;Sarmiento y Larrea;-57.55501,-38.02689;ok
2484;1;2024;11;Robo/Hurto Automotor;;;;Avenida Pedro Luro y Portugal;;Asiste Policia y Libera;Mar del Plata;Buenos Aires;Argentina;Avenida Pedro Luro y Portugal;-57.6144867,-37.9640555;ok
2485;1;2024;11;Robo/Hurto Automotor;;;;Tomas Falkner y Derqui;;Asiste Unidad Sanitaria y No Traslada;Mar del Plata;Buenos Aires;Argentina;Tomas Falkner y Derqui;-57.55035,-37.97731;ok
2486;1;2024;11;Robo/Hurto Automotor;;;;Magrassi Guillermo y Diagonal Estados Unidos De Norteamerica;;Asiste Policia y Libera;Mar del Plata;Buenos Aires;Argentina;Magrassi Guillermo y Diagonal Estados Unidos De Norteamerica;-57.54898,-38.09308;ok
2487;1;2024;11;Robo/Hurto Automotor;;;;El Chingolo y La Gaviota;;Asiste Unidad Sanitaria y No Traslada;Mar del Plata;Buenos Aires;Argentina;El Chingolo y La Gaviota;-57.6794507,-38.0099029;ok
2488;1;2024;11;Robo/Hurto Automotor;;;;De La Plaza Fortunato y Valentin Vergara;;Asiste Policia y Libera;Mar del Plata;Buenos Aires;Argentina;De La Plaza Fortunato y Valentin Vergara;-57.54913,-38.06162;ok
2489;1;2024;11;Robo/Hurto Automotor;;;;Angel Roffo y Geronimo Rejon;;Asiste Policia y Libera;Mar del Plata;Buenos Aires;Argentina;Angel Roffo y Geronimo Rejon;-57.56519,-37.9676;ok
2490;1;2024;11;Robo/Hurto Automotor;;;;Martin Miguel De Guemes y Brown Almirante;;Asiste Policia y Libera;Mar del Plata;Buenos Aires;Argentina;Martin Miguel De Guemes y Brown Almirante;-57.53785,-38.01092;ok
2491;1;2024;11;Robo/Hurto Automotor;;;;Diagonal Sur y Santa Fe;;LPR - Vehiculo Interceptado;Mar del Plata;Buenos Aires;Argentina;Diagonal Sur y Santa Fe;-57.60441,-37.95327;ok
2492;1;2024;11;Robo/Hurto Automotor;;;;España y Avenida Juan Jose Paso;;Asiste Policia y Libera;Mar del Plata;Buenos Aires;Argentina;España y Avenida Juan Jose Paso;-57.57219,-38.01481;ok
2493;1;2024;11;Robo/Hurto Automotor;;;;Santa Cruz y Funes Gregorio;;Asiste Policia y Libera;Mar del Plata;Buenos Aires;Argentina;Santa Cruz y Funes Gregorio;-57.55063,-37.97939;ok
2494;1;2024;11;Robo/Hurto Automotor;;;;Federico Garcia Lorca y Marcelo 07 Fitte;;Se Realiza Seguimiento del Evento;Mar del Plata;Buenos Aires;Argentina;Federico Garcia Lorca y Marcelo 07 Fitte;-57.62318,-38.01885;ok
2495;1;2024;11;Robo/Hurto Automotor;;;;Buenos Aires y laprida;;Asiste Policia y Libera;Mar del Plata;Buenos Aires;Argentina;Buenos Aires y laprida;-57.55733,-38.02109;ok
2496;1;2024;11;Robo/Hurto Automotor;;;;San Martin y Olazabal Felix De;;Se Realiza Seguimiento del Evento;Mar del Plata;Buenos Aires;Argentina;San Martin y Olazabal Felix De;-57.5620449,-37.9918396;ok
2497;1;2024;11;Robo/Hurto Automotor;;;;Ituzaingo y Mario Abel Amaya Diputado;;Persecucion Y Detencion;Mar del Plata;Buenos Aires;Argentina;Ituzaingo y Mario Abel Amaya Diputado;-57.61906,-37.95027;ok
2498;1;2024;11;Robo/Hurto Automotor;;;;Paula Albarracin y Belgrano;;Asiste Policia y Libera;Mar del Plata;Buenos Aires;Argentina;Paula Albarracin y Belgrano;-57.5943616,-37.9776628;ok
2499;1;2024;11;Robo/Hurto Automotor;;;;Avenida Juan B. Justo y Arenales;;Asiste Policia y Libera;Mar del Plata;Buenos Aires;Argentina;Avenida Juan B. Justo y Arenales;-57.55974,-38.02754;ok
2500;1;2024;11;Robo/Hurto Automotor;;;;14 De julio y Avenida Colon;;Asiste Policia y Libera;Mar del Plata;Buenos Aires;Argentina;14 De julio y Avenida Colon;-57.5612598,-37.9978184;ok
2501;1;2024;11;Robo/Hurto Automotor;;;;General Mosconi y Lebensohn Moises;;Se Realiza Seguimiento del Evento;Mar del Plata;Buenos Aires;Argentina;General Mosconi y Lebensohn Moises;-57.55534,-38.05841;ok
2502;1;2024;11;Robo/Hurto Automotor;;;;Entre Rios y Vieytes;;Hallazgo Automotor;Mar del Plata;Buenos Aires;Argentina;Entre Rios y Vieytes;-57.5597336,-38.0222993;ok
2503;1;2024;11;Robo/Hurto Automotor;;;;Puan y Gonzalez Chavez;;Hallazgo Automotor;Mar del Plata;Buenos Aires;Argentina;Puan y Gonzalez Chavez;-57.59116,-38.03267;ok
2504;1;2024;11;Robo/Hurto Automotor;;;;Alvarado Rudecindo y Colombia;;Hallazgo Automotor;Mar del Plata;Buenos Aires;Argentina;Alvarado Rudecindo y Colombia;-57.61352,-37.9611;ok
2505;1;2024;11;Robo/Hurto Automotor;;;;Cno. Ruta 88 A Calle Lib. Gral. San Martin y Doce de 10;;No Asiste;Mar del Plata;Buenos Aires;Argentina;Cno. Ruta 88 A Calle Lib. Gral. San Martin y Doce de 10;-57.6004918,-38.002141;ok
2506;1;2024;11;Robo/Hurto Automotor;;;;Alsina y Avenida Patricio Peralta Ramos;;Asiste Policia y Libera;Mar del Plata;Buenos Aires;Argentina;Alsina y Avenida Patricio Peralta Ramos;-57.5385043,-38.0082973;ok
2507;1;2024;11;Robo/Hurto Automotor;;;;Arturo Alio y Brown Almirante;;No Asiste;Mar del Plata;Buenos Aires;Argentina;Arturo Alio y Brown Almirante;-57.59909,-37.9799;ok
2508;1;2024;11;Robo/Hurto Automotor;;;;Alejandro Korn y Tripulantes Del Fournier;;Se Realiza Seguimiento del Evento;Mar del Plata;Buenos Aires;Argentina;Alejandro Korn y Tripulantes Del Fournier;-57.56582,-38.04383;ok
2509;1;2024;11;Robo/Hurto Automotor;;;;General Rafael De Riego y De La Plaza Fortunato;;Asiste Policia y Libera;Mar del Plata;Buenos Aires;Argentina;General Rafael De Riego y De La Plaza Fortunato;-57.58067,-38.03791;ok
2510;1;2024;11;Robo/Hurto Automotor;;;;Miguel Sagastizabal y Avenida Felix U. Camet;;Se Realiza Seguimiento del Evento;Mar del Plata;Buenos Aires;Argentina;Miguel Sagastizabal y Avenida Felix U. Camet;-57.5408605,-37.9641125;ok
2511;1;2024;11;Robo/Hurto Automotor;;;;Avenida Pedro Luro y Paula Albarracin;;Se Realiza Seguimiento del Evento;Mar del Plata;Buenos Aires;Argentina;Avenida Pedro Luro y Paula Albarracin;-57.59247,-37.9753;ok
2512;1;2024;11;Robo/Hurto Automotor;;;;Magallanes y Jose Marti;;Asiste Policia y Libera;Mar del Plata;Buenos Aires;Argentina;Magallanes y Jose Marti;-57.56026,-38.03379;ok
2513;1;2024;11;Robo/Hurto Automotor;;;;Rodriguez Peña y Don Bosco;;Asiste Policia y Libera;Mar del Plata;Buenos Aires;Argentina;Rodriguez Peña y Don Bosco;-57.60344,-37.97645;ok
2514;1;2024;11;Robo/Hurto Automotor;;;;Ayacucho y Tierra Del Fuego;;Asiste Policia y Libera;Mar del Plata;Buenos Aires;Argentina;Ayacucho y Tierra Del Fuego;-57.57154,-37.97551;ok
2515;1;2024;11;Robo/Hurto Automotor;;;;Ricardo Guiraldes y Figueroa Alcorta;;Asiste Policia y Libera;Mar del Plata;Buenos Aires;Argentina;Ricardo Guiraldes y Figueroa Alcorta;-57.56616,-38.0606;ok
2516;1;2024;11;Robo/Hurto Automotor;;;;Maipu y Termas De Rio Hondo;;Asiste Policia y Libera;Mar del Plata;Buenos Aires;Argentina;Maipu y Termas De Rio Hondo;-57.59191,-37.9674;ok
2517;1;2024;11;Robo/Hurto Automotor;;;;Calle 445 y Calle 2;;Asiste Policia y Libera;Mar del Plata;Buenos Aires;Argentina;Calle 445 y Calle 2;-57.57827,-38.10785;ok
2518;1;2024;11;Robo/Hurto Automotor;;;;Esteban Gascon y Italia;;No Asiste;Mar del Plata;Buenos Aires;Argentina;Esteban Gascon y Italia;-57.57225,-37.99574;ok
2519;1;2024;11;Robo/Hurto Automotor;;;;Avenida Independencia y Balcarce;;Asiste Policia y Libera;Mar del Plata;Buenos Aires;Argentina;Avenida Independencia y Balcarce;-57.54903,-37.99151;ok
2520;1;2024;11;Robo/Hurto Automotor;;;;Manuel Antonio Acevedo y Avenida de los Trabajadores;;Asiste Policia y Libera;Mar del Plata;Buenos Aires;Argentina;Manuel Antonio Acevedo y Avenida de los Trabajadores;-57.54683,-38.0639;ok
2521;1;2024;11;Robo/Hurto Automotor;;;;Arana Y Goiri y Figueroa Alcorta;;Asiste Policia y Libera;Mar del Plata;Buenos Aires;Argentina;Arana Y Goiri y Figueroa Alcorta;-57.55702,-38.05304;ok
2522;1;2024;11;Robo/Hurto Automotor;;;;Castelli Juan Jose y Catorce de 07;;Asiste Policia y Libera;Mar del Plata;Buenos Aires;Argentina;Castelli Juan Jose y Catorce de 07;-57.5658234,-38.0034224;ok
2523;1;2024;11;Robo/Hurto Automotor;;;;calle 441 y Calle 4;;No Asiste;Mar del Plata;Buenos Aires;Argentina;calle 441 y Calle 4;-57.5784,-38.1058;ok
2524;1;2024;11;Robo/Hurto Automotor;;;;Tomas Stegagnini y Jose Cardiel Padre;;Se Realiza Seguimiento del Evento;Mar del Plata;Buenos Aires;Argentina;Tomas Stegagnini y Jose Cardiel Padre;-57.59758,-37.95005;ok
2525;1;2024;11;Robo/Hurto Automotor;;;;Bolivar y 20 De Setiembre;;Se Realiza Seguimiento del Evento;Mar del Plata;Buenos Aires;Argentina;Bolivar y 20 De Setiembre;-57.55962,-37.99749;ok
2526;1;2024;11;Robo/Hurto Automotor;;;;Carlos Tejedor y Marie Curie;;Se Realiza Seguimiento del Evento;Mar del Plata;Buenos Aires;Argentina;Carlos Tejedor y Marie Curie;-57.54523,-37.95525;ok
2527;1;2024;11;Robo/Hurto Automotor;;;;Pringles y Arenales;;Asiste Policia y Libera;Mar del Plata;Buenos Aires;Argentina;Pringles y Arenales;-57.55864,-38.02617;ok
2528;1;2024;11;Robo/Hurto Automotor;;;;España y Castelli Juan Jose;;Asiste Policia y Libera;Mar del Plata;Buenos Aires;Argentina;España y Castelli Juan Jose;-57.56381,-38.00442;ok
2529;1;2024;11;Robo/Hurto Automotor;;;;Patagones y Jose Cardiel Padre;;LPR - Se realiza seguimiento del vehiculo;Mar del Plata;Buenos Aires;Argentina;Patagones y Jose Cardiel Padre;-57.54942,-37.9744432;ok
2530;1;2024;11;Robo/Hurto Automotor;;;;Republica De Cuba y Irala;;Hallazgo Automotor;Mar del Plata;Buenos Aires;Argentina;Republica De Cuba y Irala;-57.58736,-38.01594;ok
2531;1;2024;11;Robo/Hurto Automotor;;;;Termas De Rio Hondo y Santa Cruz;;LPR - Se realiza seguimiento del vehiculo;Mar del Plata;Buenos Aires;Argentina;Termas De Rio Hondo y Santa Cruz;-57.586792,-37.9610295;ok
2532;1;2024;11;Robo/Hurto Automotor;;;;Ricardo Gutierrez y Tomas Falkner;;LPR - Se realiza seguimiento del vehiculo;Mar del Plata;Buenos Aires;Argentina;Ricardo Gutierrez y Tomas Falkner;-57.54837,-37.97832;ok
2533;1;2024;11;Robo/Hurto Automotor;;;;Avenida Colon y Bahia Blanca;;Asiste Policia y Libera;Mar del Plata;Buenos Aires;Argentina;Avenida Colon y Bahia Blanca;-57.58835,-37.98413;ok
2534;1;2024;11;Robo/Hurto Automotor;;;;Jose Ingenieros y Florisbelo Acosta;;Asiste Policia y Libera;Mar del Plata;Buenos Aires;Argentina;Jose Ingenieros y Florisbelo Acosta;-57.55728,-37.96822;ok
2535;1;2024;11;Robo/Hurto Automotor;;;;Nueve de Julio y Republica Arabe Siria;;Asiste Policia y Libera;Mar del Plata;Buenos Aires;Argentina;Nueve de Julio y Republica Arabe Siria;-57.61217,-37.96292;ok
2536;1;2024;11;Robo/Hurto Automotor;;;;Rawson y Paula Albarracin;;Asiste Policia y Libera;Mar del Plata;Buenos Aires;Argentina;Rawson y Paula Albarracin;-57.599592,-37.9841193;ok
2537;1;2024;11;Robo/Hurto Automotor;;;;Rivadavia y Corrientes;;Asiste Policia y Libera;Mar del Plata;Buenos Aires;Argentina;Rivadavia y Corrientes;-57.54455,-38.00176;ok
2538;1;2024;11;Robo/Hurto Automotor;;;;Santiago Del Estero y San Lorenzo;;Se Realiza Seguimiento del Evento;Mar del Plata;Buenos Aires;Argentina;Santiago Del Estero y San Lorenzo;-57.55559,-38.01195;ok
2539;1;2024;11;Robo/Hurto Automotor;;;;Cno. Ruta 88 A Calle Lib. Gral. San Martin y Colina Alegre;;Asiste Policia y Libera;Mar del Plata;Buenos Aires;Argentina;Cno. Ruta 88 A Calle Lib. Gral. San Martin y Colina Alegre;-57.67797,-38.00591;ok
2540;1;2024;11;Robo/Hurto Automotor;;;;Falucho y Catorce de 07;;Asiste Policia y Libera;Mar del Plata;Buenos Aires;Argentina;Falucho y Catorce de 07;-57.56258,-37.99948;ok
2541;1;2024;11;Robo/Hurto Automotor;;;;Teodoro Bronzini y Ituzaingo;;LPR - Se realiza seguimiento del vehiculo;Mar del Plata;Buenos Aires;Argentina;Teodoro Bronzini y Ituzaingo;-57.57192,-37.97417;ok
2542;1;2024;11;Robo/Hurto Automotor;;;;Falucho y Republica Arabe Siria;;Asiste Policia y Libera;Mar del Plata;Buenos Aires;Argentina;Falucho y Republica Arabe Siria;-57.61872,-37.97103;ok
2543;1;2024;11;Robo/Hurto Automotor;;;;Martiniano Chilabert y Castelli Juan Jose;;Detencion;Mar del Plata;Buenos Aires;Argentina;Martiniano Chilabert y Castelli Juan Jose;-57.6100313,-37.9810785;ok
2544;1;2024;11;Robo/Hurto Automotor;;;;Mamerto Esquiu Fray y Jose Cardiel Padre;;Asiste Policia y Libera;Mar del Plata;Buenos Aires;Argentina;Mamerto Esquiu Fray y Jose Cardiel Padre;-57.5524,-37.97295;ok
2545;1;2024;11;Robo/Hurto Automotor;;;;Pasteur y Jose Manuel Estrada;;Asiste Policia y Libera;Mar del Plata;Buenos Aires;Argentina;Pasteur y Jose Manuel Estrada;-57.54182,-37.95807;ok
2546;1;2024;11;Robo/Hurto Automotor;;;;Juramento y Puan;;Asiste Policia y Libera;Mar del Plata;Buenos Aires;Argentina;Juramento y Puan;-57.56999,-38.04865;ok
2547;1;2024;11;Robo/Hurto Automotor;;;;Teodoro Sanchez De Bustamante y Juan Jose Valle;;Asiste Policia y Libera;Mar del Plata;Buenos Aires;Argentina;Teodoro Sanchez De Bustamante y Juan Jose Valle;-57.55638,-38.09102;ok
2548;1;2024;11;Robo/Hurto Automotor;;;;De Los Inmigrantes y Avenida Juan B. Justo;;Asiste Policia y Libera;Mar del Plata;Buenos Aires;Argentina;De Los Inmigrantes y Avenida Juan B. Justo;-57.582457,-38.0105163;ok
2549;1;2024;11;Robo/Hurto Automotor;;;;Jose Lanzilota y Avenida Vertiz;;Asiste Policia y Libera;Mar del Plata;Buenos Aires;Argentina;Jose Lanzilota y Avenida Vertiz;-57.56084,-38.04242;ok
2550;1;2024;11;Robo/Hurto Automotor;;;;Avenida Colon y Juncal;;LPR - Se realiza seguimiento del vehiculo;Mar del Plata;Buenos Aires;Argentina;Avenida Colon y Juncal;-57.58439,-37.98614;ok
2551;1;2024;11;Robo/Hurto Automotor;;;;Alberti Manuel y Grecia;;No Asiste;Mar del Plata;Buenos Aires;Argentina;Alberti Manuel y Grecia;-57.59994,-37.98282;ok
2552;1;2024;11;Robo/Hurto Automotor;;;;General 07 Argentino Roca y Alsina;;Asiste Policia y Libera;Mar del Plata;Buenos Aires;Argentina;General 07 Argentino Roca y Alsina;-57.54624,-38.01778;ok
2553;1;2024;11;Robo/Hurto Automotor;;;;Calle 457 y Calle 16;;LPR - Se realiza seguimiento del vehiculo;Mar del Plata;Buenos Aires;Argentina;Calle 457 y Calle 16;-57.59155,-38.10372;ok
2554;1;2024;11;Robo/Hurto Automotor;;;;Tomas Alva Edison y Hipolito Bouchard;;Asiste Policia y Libera;Mar del Plata;Buenos Aires;Argentina;Tomas Alva Edison y Hipolito Bouchard;-57.5564302,-38.0483186;ok
2555;1;2024;11;Robo/Hurto Automotor;;;;Brown Almirante y Cordoba;;Asiste Policia y Libera;Mar del Plata;Buenos Aires;Argentina;Brown Almirante y Cordoba;-57.55082,-38.00433;ok
2556;1;2024;11;Robo/Hurto Automotor;;;;Rivadavia y Santiago Del Estero;;Asiste Policia y Libera;Mar del Plata;Buenos Aires;Argentina;Rivadavia y Santiago Del Estero;-57.5465604,-38.0005827;ok
2557;1;2024;11;Robo/Hurto Automotor;;;;11 De Setiembre y Neuquen;;Asiste Policia y Libera;Mar del Plata;Buenos Aires;Argentina;11 De Setiembre y Neuquen;-57.56477,-37.98469;ok
2558;1;2024;11;Robo/Hurto Automotor;;;;Carlos Tejedor y Matias Strobel;;Asiste Policia y Libera;Mar del Plata;Buenos Aires;Argentina;Carlos Tejedor y Matias Strobel;-57.5587712,-37.9719678;ok
2559;1;2024;11;Robo/Hurto Automotor;;;;Avenida Juan B. Justo y Hipolito Yrigoyen;;Asiste Policia y Libera;Mar del Plata;Buenos Aires;Argentina;Avenida Juan B. Justo y Hipolito Yrigoyen;-57.55009,-38.03479;ok
2560;1;2024;11;Robo/Hurto Automotor;;;;Luis Vernet y El Jilguero;;Asiste Policia y Libera;Mar del Plata;Buenos Aires;Argentina;Luis Vernet y El Jilguero;-57.56816,-38.07376;ok
2561;1;2024;11;Robo/Hurto Automotor;;;;Ortiz De Zarate y Friuli;;Asiste Policia y Libera;Mar del Plata;Buenos Aires;Argentina;Ortiz De Zarate y Friuli;-57.58137,-38.02131;ok
2562;1;2024;11;Robo/Hurto Automotor;;;;Jacinto Peralta Ramos y Guanahani;;Se Realiza Seguimiento del Evento;Mar del Plata;Buenos Aires;Argentina;Jacinto Peralta Ramos y Guanahani;-57.57944,-38.02576;ok
2563;1;2024;11;Robo/Hurto Automotor;;;;Rivadavia y Catamarca;;Se Realiza Seguimiento del Evento;Mar del Plata;Buenos Aires;Argentina;Rivadavia y Catamarca;-57.55254,-37.99773;ok
2564;1;2024;11;Robo/Hurto Automotor;;;;Santiago Del Estero y Belgrano;;Se Realiza Seguimiento del Evento;Mar del Plata;Buenos Aires;Argentina;Santiago Del Estero y Belgrano;-57.54718,-38.00155;ok
2565;1;2024;11;Robo/Hurto Automotor;;;;San Lorenzo y La Rioja;;Asiste Policia y Libera;Mar del Plata;Buenos Aires;Argentina;San Lorenzo y La Rioja;-57.56059,-38.00942;ok
2566;1;2024;11;Robo/Hurto Automotor;;;;Belgrano y La Pampa;;Asiste Policia y Libera;Mar del Plata;Buenos Aires;Argentina;Belgrano y La Pampa;-57.5653178,-37.9923629;ok
2567;1;2024;11;Robo/Hurto Automotor;;;;General Mosconi y Soler Miguel;;Asiste Policia y Libera;Mar del Plata;Buenos Aires;Argentina;General Mosconi y Soler Miguel;-57.55194,-38.05558;ok
2568;1;2024;11;Robo/Hurto Automotor;;;;11 De Setiembre y Mitre Bartolome;;Asiste Policia y Libera;Mar del Plata;Buenos Aires;Argentina;11 De Setiembre y Mitre Bartolome;-57.54559,-37.99438;ok
2569;1;2024;11;Robo/Hurto Automotor;;;;Vicente Montes Carballo y Justo S. Lopez De Gomara;;Persecucion Y Perdida;Mar del Plata;Buenos Aires;Argentina;Vicente Montes Carballo y Justo S. Lopez De Gomara;-57.57348,-37.96225;ok
2570;1;2024;11;Robo/Hurto Automotor;;;;Mamerto Esquiu Fray y Joaquina Acevedo;;Asiste Policia y Libera;Mar del Plata;Buenos Aires;Argentina;Mamerto Esquiu Fray y Joaquina Acevedo;-57.54466,-37.96332;ok
2571;1;2024;11;Robo/Hurto Automotor;;;;Guillermo Marconi Ingeniero y Bolivar;;Asiste Policia y Libera;Mar del Plata;Buenos Aires;Argentina;Guillermo Marconi Ingeniero y Bolivar;-57.5756967,-37.9893354;ok
2572;1;2024;11;Robo/Hurto Automotor;;;;Hipolito Bouchard y Yapeyu;;Asiste Policia y Libera;Mar del Plata;Buenos Aires;Argentina;Hipolito Bouchard y Yapeyu;-57.62401,-37.99731;ok
2573;1;2024;11;Robo/Hurto Automotor;;;;Colombia y Once de 09;;LPR - Se realiza seguimiento del vehiculo;Mar del Plata;Buenos Aires;Argentina;Colombia y Once de 09;-57.61388,-37.95981;ok
2574;1;2024;11;Robo/Hurto Automotor;;;;Mitre Bartolome y Manuel Quintana;;Asiste Policia y Libera;Mar del Plata;Buenos Aires;Argentina;Mitre Bartolome y Manuel Quintana;-57.56177,-38.0144;ok
2575;1;2024;11;Robo/Hurto Automotor;;;;Vicente Montes Carballo y Concepcion Arenal;;LPR - Se realiza seguimiento del vehiculo;Mar del Plata;Buenos Aires;Argentina;Vicente Montes Carballo y Concepcion Arenal;-57.57158,-37.95988;ok
2576;1;2024;11;Robo/Hurto Automotor;;;;Mario Bravo y Cayetano Rodriguez;;Asiste Policia y Libera;Mar del Plata;Buenos Aires;Argentina;Mario Bravo y Cayetano Rodriguez;-57.5464625,-38.0797416;ok
2577;1;2024;11;Robo/Hurto Automotor;;;;Valencia y Manuela Pedraza;;Se Realiza Seguimiento del Evento;Mar del Plata;Buenos Aires;Argentina;Valencia y Manuela Pedraza;-57.55121,-37.96796;ok
2578;1;2024;11;Robo/Hurto Automotor;;;;Juan Bautista De La Salle y Aragon;;Asiste Policia y Libera;Mar del Plata;Buenos Aires;Argentina;Juan Bautista De La Salle y Aragon;-57.5722633,-37.9537666;ok
2579;1;2024;11;Robo/Hurto Automotor;;;;Balcarce y Mitre Bartolome;;Asiste Policia y Libera;Mar del Plata;Buenos Aires;Argentina;Balcarce y Mitre Bartolome;-57.54499,-37.99357;ok
2580;1;2024;11;Robo/Hurto Automotor;;;;French Domingo y Arturo Alio;;Se Realiza Seguimiento del Evento;Mar del Plata;Buenos Aires;Argentina;French Domingo y Arturo Alio;-57.58596,-37.96373;ok
2581;1;2024;11;Robo/Hurto Automotor;;;;Arturo Alio y Nueve de 07;;Asiste Policia y Libera;Mar del Plata;Buenos Aires;Argentina;Arturo Alio y Nueve de 07;-57.5931339,-37.9725339;ok
2582;1;2024;11;Robo/Hurto Automotor;;;;Avenida Libertad y Catorce de 07;;Asiste Policia y Libera;Mar del Plata;Buenos Aires;Argentina;Avenida Libertad y Catorce de 07;-57.55341,-37.98811;ok
2583;1;2024;11;Robo/Hurto Automotor;;;;Luis Angel Firpo y Gaboto;;LPR - Se realiza seguimiento del vehiculo;Mar del Plata;Buenos Aires;Argentina;Luis Angel Firpo y Gaboto;-57.5637552,-38.0272743;ok
2584;1;2024;11;Robo/Hurto Automotor;;;;David Ortega Presbitero y Alberti Manuel;;LPR - Se realiza seguimiento del vehiculo;Mar del Plata;Buenos Aires;Argentina;David Ortega Presbitero y Alberti Manuel;-57.59596,-37.98485;ok
2585;1;2024;11;Robo/Hurto Automotor;;;;Avenida Juan B. Justo y General Lavalle Juan;;Se Realiza Seguimiento del Evento;Mar del Plata;Buenos Aires;Argentina;Avenida Juan B. Justo y General Lavalle Juan;-57.5499929,-38.0349118;ok
2586;1;2024;11;Robo/Hurto Automotor;;;;Avenida Independencia y San Lorenzo;;Se Realiza Seguimiento del Evento;Mar del Plata;Buenos Aires;Argentina;Avenida Independencia y San Lorenzo;-57.5626671,-38.0083622;ok
2587;1;2024;11;Robo/Hurto Automotor;;;;Brown Almirante y Avenida Independencia;;Asiste Policia y Libera;Mar del Plata;Buenos Aires;Argentina;Brown Almirante y Avenida Independencia;-57.5569,-38.00126;ok
2588;1;2024;11;Robo/Hurto Automotor;;;;España y Moreno;;Se Realiza Seguimiento del Evento;Mar del Plata;Buenos Aires;Argentina;España y Moreno;-57.55798,-37.9972;ok
2589;1;2024;11;Robo/Hurto Automotor;;;;Avenida Constitucion y Ricardo Palma;;No Asiste;Mar del Plata;Buenos Aires;Argentina;Avenida Constitucion y Ricardo Palma;-57.55966,-37.96249;ok
2590;1;2024;11;Robo/Hurto Automotor;;;;Ciudad De Bragado y Hipolito Bouchard;;Asiste Policia y Libera;Mar del Plata;Buenos Aires;Argentina;Ciudad De Bragado y Hipolito Bouchard;-57.62231,-37.9986;ok
2591;1;2024;11;Robo/Hurto Automotor;;;;Chaco y Rio Negro;;Se Realiza Seguimiento del Evento;Mar del Plata;Buenos Aires;Argentina;Chaco y Rio Negro;-57.55399,-37.97659;ok
2592;1;2024;11;Robo/Hurto Automotor;;;;Beruti Antonio Luis y Paula Albarracin;;Se Realiza Seguimiento del Evento;Mar del Plata;Buenos Aires;Argentina;Beruti Antonio Luis y Paula Albarracin;-57.5833,-37.96395;ok
2593;1;2024;11;Robo/Hurto Automotor;;;;Rio Negro y Uruguay;;Asiste Policia y Libera;Mar del Plata;Buenos Aires;Argentina;Rio Negro y Uruguay;-57.56311,-37.97198;ok
2594;1;2024;11;Robo/Hurto Automotor;;;;Cno. Ruta 226 A Circ 2 Parc 796a y km 7;;Asiste Policia y Libera;Mar del Plata;Buenos Aires;Argentina;Cno. Ruta 226 A Circ 2 Parc 796a y km 7;-57.6715678,-37.9982619;ok
2595;1;2024;11;Robo/Hurto Automotor;;;;Avenida Juan Hector Jara y Chacabuco;;Asiste Policia y Libera;Mar del Plata;Buenos Aires;Argentina;Avenida Juan Hector Jara y Chacabuco;-57.56518,-37.97983;ok
2596;1;2024;11;Robo/Hurto Automotor;;;;Teodoro Bronzini y San Martin;;Asiste Policia y Libera;Mar del Plata;Buenos Aires;Argentina;Teodoro Bronzini y San Martin;-57.5791566,-37.9831411;ok
2597;1;2024;11;Robo/Hurto Automotor;;;;Malvinas y San Lorenzo;;Asiste Policia y Libera;Mar del Plata;Buenos Aires;Argentina;Malvinas y San Lorenzo;-57.58985,-37.99462;ok
2598;1;2024;11;Robo/Hurto Automotor;;;;Lamadrid y O'higgins;;Asiste Policia y Libera;Mar del Plata;Buenos Aires;Argentina;Lamadrid y O'higgins;-57.55827,-38.02748;ok
2599;1;2024;11;Robo/Hurto Automotor;;;;Avenida de los Trabajadores y Ciudad De Oneglia;;Asiste Policia y Libera;Mar del Plata;Buenos Aires;Argentina;Avenida de los Trabajadores y Ciudad De Oneglia;-57.54488,-38.08923;ok
2600;1;2024;12;Robo/Hurto Automotor;;;;San Salvador y Marcelo T. De Alvear;;Asiste Policia y Libera;Mar del Plata;Buenos Aires;Argentina;San Salvador y Marcelo T. De Alvear;-57.56343,-38.03916;ok
2601;1;2024;12;Robo/Hurto Automotor;;;;Loberia y Mario Bravo;;Asiste Policia y Libera;Mar del Plata;Buenos Aires;Argentina;Loberia y Mario Bravo;-57.62741,-38.01826;ok
2602;1;2024;12;Robo/Hurto Automotor;;;;General Mosconi y Genova;;Asiste Policia y Libera;Mar del Plata;Buenos Aires;Argentina;General Mosconi y Genova;-57.55778,-38.06044;ok
2603;1;2024;12;Robo/Hurto Automotor;;;;Calabria y Florencio Sanchez;;Asiste Policia y Libera;Mar del Plata;Buenos Aires;Argentina;Calabria y Florencio Sanchez;-57.59164,-38.03751;ok
2604;1;2024;12;Robo/Hurto Automotor;;;;Paraguay y Santa Cruz;;Asiste Policia y Libera;Mar del Plata;Buenos Aires;Argentina;Paraguay y Santa Cruz;-57.59674,-37.95601;ok
2605;1;2024;12;Robo/Hurto Automotor;;;;French Domingo y 20 De Setiembre;;Asiste Policia y Libera;Mar del Plata;Buenos Aires;Argentina;French Domingo y 20 De Setiembre;-57.54791,-37.98299;ok
2606;1;2024;12;Robo/Hurto Automotor;;;;Los Durazneros y Cura Brochero;;Asiste Policia y Libera;Mar del Plata;Buenos Aires;Argentina;Los Durazneros y Cura Brochero;-57.5510112,-37.9342545;ok
2607;1;2024;12;Robo/Hurto Automotor;;;;Rawson y Remedios De Escalada;;Asiste Policia y Libera;Mar del Plata;Buenos Aires;Argentina;Rawson y Remedios De Escalada;-57.5986006,-37.9846309;ok
2608;1;2024;12;Robo/Hurto Automotor;;;;Tomas Falkner y Chubut;;LPR - Se realiza seguimiento del vehiculo;Mar del Plata;Buenos Aires;Argentina;Tomas Falkner y Chubut;-57.55733,-37.97379;ok
2609;1;2024;12;Robo/Hurto Automotor;;;;Ortiz De Zarate y Jacinto Peralta Ramos;;LPR - Se realiza seguimiento del vehiculo;Mar del Plata;Buenos Aires;Argentina;Ortiz De Zarate y Jacinto Peralta Ramos;-57.57782,-38.02442;ok
2610;1;2024;12;Robo/Hurto Automotor;;;;Avenida Juan B. Justo y Onesimo Leguizamon;;Asiste Policia y Libera;Mar del Plata;Buenos Aires;Argentina;Avenida Juan B. Justo y Onesimo Leguizamon;-57.62219,-37.98043;ok
2611;1;2024;12;Robo/Hurto Automotor;;;;Nueve de Julio y Juan F. Czetz Coronel;;Asiste Policia y Libera;Mar del Plata;Buenos Aires;Argentina;Nueve de Julio y Juan F. Czetz Coronel;-57.60121,-37.96844;ok
2612;1;2024;12;Robo/Hurto Automotor;;;;Italia y Alberti Manuel;;Detencion;Mar del Plata;Buenos Aires;Argentina;Italia y Alberti Manuel;-57.57288,-37.99653;ok
2613;1;2024;12;Robo/Hurto Automotor;;;;Santa Cruz y Paraguay;;Hallazgo Automotor;Mar del Plata;Buenos Aires;Argentina;Santa Cruz y Paraguay;-57.59674,-37.95601;ok
2614;1;2024;12;Robo/Hurto Automotor;;;;Avenida Vertiz y Maria Teresa Ferrari De Gaudino a;;Asiste Policia y Libera;Mar del Plata;Buenos Aires;Argentina;Avenida Vertiz y Maria Teresa Ferrari De Gaudino a;-57.6075264,-38.0072158;ok
2615;1;2024;12;Robo/Hurto Automotor;;;;Juana Manso y San Salvador;;Asiste Policia y Libera;Mar del Plata;Buenos Aires;Argentina;Juana Manso y San Salvador;-57.57838,-38.02788;ok
2616;1;2024;12;Robo/Hurto Automotor;;;;Giacomo Matteotti y Doce de 10;;Asiste Policia y Libera;Mar del Plata;Buenos Aires;Argentina;Giacomo Matteotti y Doce de 10;-57.56839,-38.02637;ok
2617;1;2024;12;Robo/Hurto Automotor;;;;Tripulantes Del Fournier y Horacio Gaudini;;Asiste Policia y Libera;Mar del Plata;Buenos Aires;Argentina;Tripulantes Del Fournier y Horacio Gaudini;-57.5922771,-38.0239022;ok
2618;1;2024;12;Robo/Hurto Automotor;;;;Juana Manso y Juan Bautista Azopardo;;LPR - Se realiza seguimiento del vehiculo;Mar del Plata;Buenos Aires;Argentina;Juana Manso y Juan Bautista Azopardo;-57.57999,-38.02921;ok
2619;1;2024;12;Robo/Hurto Automotor;;;;Valencia y Libres Del Sur;;Asiste Policia y Libera;Mar del Plata;Buenos Aires;Argentina;Valencia y Libres Del Sur;-57.54823,-37.96948;ok
2620;1;2024;12;Robo/Hurto Automotor;;;;Giacomo Matteotti y Gaboto;;Asiste Policia y Libera;Mar del Plata;Buenos Aires;Argentina;Giacomo Matteotti y Gaboto;-57.56675,-38.02502;ok
2621;1;2024;12;Robo/Hurto Automotor;;;;Rivadavia y Ramon Carrillo;;Se Realiza Seguimiento del Evento;Mar del Plata;Buenos Aires;Argentina;Rivadavia y Ramon Carrillo;-57.62793,-37.95956;ok
2622;1;2024;12;Robo/Hurto Automotor;;;;Ciudad De Dolores y Hernandarias;;Asiste Policia y Libera;Mar del Plata;Buenos Aires;Argentina;Ciudad De Dolores y Hernandarias;-57.58128,-38.02313;ok
2623;1;2024;12;Robo/Hurto Automotor;;;;Vicente Lopez Y Planes y Pascual Mugaburu;;Asiste Policia y Libera;Mar del Plata;Buenos Aires;Argentina;Vicente Lopez Y Planes y Pascual Mugaburu;-57.54737,-37.95971;ok
2624;1;2024;12;Robo/Hurto Automotor;;;;Joaquina Acevedo y General Jose Gervasio Artigas;;Asiste Policia y Libera;Mar del Plata;Buenos Aires;Argentina;Joaquina Acevedo y General Jose Gervasio Artigas;-57.55278,-37.95919;ok
2625;1;2024;12;Robo/Hurto Automotor;;;;Rodriguez Peña y Salta;;Asiste Policia y Libera;Mar del Plata;Buenos Aires;Argentina;Rodriguez Peña y Salta;-57.56501,-38.00941;ok
2626;1;2024;12;Robo/Hurto Automotor;;;;Corrientes y Alberti Manuel;;Asiste Policia y Libera;Mar del Plata;Buenos Aires;Argentina;Corrientes y Alberti Manuel;-57.54975,-38.0082;ok
2627;1;2024;12;Robo/Hurto Automotor;;;;San Lorenzo y Cordoba;;Asiste Policia y Libera;Mar del Plata;Buenos Aires;Argentina;San Lorenzo y Cordoba;-57.55657,-38.01144;ok
2628;1;2024;12;Robo/Hurto Automotor;;;;Polonia y Guanahani;;Asiste Policia y Libera;Mar del Plata;Buenos Aires;Argentina;Polonia y Guanahani;-57.59536,-38.01378;ok
2629;1;2024;12;Robo/Hurto Automotor;;;;Geronimo Rejon y Jose Ingenieros;;Asiste Policia y Libera;Mar del Plata;Buenos Aires;Argentina;Geronimo Rejon y Jose Ingenieros;-57.55922,-37.97062;ok
2630;1;2024;12;Robo/Hurto Automotor;;;;Falucho y Jose M. Calaza Coronel;;Asiste Policia y Libera;Mar del Plata;Buenos Aires;Argentina;Falucho y Jose M. Calaza Coronel;-57.6048,-37.97812;ok
2631;1;2024;12;Robo/Hurto Automotor;;;;Matias Strobel y Angel Roffo;;Asiste Policia y Libera;Mar del Plata;Buenos Aires;Argentina;Matias Strobel y Angel Roffo;-57.56582,-37.96838;ok
2632;1;2024;12;Robo/Hurto Automotor;;;;Brown Almirante y Republica Arabe Siria;;Asiste Policia y Libera;Mar del Plata;Buenos Aires;Argentina;Brown Almirante y Republica Arabe Siria;-57.61809,-37.97023;ok
2633;1;2024;12;Robo/Hurto Automotor;;;;Solis y Cerrito;;Asiste Policia y Libera;Mar del Plata;Buenos Aires;Argentina;Solis y Cerrito;-57.5561558,-38.0317258;ok
2634;1;2024;12;Robo/Hurto Automotor;;;;20 De Setiembre y Primera Junta;;Asiste Policia y Libera;Mar del Plata;Buenos Aires;Argentina;20 De Setiembre y Primera Junta;-57.56865,-38.00869;ok
2635;1;2024;12;Robo/Hurto Automotor;;;;San Juan y Primera Junta;;Asiste Policia y Libera;Mar del Plata;Buenos Aires;Argentina;San Juan y Primera Junta;-57.57467,-38.00567;ok
2636;1;2024;12;Robo/Hurto Automotor;;;;Gaboto y Don Orione;;Asiste Policia y Libera;Mar del Plata;Buenos Aires;Argentina;Gaboto y Don Orione;-57.55182,-38.03627;ok
2637;1;2024;12;Robo/Hurto Automotor;;;;Avenida Independencia y Matheu Domingo;;Asiste Policia y Libera;Mar del Plata;Buenos Aires;Argentina;Avenida Independencia y Matheu Domingo;-57.5665114,-38.0131139;ok
2638;1;2024;12;Robo/Hurto Automotor;;;;Gaboto y Don Orione;;No Asiste;Mar del Plata;Buenos Aires;Argentina;Gaboto y Don Orione;-57.55182,-38.03627;ok
2639;1;2024;12;Robo/Hurto Automotor;;;;Antonio Maria Gianelli y Ayolas;;No Asiste;Mar del Plata;Buenos Aires;Argentina;Antonio Maria Gianelli y Ayolas;-57.56207,-38.03393;ok
2640;1;2024;12;Robo/Hurto Automotor;;;;Eduardo G. Carasa y Giacomo Matteotti;;No Asiste;Mar del Plata;Buenos Aires;Argentina;Eduardo G. Carasa y Giacomo Matteotti;-57.58063,-38.03653;ok
2641;1;2024;12;Robo/Hurto Automotor;;;;Avenida Vertiz y Yapeyu;;Asiste Policia y Libera;Mar del Plata;Buenos Aires;Argentina;Avenida Vertiz y Yapeyu;-57.62236,-37.99596;ok
2642;1;2024;12;Robo/Hurto Automotor;;;;El Cano y Triunvirato;;No Asiste;Mar del Plata;Buenos Aires;Argentina;El Cano y Triunvirato;-57.55092,-38.03825;ok
2643;1;2024;12;Robo/Hurto Automotor;;;;Rawson y Remedios De Escalada;;LPR - Se realiza seguimiento del vehiculo;Mar del Plata;Buenos Aires;Argentina;Rawson y Remedios De Escalada;-57.5986006,-37.9846309;ok
2644;1;2024;12;Robo/Hurto Automotor;;;;Avellaneda Nicolas y alsina;;Asiste Policia y Libera;Mar del Plata;Buenos Aires;Argentina;Avellaneda Nicolas y alsina;-57.54496,-38.01621;ok
2645;1;2024;12;Robo/Hurto Automotor;;;;Guanahani y Polonia;;Asiste Policia y Libera;Mar del Plata;Buenos Aires;Argentina;Guanahani y Polonia;-57.59536,-38.01378;ok
2646;1;2024;12;Robo/Hurto Automotor;;;;Avenida Independencia y Castelli Juan Jose;;Asiste Policia y Libera;Mar del Plata;Buenos Aires;Argentina;Avenida Independencia y Castelli Juan Jose;-57.5607372,-38.0059143;ok
2647;1;2024;12;Robo/Hurto Automotor;;;;Antonio Valentini y Tripulantes Del Fournier;;Asiste Policia y Libera;Mar del Plata;Buenos Aires;Argentina;Antonio Valentini y Tripulantes Del Fournier;-57.5807871,-38.0325746;ok
2648;1;2024;12;Robo/Hurto Automotor;;;;French Domingo y Primero de Mayo;;Asiste Policia y Libera;Mar del Plata;Buenos Aires;Argentina;French Domingo y Primero de Mayo;-57.56303,-37.97536;ok
2649;1;2024;12;Robo/Hurto Automotor;;;;Gaboto y Ambrosio Bestoso;;Asiste Policia y Libera;Mar del Plata;Buenos Aires;Argentina;Gaboto y Ambrosio Bestoso;-57.57018,-38.02243;ok
2650;1;2024;12;Robo/Hurto Automotor;;;;Soler Miguel y Jacinto Peralta Ramos;;Asiste Policia y Libera;Mar del Plata;Buenos Aires;Argentina;Soler Miguel y Jacinto Peralta Ramos;-57.58517,-38.03054;ok
2651;1;2024;12;Robo/Hurto Automotor;;;;Newbery J. y Calle 513;;No Asiste;Mar del Plata;Buenos Aires;Argentina;Newbery J. y Calle 513;-57.62089,-38.11051;ok
2652;1;2024;12;Robo/Hurto Automotor;;;;Avenida Independencia y Balcarce;;Asiste Policia y Libera;Mar del Plata;Buenos Aires;Argentina;Avenida Independencia y Balcarce;-57.54903,-37.99151;ok
2653;1;2024;12;Robo/Hurto Automotor;;;;Mamerto Esquiu Fray y Julian Aguirre;;Asiste Policia y Libera;Mar del Plata;Buenos Aires;Argentina;Mamerto Esquiu Fray y Julian Aguirre;-57.54148,-37.95936;ok
2654;1;2024;12;Robo/Hurto Automotor;;;;Paula Albarracin y Avenida Colon;;Asiste Policia y Libera;Mar del Plata;Buenos Aires;Argentina;Paula Albarracin y Avenida Colon;-57.59634,-37.9801;ok
2655;1;2024;12;Robo/Hurto Automotor;;;;Nueve de Julio y Mariano Acosta Gobernador;;No Asiste;Mar del Plata;Buenos Aires;Argentina;Nueve de Julio y Mariano Acosta Gobernador;-57.5821357,-37.9781224;ok
2656;1;2024;12;Robo/Hurto Automotor;;;;Ciudad De Bragado y Juan Bautista Azopardo;;Hallazgo Automotor;Mar del Plata;Buenos Aires;Argentina;Ciudad De Bragado y Juan Bautista Azopardo;-57.62145,-37.99792;ok
2657;1;2024;12;Robo/Hurto Automotor;;;;Alejandro Fleming y Gutenberg Juan;;No Asiste;Mar del Plata;Buenos Aires;Argentina;Alejandro Fleming y Gutenberg Juan;-57.58092,-38.04688;ok
2658;1;2024;12;Robo/Hurto Automotor;;;;Larrea y Viamonte;;Asiste Policia y Libera;Mar del Plata;Buenos Aires;Argentina;Larrea y Viamonte;-57.54939,-38.02862;ok
2659;1;2024;12;Robo/Hurto Automotor;;;;O'higgins y Carlos Pellegrini;;Asiste Policia y Libera;Mar del Plata;Buenos Aires;Argentina;O'higgins y Carlos Pellegrini;-57.5445,-38.03443;ok
2660;1;2024;12;Robo/Hurto Automotor;;;;O'higgins y Carlos Pellegrini;;Asiste Policia y Libera;Mar del Plata;Buenos Aires;Argentina;O'higgins y Carlos Pellegrini;-57.5445,-38.03443;ok
2661;1;2024;12;Robo/Hurto Automotor;;;;Avenida Colon y Santa Fe;;Asiste Policia y Libera;Mar del Plata;Buenos Aires;Argentina;Avenida Colon y Santa Fe;-57.54817,-38.00448;ok
2662;1;2024;12;Robo/Hurto Automotor;;;;Astor Piazzolla y Corbeta Uruguay;;Se Realiza Seguimiento del Evento;Mar del Plata;Buenos Aires;Argentina;Astor Piazzolla y Corbeta Uruguay;-57.56417,-38.10041;ok
2663;1;2024;12;Robo/Hurto Automotor;;;;Avenida Juan Jose Paso y Salta;;Se Realiza Seguimiento del Evento;Mar del Plata;Buenos Aires;Argentina;Avenida Juan Jose Paso y Salta;-57.57018,-38.01582;ok
2664;1;2024;12;Robo/Hurto Automotor;;;;Larrea y Hipolito Yrigoyen;;Se Realiza Seguimiento del Evento;Mar del Plata;Buenos Aires;Argentina;Larrea y Hipolito Yrigoyen;-57.56734,-38.01956;ok
2665;1;2024;12;Robo/Hurto Automotor;;;;Larrea y Tucuman;;Se Realiza Seguimiento del Evento;Mar del Plata;Buenos Aires;Argentina;Larrea y Tucuman;-57.55836,-38.02409;ok
2666;1;2024;12;Robo/Hurto Automotor;;;;De La Plaza Fortunato y Celestino Vidal Coronel;;Asiste Policia y Libera;Mar del Plata;Buenos Aires;Argentina;De La Plaza Fortunato y Celestino Vidal Coronel;-57.59388,-38.02796;ok
2667;1;2024;12;Robo/Hurto Automotor;;;;Guanahani y cerretti;;LPR - Se realiza seguimiento del vehiculo;Mar del Plata;Buenos Aires;Argentina;Guanahani y cerretti;-57.5963459,-38.012992;ok
2668;1;2024;12;Robo/Hurto Automotor;;;;Hipolito Bouchard y Polonia;;LPR - Se realiza seguimiento del vehiculo;Mar del Plata;Buenos Aires;Argentina;Hipolito Bouchard y Polonia;-57.59862,-38.01648;ok
2669;1;2024;12;Robo/Hurto Automotor;;;;Willian C Morris y Don Orione;;LPR - Se realiza seguimiento del vehiculo;Mar del Plata;Buenos Aires;Argentina;Willian C Morris y Don Orione;-57.57319,-38.05401;ok
2670;1;2024;12;Robo/Hurto Automotor;;;;Avenida de los Trabajadores y General Eduardo Racedo Teniente;;Asiste Policia y Libera;Mar del Plata;Buenos Aires;Argentina;Avenida de los Trabajadores y General Eduardo Racedo Teniente;-57.5388424,-38.0815747;ok
2671;1;2024;12;Robo/Hurto Automotor;;;;Guanahani y Cesar A. Ceretti;;Se Realiza Seguimiento del Evento;Mar del Plata;Buenos Aires;Argentina;Guanahani y Cesar A. Ceretti;-57.5963459,-38.012992;ok
2672;1;2024;12;Robo/Hurto Automotor;;;;Santa Fe y San Martin;;Se Realiza Seguimiento del Evento;Mar del Plata;Buenos Aires;Argentina;Santa Fe y San Martin;-57.5449,-38.00048;ok
2673;1;2024;12;Robo/Hurto Automotor;;;;Calabria y Sicilia;;Se Realiza Seguimiento del Evento;Mar del Plata;Buenos Aires;Argentina;Calabria y Sicilia;-57.6012031,-38.0299711;ok
2674;1;2024;12;Robo/Hurto Automotor;;;;Bermejo y Juan Bautista Azopardo;;Se Realiza Seguimiento del Evento;Mar del Plata;Buenos Aires;Argentina;Bermejo y Juan Bautista Azopardo;-57.55378,-38.049;ok
2675;1;2024;12;Robo/Hurto Automotor;;;;Eduardo Peralta Ramos y El Cano;;Asiste Policia y Libera;Mar del Plata;Buenos Aires;Argentina;Eduardo Peralta Ramos y El Cano;-57.59577,-38.00438;ok
2676;1;2024;12;Robo/Hurto Automotor;;;;Ayolas y Arq. Cedron;;Asiste Policia y Libera;Mar del Plata;Buenos Aires;Argentina;Ayolas y Arq. Cedron;-57.6212,-37.98951;ok
2677;1;2024;12;Robo/Hurto Automotor;;;;Avenida Pedro Luro y Avenida Fermin Errea;;Asiste Policia y Libera;Mar del Plata;Buenos Aires;Argentina;Avenida Pedro Luro y Avenida Fermin Errea;-57.6185972,-37.9619814;ok
2678;1;2024;12;Robo/Hurto Automotor;;;;Corrientes y San Martin;;LPR - Vehiculo Interceptado;Mar del Plata;Buenos Aires;Argentina;Corrientes y San Martin;-57.54394,-38.00101;ok
2679;1;2024;12;Robo/Hurto Automotor;;;;Ayacucho y Olazabal Felix De;;LPR - Se realiza seguimiento del vehiculo;Mar del Plata;Buenos Aires;Argentina;Ayacucho y Olazabal Felix De;-57.55547,-37.98363;ok
2680;1;2024;12;Robo/Hurto Automotor;;;;San Martin y Cordoba;;Se Realiza Seguimiento del Evento;Mar del Plata;Buenos Aires;Argentina;San Martin y Cordoba;-57.5468956,-37.9994085;ok
2681;1;2024;12;Robo/Hurto Automotor;;;;Entre Rios y Avenida Colon;;LPR - Se realiza seguimiento del vehiculo;Mar del Plata;Buenos Aires;Argentina;Entre Rios y Avenida Colon;-57.54614,-38.00547;ok
2682;1;2024;12;Robo/Hurto Automotor;;;;Ecuador y Brandsen;;Asiste Policia y Libera;Mar del Plata;Buenos Aires;Argentina;Ecuador y Brandsen;-57.6076271,-37.9538406;ok
2683;1;2024;12;Robo/Hurto Automotor;;;;Avenida Independencia y Bolivar;;LPR - Se realiza seguimiento del vehiculo;Mar del Plata;Buenos Aires;Argentina;Avenida Independencia y Bolivar;-57.55556,-37.99954;ok
2684;1;2024;12;Robo/Hurto Automotor;;;;General 07 Argentino Roca y Guillermo Marconi Ingeniero;;LPR - Se realiza seguimiento del vehiculo;Mar del Plata;Buenos Aires;Argentina;General 07 Argentino Roca y Guillermo Marconi Ingeniero;-57.58349,-37.99894;ok
2685;1;2024;12;Robo/Hurto Automotor;;;;Nueve de Julio y Armenia;;Asiste Policia y Libera;Mar del Plata;Buenos Aires;Argentina;Nueve de Julio y Armenia;-57.59423,-37.97198;ok
2686;1;2024;12;Robo/Hurto Automotor;;;;Hipolito Bouchard y General Mosconi;;Asiste Policia y Libera;Mar del Plata;Buenos Aires;Argentina;Hipolito Bouchard y General Mosconi;-57.54948,-38.05356;ok
2687;1;2024;12;Robo/Hurto Automotor;;;;Champagnat y Moreno;;Asiste Policia y Libera;Mar del Plata;Buenos Aires;Argentina;Champagnat y Moreno;-57.5850783,-37.9834672;ok
2688;1;2024;12;Robo/Hurto Automotor;;;;Jacinto Peralta Ramos y De La Plaza Fortunato;;Asiste Policia y Libera;Mar del Plata;Buenos Aires;Argentina;Jacinto Peralta Ramos y De La Plaza Fortunato;-57.5877079,-38.032636;ok
2689;1;2024;12;Robo/Hurto Automotor;;;;Saavedra Cornelio y Francia;;Detencion;Mar del Plata;Buenos Aires;Argentina;Saavedra Cornelio y Francia;-57.58228,-38.00289;ok
2690;1;2024;12;Robo/Hurto Automotor;;;;Pringles y Tucuman;;Se Realiza Seguimiento del Evento;Mar del Plata;Buenos Aires;Argentina;Pringles y Tucuman;-57.55963,-38.02569;ok
2691;1;2024;12;Robo/Hurto Automotor;;;;Vieytes y Avenida Independencia;;Se Realiza Seguimiento del Evento;Mar del Plata;Buenos Aires;Argentina;Vieytes y Avenida Independencia;-57.56982,-38.01722;ok
2692;1;2024;12;Robo/Hurto Automotor;;;;Ortiz De Zarate y Casildo Villar;;Se Realiza Seguimiento del Evento;Mar del Plata;Buenos Aires;Argentina;Ortiz De Zarate y Casildo Villar;-57.5787653,-38.0237262;ok
2693;1;2024;12;Robo/Hurto Automotor;;;;De La Plaza Fortunato y Ciudad De Dolores;;Se Realiza Seguimiento del Evento;Mar del Plata;Buenos Aires;Argentina;De La Plaza Fortunato y Ciudad De Dolores;-57.59028,-38.0306;ok
2694;1;2024;12;Robo/Hurto Automotor;;;;General 07 Argentino Roca y Jose M. Calaza Coronel;;LPR - Se realiza seguimiento del vehiculo;Mar del Plata;Buenos Aires;Argentina;General 07 Argentino Roca y Jose M. Calaza Coronel;-57.61055,-37.98524;ok
2695;1;2024;12;Robo/Hurto Automotor;;;;Dorrego y Moreno;;Asiste Policia y Libera;Mar del Plata;Buenos Aires;Argentina;Dorrego y Moreno;-57.561,-37.99569;ok
2696;1;2024;12;Robo/Hurto Automotor;;;;12 De octubre y Jose Lanzilota;;No Asiste;Mar del Plata;Buenos Aires;Argentina;12 De octubre y Jose Lanzilota;-57.5543129,-38.0369904;ok
2697;1;2024;12;Robo/Hurto Automotor;;;;Guerrico Anatildo y Guanahani;;Asiste Policia y Libera;Mar del Plata;Buenos Aires;Argentina;Guerrico Anatildo y Guanahani;-57.59722,-38.01236;ok
2698;1;2024;12;Robo/Hurto Automotor;;;;Osvaldo Magnasco y De La Plaza Fortunato;;LPR - Se realiza seguimiento del vehiculo;Mar del Plata;Buenos Aires;Argentina;Osvaldo Magnasco y De La Plaza Fortunato;-57.6007431,-38.0226172;ok
2699;1;2024;12;Robo/Hurto Automotor;;;;LURO y Coronel Suarez Bis;;No Asiste;Mar del Plata;Buenos Aires;Argentina;LURO y Coronel Suarez Bis;-57.59849,-37.97202;ok
2700;1;2024;12;Robo/Hurto Automotor;;;;Falucho y Trinidad Tobago;;No Asiste;Mar del Plata;Buenos Aires;Argentina;Falucho y Trinidad Tobago;-57.62592,-37.96744;ok
2701;1;2024;12;Robo/Hurto Automotor;;;;Triunvirato y Solis;;Se Realiza Seguimiento del Evento;Mar del Plata;Buenos Aires;Argentina;Triunvirato y Solis;-57.54928,-38.03688;ok
2702;1;2024;12;Robo/Hurto Automotor;;;;Chacabuco y Ecuador;;Asiste Policia y Libera;Mar del Plata;Buenos Aires;Argentina;Chacabuco y Ecuador;-57.61022,-37.95698;ok
2703;1;2024;12;Robo/Hurto Automotor;;;;Formosa y Mitre Bartolome;;Asiste Policia y Libera;Mar del Plata;Buenos Aires;Argentina;Formosa y Mitre Bartolome;-57.5630735,-38.0159922;ok
2704;1;2024;12;Robo/Hurto Automotor;;;;Santa Fe y San Martin;;Se Realiza Seguimiento del Evento;Mar del Plata;Buenos Aires;Argentina;Santa Fe y San Martin;-57.5449,-38.00048;ok
2705;1;2024;12;Robo/Hurto Automotor;;;;Nueve de Julio y Arturo Alio;;Asiste Policia y Libera;Mar del Plata;Buenos Aires;Argentina;Nueve de Julio y Arturo Alio;-57.59312,-37.97255;ok
2706;1;2024;12;Robo/Hurto Automotor;;;;Bolivar y España;;LPR - Se realiza seguimiento del vehiculo;Mar del Plata;Buenos Aires;Argentina;Bolivar y España;-57.5586079,-37.997996;ok
2707;1;2024;12;Robo/Hurto Automotor;;;;Guanahani y Federico C. Beltrami Ingeniero;;LPR - Se realiza seguimiento del vehiculo;Mar del Plata;Buenos Aires;Argentina;Guanahani y Federico C. Beltrami Ingeniero;-57.54987,-38.04879;ok
2708;1;2024;12;Robo/Hurto Automotor;;;;Alejandro Fleming y Calabria;;Asiste Policia y Libera;Mar del Plata;Buenos Aires;Argentina;Alejandro Fleming y Calabria;-57.58011,-38.0462;ok
2709;1;2024;12;Robo/Hurto Automotor;;;;Belgrano y Santiago Del Estero;;Asiste Policia y Libera;Mar del Plata;Buenos Aires;Argentina;Belgrano y Santiago Del Estero;-57.54718,-38.00155;ok
2710;1;2024;12;Robo/Hurto Automotor;;;;Castelli Juan Jose y Catamarca;;Asiste Policia y Libera;Mar del Plata;Buenos Aires;Argentina;Castelli Juan Jose y Catamarca;-57.55966,-38.00653;ok
2711;1;2024;12;Robo/Hurto Automotor;;;;Neuquen y Ayacucho;;Asiste Policia y Libera;Mar del Plata;Buenos Aires;Argentina;Neuquen y Ayacucho;-57.56144,-37.98063;ok
2712;1;2024;12;Robo/Hurto Automotor;;;;Avenida Colon y Misiones;;Se Realiza Seguimiento del Evento;Mar del Plata;Buenos Aires;Argentina;Avenida Colon y Misiones;-57.5693045,-37.9938045;ok
2713;1;2024;12;Robo/Hurto Automotor;;;;Amadeo Courel y Justo S. Lopez De Gomara;;Asiste Policia y Libera;Mar del Plata;Buenos Aires;Argentina;Amadeo Courel y Justo S. Lopez De Gomara;-57.5909217,-37.9485141;ok
2714;1;2024;12;Robo/Hurto Automotor;;;;San Lorenzo y Olazabal Felix De;;No Asiste;Mar del Plata;Buenos Aires;Argentina;San Lorenzo y Olazabal Felix De;-57.57174,-38.00378;ok
2715;1;2024;12;Robo/Hurto Automotor;;;;Diagonal Estados Unidos De Norteamerica y Corbeta Uruguay;;No Asiste;Mar del Plata;Buenos Aires;Argentina;Diagonal Estados Unidos De Norteamerica y Corbeta Uruguay;-57.55127,-38.09272;ok
2716;1;2024;12;Robo/Hurto Automotor;;;;Nueve de Julio y España;;No Asiste;Mar del Plata;Buenos Aires;Argentina;Nueve de Julio y España;-57.55405,-37.99233;ok
2717;1;2024;12;Robo/Hurto Automotor;;;;Amadeo Courel y Justo S. Lopez De Gomara;;No Asiste;Mar del Plata;Buenos Aires;Argentina;Amadeo Courel y Justo S. Lopez De Gomara;-57.5909217,-37.9485141;ok
2718;1;2024;12;Robo/Hurto Automotor;;;;Triunvirato y Juan Bautista Azopardo;;Asiste Policia y Libera;Mar del Plata;Buenos Aires;Argentina;Triunvirato y Juan Bautista Azopardo;-57.55827,-38.04434;ok
2719;1;2024;12;Robo/Hurto Automotor;;;;Funes Gregorio y Esteban Gascon;;Asiste Policia y Libera;Mar del Plata;Buenos Aires;Argentina;Funes Gregorio y Esteban Gascon;-57.56629,-37.99876;ok
2720;1;2024;12;Robo/Hurto Automotor;;;;12 De octubre y Olegario Olazar;;Hallazgo Automotor;Mar del Plata;Buenos Aires;Argentina;12 De octubre y Olegario Olazar;-57.6000127,-38.0025027;ok
2721;1;2024;12;Robo/Hurto Automotor;;;;Alvarado Rudecindo y España;;Se Realiza Seguimiento del Evento;Mar del Plata;Buenos Aires;Argentina;Alvarado Rudecindo y España;-57.56445,-38.00525;ok
2722;1;2024;12;Robo/Hurto Automotor;;;;Alvarado Rudecindo y Dorrego;;Asiste Policia y Libera;Mar del Plata;Buenos Aires;Argentina;Alvarado Rudecindo y Dorrego;-57.56746,-38.00372;ok
2723;1;2024;12;Robo/Hurto Automotor;;;;Salta y San Martin;;Asiste Policia y Libera;Mar del Plata;Buenos Aires;Argentina;Salta y San Martin;-57.55405,-37.99585;ok
2724;1;2024;12;Robo/Hurto Automotor;;;;Belgrano y Dorrego;;Asiste Policia y Libera;Mar del Plata;Buenos Aires;Argentina;Belgrano y Dorrego;-57.56032,-37.9949;ok
2725;1;2024;12;Robo/Hurto Automotor;;;;Arenales y Brown Almirante;;Asiste Policia y Libera;Mar del Plata;Buenos Aires;Argentina;Arenales y Brown Almirante;-57.54383,-38.00787;ok
2726;1;2024;12;Robo/Hurto Automotor;;;;Avenida Colon y General Augusto Cesar Sandino;;Asiste Unidad Sanitaria y No Traslada;Mar del Plata;Buenos Aires;Argentina;Avenida Colon y General Augusto Cesar Sandino;-57.6325066,-37.9618145;ok
2727;1;2024;12;Robo/Hurto Automotor;;;;Avenida Colon y Martiniano Chilabert;;Asiste Policia y Libera;Mar del Plata;Buenos Aires;Argentina;Avenida Colon y Martiniano Chilabert;-57.6054899,-37.9754796;ok
2728;1;2024;12;Robo/Hurto Automotor;;;;Olazabal Felix De y Castelli Juan Jose;;LPR - Se realiza seguimiento del vehiculo;Mar del Plata;Buenos Aires;Argentina;Olazabal Felix De y Castelli Juan Jose;-57.56983,-38.00142;ok
2729;1;2024;12;Robo/Hurto Automotor;;;;Juan Mariani y Zubiría;;LPR - Se realiza seguimiento del vehiculo;Mar del Plata;Buenos Aires;Argentina;Juan Mariani y Zubiría;-57.56904,-37.95323;ok
2730;1;2024;12;Robo/Hurto Automotor;;;;Bolivar y Salta;;LPR - Se realiza seguimiento del vehiculo;Mar del Plata;Buenos Aires;Argentina;Bolivar y Salta;-57.55661,-37.99901;ok
2731;1;2024;12;Robo/Hurto Automotor;;;;Rivadavia y Corrientes;;LPR - Se realiza seguimiento del vehiculo;Mar del Plata;Buenos Aires;Argentina;Rivadavia y Corrientes;-57.54455,-38.00176;ok
2732;1;2024;12;Robo/Hurto Automotor;;;;Cno. Ruta 88 A Calle Lib. Gral. San Martin y Genova;;Se Realiza Seguimiento del Evento;Mar del Plata;Buenos Aires;Argentina;Cno. Ruta 88 A Calle Lib. Gral. San Martin y Genova;-57.62008,-38.00982;ok
2733;1;2024;12;Robo/Hurto Automotor;;;;Mario Bravo y Loberia;;Asiste Policia y Libera;Mar del Plata;Buenos Aires;Argentina;Mario Bravo y Loberia;-57.62741,-38.01826;ok
2734;1;2024;12;Robo/Hurto Automotor;;;;Portugal y Once de 09;;Asiste Policia y Libera;Mar del Plata;Buenos Aires;Argentina;Portugal y Once de 09;-57.6118647,-37.9608253;ok
2735;1;2024;12;Robo/Hurto Automotor;;;;Jacinto Peralta Ramos y Eduardo G. Carasa;;Asiste Policia y Libera;Mar del Plata;Buenos Aires;Argentina;Jacinto Peralta Ramos y Eduardo G. Carasa;-57.5867933,-38.0319017;ok
2736;1;2024;12;Robo/Hurto Automotor;;;;Sicilia y Antonio Maria Gianelli;;LPR - Se realiza seguimiento del vehiculo;Mar del Plata;Buenos Aires;Argentina;Sicilia y Antonio Maria Gianelli;-57.5776,-38.0468;ok
2737;1;2024;12;Robo/Hurto Automotor;;;;Brown Almirante y Alvear Carlos Maria De;;Se Realiza Seguimiento del Evento;Mar del Plata;Buenos Aires;Argentina;Brown Almirante y Alvear Carlos Maria De;-57.53686,-38.01141;ok
2738;1;2024;12;Robo/Hurto Automotor;;;;Moreno y San Juan;;Asiste Policia y Libera;Mar del Plata;Buenos Aires;Argentina;Moreno y San Juan;-57.56499,-37.99369;ok
2739;1;2024;12;Robo/Hurto Automotor;;;;Juncal y Esteban Gascon;;Asiste Policia y Libera;Mar del Plata;Buenos Aires;Argentina;Juncal y Esteban Gascon;-57.586355,-37.9886135;ok
2740;1;2024;12;Robo/Hurto Automotor;;;;Sicilia y Pedro Miguel Araoz;;Asiste Policia y Libera;Mar del Plata;Buenos Aires;Argentina;Sicilia y Pedro Miguel Araoz;-57.54991,-38.06769;ok
2741;1;2024;12;Robo/Hurto Automotor;;;;Jacinto Peralta Ramos y Solis;;Se Realiza Seguimiento del Evento;Mar del Plata;Buenos Aires;Argentina;Jacinto Peralta Ramos y Solis;-57.5721,-38.01969;ok
2742;1;2024;12;Robo/Hurto Automotor;;;;Jujuy y Ituzaingo;;Se Realiza Seguimiento del Evento;Mar del Plata;Buenos Aires;Argentina;Jujuy y Ituzaingo;-57.54779,-37.98636;ok
2743;1;2024;12;Robo/Hurto Automotor;;;;Castelli Juan Jose y San Luis;;Se Realiza Seguimiento del Evento;Mar del Plata;Buenos Aires;Argentina;Castelli Juan Jose y San Luis;-57.55568,-38.00855;ok
2744;1;2024;12;Robo/Hurto Automotor;;;;Leandro N. Alem y Vicente Lopez;;LPR - Se realiza seguimiento del vehiculo;Mar del Plata;Buenos Aires;Argentina;Leandro N. Alem y Vicente Lopez;-57.54357,-38.03713;ok
2745;1;2024;12;Robo/Hurto Automotor;;;;Formosa y Las Heras;;Asiste Policia y Libera;Mar del Plata;Buenos Aires;Argentina;Formosa y Las Heras;-57.55207,-38.02152;ok
2746;1;2024;12;Robo/Hurto Automotor;;;;Avenida Colon y Neuquen;;Asiste Policia y Libera;Mar del Plata;Buenos Aires;Argentina;Avenida Colon y Neuquen;-57.5712925,-37.9927988;ok
2747;1;2024;12;Robo/Hurto Automotor;;;;General Lavalle Juan y Pringles;;Asiste Policia y Libera;Mar del Plata;Buenos Aires;Argentina;General Lavalle Juan y Pringles;-57.54766,-38.03172;ok
2748;1;2024;12;Robo/Hurto Automotor;;;;Monseñor Rau y Miguel Estanislao Soler;;Asiste Policia y Libera;Mar del Plata;Buenos Aires;Argentina;Monseñor Rau y Miguel Estanislao Soler;-57.58966,-38.02715;ok
2749;1;2024;12;Robo/Hurto Automotor;;;;Castelli Juan Jose y Avenida Patricio Peralta Ramos;;Asiste CPM;Mar del Plata;Buenos Aires;Argentina;Castelli Juan Jose y Avenida Patricio Peralta Ramos;-57.52783,-38.02258;ok
2750;1;2024;12;Robo/Hurto Automotor;;;;Tres de Febrero y Jujuy;;Asiste Policia y Libera;Mar del Plata;Buenos Aires;Argentina;Tres de Febrero y Jujuy;-57.55237,-37.99203;ok
2751;1;2024;12;Robo/Hurto Automotor;;;;Moreno y Dorrego;;Asiste Policia y Libera;Mar del Plata;Buenos Aires;Argentina;Moreno y Dorrego;-57.561,-37.99569;ok
2752;1;2024;12;Robo/Hurto Automotor;;;;Juan A. Peña y Pasteur;;Asiste Policia y Libera;Mar del Plata;Buenos Aires;Argentina;Juan A. Peña y Pasteur;-57.5527934,-37.971565;ok
2753;1;2024;12;Robo/Hurto Automotor;;;;Avenida Colon y Martin Miguel De Guemes;;Asiste Policia y Libera;Mar del Plata;Buenos Aires;Argentina;Avenida Colon y Martin Miguel De Guemes;-57.53717,-38.0098937;ok
2754;1;2024;12;Robo/Hurto Automotor;;;;Arturo Alio y Garay Juan De;;Asiste Policia y Libera;Mar del Plata;Buenos Aires;Argentina;Arturo Alio y Garay Juan De;-57.6021452,-37.983913;ok
2755;1;2024;12;Robo/Hurto Automotor;;;;Gonzalez Chavez y Ortiz De Zarate;;Asiste Policia y Libera;Mar del Plata;Buenos Aires;Argentina;Gonzalez Chavez y Ortiz De Zarate;-57.5796,-38.02309;ok
2756;1;2024;12;Robo/Hurto Automotor;;;;Bermejo y Ortiz De Zarate;;Detencion;Mar del Plata;Buenos Aires;Argentina;Bermejo y Ortiz De Zarate;-57.54485,-38.0494;ok
2757;1;2024;12;Robo/Hurto Automotor;;;;Sicilia y Alejandro Korn;;Asiste Policia y Libera;Mar del Plata;Buenos Aires;Argentina;Sicilia y Alejandro Korn;-57.57331,-38.05003;ok
2758;1;2024;12;Robo/Hurto Automotor;;;;Avenida Colon y Santa Fe;;Asiste Policia y Libera;Mar del Plata;Buenos Aires;Argentina;Avenida Colon y Santa Fe;-57.54817,-38.00448;ok
2759;1;2024;12;Robo/Hurto Automotor;;;;Calabria y Pedro Miguel Araoz;;Asiste Policia y Libera;Mar del Plata;Buenos Aires;Argentina;Calabria y Pedro Miguel Araoz;-57.55073,-38.06837;ok
2760;1;2024;12;Robo/Hurto Automotor;;;;Solis y Heguilor Domingo;;Asiste Policia y Libera;Mar del Plata;Buenos Aires;Argentina;Solis y Heguilor Domingo;-57.59501,-38.00239;ok
2761;1;2024;12;Robo/Hurto Automotor;;;;Alberti Manuel y Bahia Blanca;;Asiste Policia y Libera;Mar del Plata;Buenos Aires;Argentina;Alberti Manuel y Bahia Blanca;-57.590995,-37.9873347;ok
2762;1;2024;12;Robo/Hurto Automotor;;;;San Martin y Salta;;Asiste Policia y Libera;Mar del Plata;Buenos Aires;Argentina;San Martin y Salta;-57.55405,-37.99585;ok
2763;1;2024;12;Robo/Hurto Automotor;;;;Cno. Ruta 88 A Calle Lib. Gral. San Martin y Tripulantes Del Fournier;;Asiste Policia y Libera;Mar del Plata;Buenos Aires;Argentina;Cno. Ruta 88 A Calle Lib. Gral. San Martin y Tripulantes Del Fournier;-57.6114,-38.00812;ok
2764;1;2024;12;Robo/Hurto Automotor;;;;Cordoba y Rodriguez Peña;;Asiste Policia y Libera;Mar del Plata;Buenos Aires;Argentina;Cordoba y Rodriguez Peña;-57.55787,-38.01304;ok
2765;1;2024;12;Robo/Hurto Automotor;;;;11 De Setiembre y Armenia;;Asiste Policia y Libera;Mar del Plata;Buenos Aires;Argentina;11 De Setiembre y Armenia;-57.59325,-37.97077;ok
2766;1;2024;12;Robo/Hurto Automotor;;;;Avenida Juan B. Justo y Salta;;Asiste Policia y Libera;Mar del Plata;Buenos Aires;Argentina;Avenida Juan B. Justo y Salta;-57.5721556,-38.018241;ok
2767;1;2024;12;Robo/Hurto Automotor;;;;Alvarado Rudecindo y Hipolito Yrigoyen;;Asiste Policia y Libera;Mar del Plata;Buenos Aires;Argentina;Alvarado Rudecindo y Hipolito Yrigoyen;-57.5583031,-38.0083321;ok
2768;1;2024;12;Robo/Hurto Automotor;;;;Lopez De Gomara Justo y General Jose Gervasio Artigas;;Asiste Policia y Libera;Mar del Plata;Buenos Aires;Argentina;Lopez De Gomara Justo y General Jose Gervasio Artigas;-57.5579752,-37.9656307;ok
2769;1;2024;12;Robo/Hurto Automotor;;;;Neuquen y Saavedra Cornelio;;Asiste Policia y Libera;Mar del Plata;Buenos Aires;Argentina;Neuquen y Saavedra Cornelio;-57.5803,-38.00391;ok
2770;1;2024;12;Robo/Hurto Automotor;;;;Laprida y Misiones;;Asiste Policia y Libera;Mar del Plata;Buenos Aires;Argentina;Laprida y Misiones;-57.58049,-38.00927;ok
2771;1;2024;12;Robo/Hurto Automotor;;;;Alvarado Rudecindo y Champagnat;;Asiste Policia y Libera;Mar del Plata;Buenos Aires;Argentina;Alvarado Rudecindo y Champagnat;-57.5912394,-37.9916845;ok
2772;1;2024;12;Robo/Hurto Automotor;;;;Avenida Pedro Luro y Ramon Carrillo;;LPR - Se realiza seguimiento del vehiculo;Mar del Plata;Buenos Aires;Argentina;Avenida Pedro Luro y Ramon Carrillo;-57.62665,-37.95795;ok
2773;1;2024;12;Robo/Hurto Automotor;;;;Avenida Pedro Luro y Rep. De Nicaragua;;Asiste Unidad Sanitaria y Traslada;Mar del Plata;Buenos Aires;Argentina;Avenida Pedro Luro y Rep. De Nicaragua;-57.62754,-37.95732;ok
2774;1;2024;12;Robo/Hurto Automotor;;;;La Rioja y Almafuerte;;Asiste Policia y Libera;Mar del Plata;Buenos Aires;Argentina;La Rioja y Almafuerte;-57.5657399,-38.0157935;ok
2775;1;2024;12;Robo/Hurto Automotor;;;;Dorrego y Bolivar;;No Asiste;Mar del Plata;Buenos Aires;Argentina;Dorrego y Bolivar;-57.56158,-37.99648;ok
2776;1;2024;12;Robo/Hurto Automotor;;;;Santa Fe y Alvarado Rudecindo;;No Asiste;Mar del Plata;Buenos Aires;Argentina;Santa Fe y Alvarado Rudecindo;-57.55331,-38.01083;ok
2777;1;2024;12;Robo/Hurto Automotor;;;;Fernando Bonnet y Jose Alonso;;Asiste Policia y Libera;Mar del Plata;Buenos Aires;Argentina;Fernando Bonnet y Jose Alonso;-57.5534,-38.08634;ok
2778;1;2024;12;Robo/Hurto Automotor;;;;Cordoba y Venticinco de 05;;Asiste Policia y Libera;Mar del Plata;Buenos Aires;Argentina;Cordoba y Venticinco de 05;-57.54529,-37.99774;ok
2779;1;2024;12;Robo/Hurto Automotor;;;;Avenida Pedro Luro y Portugal;;Asiste Policia y Libera;Mar del Plata;Buenos Aires;Argentina;Avenida Pedro Luro y Portugal;-57.6144867,-37.9640555;ok
2780;1;2024;12;Robo/Hurto Automotor;;;;Jujuy y San Martin;;Asiste Policia y Libera;Mar del Plata;Buenos Aires;Argentina;Jujuy y San Martin;-57.55505,-37.99534;ok
2781;1;2024;12;Robo/Hurto Automotor;;;;Avenida Fermin Errea y Avenida Pedro Luro;;Asiste Policia y Libera;Mar del Plata;Buenos Aires;Argentina;Avenida Fermin Errea y Avenida Pedro Luro;-57.6185972,-37.9619814;ok
2782;1;2024;12;Robo/Hurto Automotor;;;;Avenida Juan Hector Jara y Avellaneda Nicolas;;Asiste Policia y Libera;Mar del Plata;Buenos Aires;Argentina;Avenida Juan Hector Jara y Avellaneda Nicolas;-57.580092,-37.9984651;ok
2783;1;2024;12;Robo/Hurto Automotor;;;;Luis Dellepiane y Avenida Vertiz;;Asiste Policia y Libera;Mar del Plata;Buenos Aires;Argentina;Luis Dellepiane y Avenida Vertiz;-57.57665,-38.03051;ok
2784;1;2024;12;Robo/Hurto Automotor;;;;Garay Juan De y Sarmiento;;Asiste Policia y Libera;Mar del Plata;Buenos Aires;Argentina;Garay Juan De y Sarmiento;-57.54403,-38.01334;ok
2785;1;2024;12;Robo/Hurto Automotor;;;;Pesquero Narwal y Newbery J.;;Asiste Policia y Libera;Mar del Plata;Buenos Aires;Argentina;Pesquero Narwal y Newbery J.;-57.57351,-38.06585;ok
2786;1;2024;12;Robo/Hurto Automotor;;;;Avenida Colon y Republica Arabe Siria;;Asiste Policia y Libera;Mar del Plata;Buenos Aires;Argentina;Avenida Colon y Republica Arabe Siria;-57.6174333,-37.9694309;ok
2787;1;2024;12;Robo/Hurto Automotor;;;;Avenida Pedro Luro y Rep. De Nicaragua;;LPR - Se realiza seguimiento del vehiculo;Mar del Plata;Buenos Aires;Argentina;Avenida Pedro Luro y Rep. De Nicaragua;-57.62754,-37.95732;ok
2788;1;2024;12;Robo/Hurto Automotor;;;;Talcahuano y Solis;;LPR - Se realiza seguimiento del vehiculo;Mar del Plata;Buenos Aires;Argentina;Talcahuano y Solis;-57.566785,-38.0237087;ok
2789;1;2024;12;Robo/Hurto Automotor;;;;Buenos Aires y Formosa;;LPR - Se realiza seguimiento del vehiculo;Mar del Plata;Buenos Aires;Argentina;Buenos Aires y Formosa;-57.55607,-38.01951;ok
2790;1;2024;12;Robo/Hurto Automotor;;;;Dorrego y Tres de 02;;LPR - Se realiza seguimiento del vehiculo;Mar del Plata;Buenos Aires;Argentina;Dorrego y Tres de 02;-57.5564,-37.99003;ok
2791;1;2024;12;Robo/Hurto Automotor;;;;Benito Juarez y Marie Curie;;LPR - Se realiza seguimiento del vehiculo;Mar del Plata;Buenos Aires;Argentina;Benito Juarez y Marie Curie;-57.55032,-37.95266;ok
2792;1;2024;12;Robo/Hurto Automotor;;;;Rio Negro y Paula Albarracin;;LPR - Se realiza seguimiento del vehiculo;Mar del Plata;Buenos Aires;Argentina;Rio Negro y Paula Albarracin;-57.58201,-37.96238;ok
2793;1;2024;12;Robo/Hurto Automotor;;;;Saavedra Cornelio y Carlos Pellegrini;;Asiste Policia y Libera;Mar del Plata;Buenos Aires;Argentina;Saavedra Cornelio y Carlos Pellegrini;-57.53718,-38.0257;ok
2794;1;2024;12;Robo/Hurto Automotor;;;;Rawson y Juncal;;Se Realiza Seguimiento del Evento;Mar del Plata;Buenos Aires;Argentina;Rawson y Juncal;-57.58764,-37.99016;ok
2795;1;2024;12;Robo/Hurto Automotor;;;;Brasil y Beruti Antonio Luis;;Asiste Policia y Libera;Mar del Plata;Buenos Aires;Argentina;Brasil y Beruti Antonio Luis;-57.5984012,-37.9563329;ok
2796;1;2024;12;Robo/Hurto Automotor;;;;Rivadavia y Onesimo Leguizamon;;Se Realiza Seguimiento del Evento;Mar del Plata;Buenos Aires;Argentina;Rivadavia y Onesimo Leguizamon;-57.61183,-37.9677;ok
2797;1;2024;12;Robo/Hurto Automotor;;;;General Rafael De Riego y De La Plaza Fortunato;;Asiste Policia y Libera;Mar del Plata;Buenos Aires;Argentina;General Rafael De Riego y De La Plaza Fortunato;-57.58067,-38.03791;ok
2798;1;2024;12;Robo/Hurto Automotor;;;;Ituzaingo y Funes Gregorio;;Se Realiza Seguimiento del Evento;Mar del Plata;Buenos Aires;Argentina;Ituzaingo y Funes Gregorio;-57.55381,-37.98335;ok
2799;1;2024;12;Robo/Hurto Automotor;;;;Napoles y Monseñor Rau;;Asiste Policia y Libera;Mar del Plata;Buenos Aires;Argentina;Napoles y Monseñor Rau;-57.59469,-38.03133;ok
2800;1;2024;12;Robo/Hurto Automotor;;;;Rawson y Avenida Fermin Errea;;Asiste Policia y Libera;Mar del Plata;Buenos Aires;Argentina;Rawson y Avenida Fermin Errea;-57.625732,-37.9707033;ok
2801;1;2024;12;Robo/Hurto Automotor;;;;Talcahuano y Juan Gutenberg;;Hallazgo Automotor;Mar del Plata;Buenos Aires;Argentina;Talcahuano y Juan Gutenberg;-57.58817,-38.04142;ok
2802;1;2024;12;Robo/Hurto Automotor;;;;Leonardo Rosales y Francisco Saverio Scarpatti;;Asiste Policia y Libera;Mar del Plata;Buenos Aires;Argentina;Leonardo Rosales y Francisco Saverio Scarpatti;-57.61783,-38.00328;ok
2803;1;2024;12;Robo/Hurto Automotor;;;;Avenida Juan Jose Paso y Hipolito Yrigoyen;;No Asiste;Mar del Plata;Buenos Aires;Argentina;Avenida Juan Jose Paso y Hipolito Yrigoyen;-57.5660425,-38.0179323;ok
2804;1;2024;12;Robo/Hurto Automotor;;;;20 De Setiembre y Avenida Pedro Luro;;Asiste Policia y Libera;Mar del Plata;Buenos Aires;Argentina;20 De Setiembre y Avenida Pedro Luro;-57.55635,-37.99348;ok
2805;1;2024;12;Robo/Hurto Automotor;;;;Avenida Juan Jose Paso y Hipolito Yrigoyen;;Asiste Policia y Libera;Mar del Plata;Buenos Aires;Argentina;Avenida Juan Jose Paso y Hipolito Yrigoyen;-57.5660425,-38.0179323;ok
2806;1;2024;12;Robo/Hurto Automotor;;;;Arenales y Esteban Gascon;;Se Realiza Seguimiento del Evento;Mar del Plata;Buenos Aires;Argentina;Arenales y Esteban Gascon;-57.54513,-38.00944;ok
2807;1;2024;12;Robo/Hurto Automotor;;;;Neuquen y Ayacucho;;Asiste Policia y Libera;Mar del Plata;Buenos Aires;Argentina;Neuquen y Ayacucho;-57.56144,-37.98063;ok
2808;1;2024;12;Robo/Hurto Automotor;;;;De La Plaza Fortunato y Andres Mac Gaul;;Asiste Policia y Libera;Mar del Plata;Buenos Aires;Argentina;De La Plaza Fortunato y Andres Mac Gaul;-57.6114877,-38.0146696;ok
2809;1;2024;12;Robo/Hurto Automotor;;;;Avenida Pedro Luro y Teodoro Bronzini;;Asiste Policia y Libera;Mar del Plata;Buenos Aires;Argentina;Avenida Pedro Luro y Teodoro Bronzini;-57.5784691,-37.9822883;ok
2810;1;2024;12;Robo/Hurto Automotor;;;;Santa Fe y Larrea;;Asiste Policia y Libera;Mar del Plata;Buenos Aires;Argentina;Santa Fe y Larrea;-57.5623678,-38.0220783;ok
2811;1;2024;12;Robo/Hurto Automotor;;;;Chacabuco y Avenida Patricio Peralta Ramos;;Asiste Policia y Libera;Mar del Plata;Buenos Aires;Argentina;Chacabuco y Avenida Patricio Peralta Ramos;-57.54521,-37.98994;ok
2812;1;2024;12;Robo/Hurto Automotor;;;;Tres de Febrero y Santa Fe;;Asiste Policia y Libera;Mar del Plata;Buenos Aires;Argentina;Tres de Febrero y Santa Fe;-57.54226,-37.99718;ok
2813;1;2024;12;Robo/Hurto Automotor;;;;Rivadavia y España;;Asiste Policia y Libera;Mar del Plata;Buenos Aires;Argentina;Rivadavia y España;-57.5567,-37.99562;ok
2814;1;2024;12;Robo/Hurto Automotor;;;;Armenia y San Martin;;Asiste Policia y Libera;Mar del Plata;Buenos Aires;Argentina;Armenia y San Martin;-57.59625,-37.97448;ok
2815;1;2024;12;Robo/Hurto Automotor;;;;Beruti Antonio Luis y Victoriano E. Montes;;Asiste Policia y Libera;Mar del Plata;Buenos Aires;Argentina;Beruti Antonio Luis y Victoriano E. Montes;-57.57234,-37.96952;ok
2816;1;2024;12;Robo/Hurto Automotor;;;;Jujuy y Santa Cruz;;Asiste Policia y Libera;Mar del Plata;Buenos Aires;Argentina;Jujuy y Santa Cruz;-57.5446,-37.98243;ok
2817;1;2024;12;Robo/Hurto Automotor;;;;Roque Saenz Peña y Ricardo Guiraldes;;Asiste Policia y Libera;Mar del Plata;Buenos Aires;Argentina;Roque Saenz Peña y Ricardo Guiraldes;-57.58638,-38.04536;ok
2818;1;2024;12;Robo/Hurto Automotor;;;;Nueve de Julio y Arturo Alio;;Asiste Policia y Libera;Mar del Plata;Buenos Aires;Argentina;Nueve de Julio y Arturo Alio;-57.59312,-37.97255;ok
2819;1;2024;12;Robo/Hurto Automotor;;;;Jacinto Peralta Ramos y Irala;;Asiste Policia y Libera;Mar del Plata;Buenos Aires;Argentina;Jacinto Peralta Ramos y Irala;-57.5769674,-38.0237391;ok
2820;1;2024;12;Robo/Hurto Automotor;;;;Figueroa Alcorta y Leonardo Rosales;;No Asiste;Mar del Plata;Buenos Aires;Argentina;Figueroa Alcorta y Leonardo Rosales;-57.55457,-38.05099;ok
2821;1;2024;12;Robo/Hurto Automotor;;;;Once de Setiembre y Funes Gregorio;;Asiste Policia y Libera;Mar del Plata;Buenos Aires;Argentina;Once de Setiembre y Funes Gregorio;-57.55776,-37.98824;ok
2822;1;2024;12;Robo/Hurto Automotor;;;;Neuquen y Ayacucho;;Asiste Policia y Libera;Mar del Plata;Buenos Aires;Argentina;Neuquen y Ayacucho;-57.56144,-37.98063;ok
2823;1;2024;12;Robo/Hurto Automotor;;;;General Lavalle Juan y O'higgins;;Asiste Policia y Libera;Mar del Plata;Buenos Aires;Argentina;General Lavalle Juan y O'higgins;-57.54831,-38.03251;ok
2824;1;2024;12;Robo/Hurto Automotor;;;;Calabria y Pedro Ignacio De Castro Barros;;Asiste Policia y Libera;Mar del Plata;Buenos Aires;Argentina;Calabria y Pedro Ignacio De Castro Barros;-57.54813,-38.07032;ok
2825;1;2024;12;Robo/Hurto Automotor;;;;Chaco y Esteban Gascon;;Asiste Policia y Libera;Mar del Plata;Buenos Aires;Argentina;Chaco y Esteban Gascon;-57.57026,-37.99674;ok
2826;1;2024;12;Robo/Hurto Automotor;;;;Termas De Rio Hondo y Tres de 02;;Asiste Policia y Libera;Mar del Plata;Buenos Aires;Argentina;Termas De Rio Hondo y Tres de 02;-57.594709,-37.9708576;ok
2827;1;2024;12;Robo/Hurto Automotor;;;;Avenida Colon y Arturo Alio;;Asiste Policia y Libera;Mar del Plata;Buenos Aires;Argentina;Avenida Colon y Arturo Alio;-57.5983446,-37.9789883;ok
2828;1;2024;12;Robo/Hurto Automotor;;;;Rivadavia y Primero de Mayo;;LPR - Se realiza seguimiento del vehiculo;Mar del Plata;Buenos Aires;Argentina;Rivadavia y Primero de Mayo;-57.57281,-37.98748;ok
2829;1;2024;12;Robo/Hurto Automotor;;;;La Primavera y Jose Antonio Alvarez Condarco;;Asiste Policia y Libera;Mar del Plata;Buenos Aires;Argentina;La Primavera y Jose Antonio Alvarez Condarco;-57.55155,-37.93719;ok
2830;1;2024;12;Robo/Hurto Automotor;;;;Manuel Quintana y Mariano Acosta Gobernador;;LPR - Se realiza seguimiento del vehiculo;Mar del Plata;Buenos Aires;Argentina;Manuel Quintana y Mariano Acosta Gobernador;-57.597,-37.99655;ok
2831;1;2024;12;Robo/Hurto Automotor;;;;Formosa y Avenida Independencia;;Asiste Policia y Libera;Mar del Plata;Buenos Aires;Argentina;Formosa y Avenida Independencia;-57.56713,-38.01393;ok
2832;1;2024;12;Robo/Hurto Automotor;;;;Galeana Antonio y Estanislao S. Zeballos;;Asiste Policia y Libera;Mar del Plata;Buenos Aires;Argentina;Galeana Antonio y Estanislao S. Zeballos;-57.54842,-37.94492;ok
2833;1;2024;12;Robo/Hurto Automotor;;;;Casildo Villar y Hipolito Bouchard;;Asiste Policia y Libera;Mar del Plata;Buenos Aires;Argentina;Casildo Villar y Hipolito Bouchard;-57.58365,-38.0278;ok
2834;1;2024;12;Robo/Hurto Automotor;;;;Olegario V Andrade y Rio Negro;;Asiste Policia y Libera;Mar del Plata;Buenos Aires;Argentina;Olegario V Andrade y Rio Negro;-57.5690845,-37.9689618;ok
2835;1;2024;12;Robo/Hurto Automotor;;;;Gaboto y Pehuajo;;Asiste Policia y Libera;Mar del Plata;Buenos Aires;Argentina;Gaboto y Pehuajo;-57.58154,-38.01385;ok
2836;1;2024;12;Robo/Hurto Automotor;;;;Juana Manso y Ortiz De Zarate;;Asiste Policia y Libera;Mar del Plata;Buenos Aires;Argentina;Juana Manso y Ortiz De Zarate;-57.57594,-38.02584;ok
2837;1;2024;12;Robo/Hurto Automotor;;;;Juncal y Primera Junta;;Asiste Policia y Libera;Mar del Plata;Buenos Aires;Argentina;Juncal y Primera Junta;-57.59273,-37.99648;ok
2838;1;2024;12;Robo/Hurto Automotor;;;;Avenida Juan B. Justo y Avenida Juan Hector Jara;;Hallazgo Automotor;Mar del Plata;Buenos Aires;Argentina;Avenida Juan B. Justo y Avenida Juan Hector Jara;-57.5871401,-38.0068752;ok
2839;1;2024;12;Robo/Hurto Automotor;;;;Matheu Domingo y Hipolito Yrigoyen;;Asiste Policia y Libera;Mar del Plata;Buenos Aires;Argentina;Matheu Domingo y Hipolito Yrigoyen;-57.5634,-38.01468;ok
2840;1;2024;12;Robo/Hurto Automotor;;;;Avenida Libertad y Juncal;;Asiste Policia y Libera;Mar del Plata;Buenos Aires;Argentina;Avenida Libertad y Juncal;-57.57651,-37.97642;ok
2841;1;2024;12;Robo/Hurto Automotor;;;;Guido Tomas y Ayacucho;;Asiste Policia y Libera;Mar del Plata;Buenos Aires;Argentina;Guido Tomas y Ayacucho;-57.55345,-37.98464;ok
2842;1;2024;12;Robo/Hurto Automotor;;;;General Mosconi y La Cigueña;;Asiste Policia y Libera;Mar del Plata;Buenos Aires;Argentina;General Mosconi y La Cigueña;-57.56993,-38.06999;ok
2843;1;2024;12;Robo/Hurto Automotor;;;;Avenida Vertiz y Andres Mac Gaul;;Se Realiza Seguimiento del Evento;Mar del Plata;Buenos Aires;Argentina;Avenida Vertiz y Andres Mac Gaul;-57.60485,-38.00919;ok
2844;1;2024;12;Robo/Hurto Automotor;;;;Avenida Vertiz y Antonio A. Vignolo;;Asiste Policia y Libera;Mar del Plata;Buenos Aires;Argentina;Avenida Vertiz y Antonio A. Vignolo;-57.60571,-38.00853;ok
2845;1;2024;12;Robo/Hurto Automotor;;;;Avenida Fermin Errea y San Martin;;Asiste Policia y Libera;Mar del Plata;Buenos Aires;Argentina;Avenida Fermin Errea y San Martin;-57.61922,-37.96283;ok
2846;1;2024;12;Robo/Hurto Automotor;;;;Acha y Avenida Vertiz;;Asiste Policia y Libera;Mar del Plata;Buenos Aires;Argentina;Acha y Avenida Vertiz;-57.55383,-38.04767;ok
2847;1;2024;12;Robo/Hurto Automotor;;;;Uruguay y Almafuerte;;Asiste Policia y Libera;Mar del Plata;Buenos Aires;Argentina;Uruguay y Almafuerte;-57.58898,-38.00399;ok
2848;1;2024;12;Robo/Hurto Automotor;;;;Jujuy y Moreno;;Asiste Prefectura;Mar del Plata;Buenos Aires;Argentina;Jujuy y Moreno;-57.55699,-37.99771;ok
2849;1;2024;12;Robo/Hurto Automotor;;;;Ayolas y Juana Manso;;Asiste Policia y Libera;Mar del Plata;Buenos Aires;Argentina;Ayolas y Juana Manso;-57.5743,-38.02449;ok
2850;1;2024;12;Robo/Hurto Automotor;;;;Ruta 11 y Kraglievich Lucas;;Detencion;Mar del Plata;Buenos Aires;Argentina;Ruta 11 y Kraglievich Lucas;-57.5315803,-37.932353;ok
2851;1;2024;12;Robo/Hurto Automotor;;;;Diagonal Santa Cecilia y Benito Linch;;LPR - Vehiculo Interceptado;Mar del Plata;Buenos Aires;Argentina;Diagonal Santa Cecilia y Benito Linch;-57.58336,-38.05023;ok
