,Latitud,Longitud,Direccion,N CAMARA,Domos,Fijas,LPR,Cant. Cam. LPR,Total Camaras,Ciudad,Barrios,Pais,Provincia,Tipo de Arteria,Corredor,C. ESCOLARES,C. SEGUIMIENTO
,"-57,59452","-38,11891","RP11 y Calle 491, Mar del Plata, Provincia de Buenos Aires, Argentina",206,1,2,,0,3,Mar del Plata,Los Acantilados,Argentina,Buenos Aires,Ruta,,,
,"-57,6062347","-37,997846","Fernandez 400, Mar del Plata, Provincia de Buenos Aires, Argentina",1,1,0,,0,1,Mar del Plata,Las Americas,Argentina,Buenos Aires,Calle,,CORREDOR 5,
,"-57,5692219","-38,02573","12 de Octubre y Talcahuano,  Mar del Plata, Provincia de Buenos Aires, Argentina",2,1,1,,0,2,Mar del Plata,Las Avenidas,Argentina,Buenos Aires,Calle,,,
,"-57,5610421","-37,988798","San Juan y 9 de Julio,  Mar del Plata, Provincia de Buenos Aires, Argentina",3,1,0,,0,1,Mar del Plata,Nueva Pompeya,Argentina,Buenos Aires,Calle,,,
,"-37,98666","-57,59202","Alberti y Bordabehere,  Mar del Plata, Provincia de Buenos Aires, Argentina",4,1,0,,0,1,Mar del Plata,Las Lilas,Argentina,Buenos Aires,Calle,,CORREDOR 15,
,"-57,5370839","-38,029104","Leandro N. Alem y Formosa,  Mar del Plata, Provincia de Buenos Aires, Argentina",6,1,0,,0,1,Mar del Plata,Playa Grande,Argentina,Buenos Aires,Calle,2,,
,"-57,5714747","-38,001732","San Juan y Alvarado, Mar del Plata, Provincia de Buenos Aires, Argentina",8,1,0,,0,1,Mar del Plata,San Juan,Argentina,Buenos Aires,Calle,,CORREDOR 13,
,"-57,5533191","-38,010838","Alvarado y Santa Fe, Mar del Plata, Provincia de Buenos Aires, Argentina",9,1,0,,0,1,Mar del Plata,Plaza Mitre,Argentina,Buenos Aires,Calle,,,
,"-57,5955129","-37,98953","Alvarado y Tres Arroyos, Mar del Plata, Provincia de Buenos Aires, Argentina",10,1,0,,0,1,Mar del Plata,Las Lilas,Argentina,Buenos Aires,Calle,,CORREDOR 25,
,"-57,5573939","-37,992958","Avenida Pedro Luro y 14 de Julio, Mar del Plata, Provincia de Buenos Aires, Argentina",11,1,0,,0,1,Mar del Plata,Don Bosco,Argentina,Buenos Aires,Avenida,,,
,"-57,5878912","-37,966106","Avenida Doctor Arturo Alio e Ituzaingo, Mar del Plata, Provincia de Buenos Aires, Argentina",13,1,0,,0,1,Mar del Plata,Nueve de Julio,Argentina,Buenos Aires,Avenida,,,
,"-57,5853132","-37,962936","Avenida Doctor Arturo Alio y Berutti, Mar del Plata, Provincia de Buenos Aires, Argentina",14,1,0,,0,1,Mar del Plata,Malvinas Argentinas,Argentina,Buenos Aires,Avenida,,,
,"-57,5853132","-37,962936","Avenida Doctor Arturo Alio y Berutti, Mar del Plata, Provincia de Buenos Aires, Argentina",14,0,0,LPR 1 (OESTE),1,1,Mar del Plata,Malvinas Argentinas,Argentina,Buenos Aires,Avenida,,,729D-732D-686D-599D-310D
,"-57,5853132","-37,962936","Avenida Doctor Arturo Alio y Berutti, Mar del Plata, Provincia de Buenos Aires, Argentina",14,0,0,LPR 2 (SUR),1,1,Mar del Plata,Malvinas Argentinas,Argentina,Buenos Aires,Avenida,,,14D-13D-327D-327F1-527D-54D
,"-57,6035806","-37,985445","Avenida Doctor ArturoAlio y Alvarado, Mar del Plata, Provincia de Buenos Aires, Argentina",16,1,0,,0,1,Mar del Plata,Belisario Roldan,Argentina,Buenos Aires,Avenida,,,
,"-57,6220938","-38,002644","Avenida Carlos Gardel y Soler, Mar del Plata, Provincia de Buenos Aires, Argentina",17,1,0,,0,1,Mar del Plata,Don Emilio,Argentina,Buenos Aires,Avenida,,,
,"-57,5663126","-37,995328","Avenida Colon y San Juan, Mar del Plata, Provincia de Buenos Aires, Argentina",21,1,0,,0,1,Mar del Plata,Don Bosco,Argentina,Buenos Aires,Avenida,,,
,"-57,5984115","-37,979096","Avenida Colon y  Avenida Doctor Arturo Alio, Mar del Plata, Provincia de Buenos Aires, Argentina",22,0,0,LPR 1 (OESTE),1,1,Mar del Plata,Coronel Dorrego,Argentina,Buenos Aires,Avenida,,CORREDOR-A,22D-413D-413F1-024D-741D-414F1-335F1
,"-57,5984115","-37,979096","Avenida Colon y  Avenida Doctor Arturo Alio, Mar del Plata, Provincia de Buenos Aires, Argentina",22,0,0,LPR 2 (NORTE),1,1,Mar del Plata,Coronel Dorrego,Argentina,Buenos Aires,Avenida,,CORREDOR-A,22D-528D-54D-527D-327D-327F1-13D
,"-57,5984115","-37,979096","Avenida Colon y  Avenida Doctor Arturo Alio, Mar del Plata, Provincia de Buenos Aires, Argentina",22,1,0,,0,1,Mar del Plata,Coronel Dorrego,Argentina,Buenos Aires,Avenida,,CORREDOR-A,22D-129D-231F1-231F2-016D-475F2-475D
,"-57,5743265","-37,991243","Avenida Colon y  Avenida Juan Hector Jara, Mar del Plata, Provincia de Buenos Aires, Argentina",23,1,0,,0,1,Mar del Plata,Don Bosco,Argentina,Buenos Aires,Avenida,,,
,"-57,6034481","-37,97646","Avenida Colon y  Jose Maria Calaza, Mar del Plata, Provincia de Buenos Aires, Argentina",24,1,0,,0,1,Mar del Plata,Coronel Dorrego,Argentina,Buenos Aires,Calle,,,
,"-57,6030559","-37,990158","Remedios de Escalada yRodriguez Peña, Mar del Plata, Provincia de Buenos Aires, Argentina",25,1,0,,0,1,Mar del Plata,Regional,Argentina,Buenos Aires,Calle,,,
,"-57,5811967","-37,952034","Constitucion y Ruta 2, Mar del Plata, Provincia de Buenos Aires, Argentina",27,1,5,,0,6,Mar del Plata,La Florida,Argentina,Buenos Aires,Ruta,1,,
,"-57,5695867","-37,957402","Avenida Constitucion y Montes Carballo, Mar del Plata, Provincia de Buenos Aires, Argentina",28,1,0,,0,1,Mar del Plata,Caisamar,Argentina,Buenos Aires,Avenida,,,
,"-57,543546","-37,97015","Constitucion y la Costa, Mar del Plata, Provincia de Buenos Aires, Argentina",29,0,0,LPR,1,1,Mar del Plata,Constitucion,Argentina,Buenos Aires,Avenida,1,,29D-503F1-604D-504D-30D-449D-133D
,"-57,543546","-37,97015","Constitucion y la Costa, Mar del Plata, Provincia de Buenos Aires, Argentina",29,1,0,,0,1,Mar del Plata,Constitucion,Argentina,Buenos Aires,Avenida,1,,
,"-57,543546","-37,97015","Constitucion y la Costa, Mar del Plata, Provincia de Buenos Aires, Argentina",29,0,2,,0,2,Mar del Plata,Constitucion,Argentina,Buenos Aires,Avenida,1,,
,"-57,5534873","-37,965546","Constitucion Y Tejedor, Mar del Plata, Provincia de Buenos Aires, Argentina",30,1,1,,0,2,Mar del Plata,Constitucion,Argentina,Buenos Aires,Avenida,,,
,"-57,58443","-38,02322","San Salvador y Avenida Lisandro de la Torre, Mar del Plata, Provincia de Buenos Aires, Argentina",31,1,0,,0,1,Mar del Plata,Peralta Ramos Oeste,Argentina,Buenos Aires,Avenida,,,
,"-57,5482786","-38,041544","Avenida Edison y 12 de Octubre, Mar del Plata, Provincia de Buenos Aires, Argentina",33,1,1,,0,2,Mar del Plata,Villa Lourdes,Argentina,Buenos Aires,Avenida,1,CORREDOR 21,
,"-57,5823727","-38,036624","Avenida Fortunato de la Plaza y Talcahuano, Mar del Plata, Provincia de Buenos Aires, Argentina",35,1,0,,0,1,Mar del Plata,El Progreso,Argentina,Buenos Aires,Avenida,,,
,"-57,5467061","-38,063469","Avenida de los Trabajadores y Avenida Fortunato de la Plaza, Mar del Plata, Provincia de Buenos Aires, Argentina",39,1,0,,0,1,Mar del Plata,Punta Mogotes,Argentina,Buenos Aires,Avenida,,,
,"-57,5450508","-37,98667","Avenida Independencia y Necochea, Mar del Plata, Provincia de Buenos Aires, Argentina",41,1,0,,0,1,Mar del Plata,La Perla,Argentina,Buenos Aires,Avenida,,,
,"-57,5500985","-38,034791","Avenida Juan B. Justo 800, Mar del Plata, Provincia de Buenos Aires, Argentina",43,1,0,,0,1,Mar del Plata,San Carlos,Argentina,Buenos Aires,Avenida,,CORREDOR 3,
,"-57,5923995","-38,002978","Avenida Juan B. Justo y Reforma Universitaria, Mar del Plata, Provincia de Buenos Aires, Argentina",44,1,0,,0,1,Mar del Plata,Bosque Alegre,Argentina,Buenos Aires,Avenida,,,
,"-57,5767165","-38,014813","Avenida Juan B. Justo y Americo Raul Canosa, Mar del Plata, Provincia de Buenos Aires, Argentina",45,1,0,,0,1,Mar del Plata,Peralta Ramos Oeste,Argentina,Buenos Aires,Avenida,,,
,"-57,5739063","-38,016949","Avenida Juan B. Justo y Espana, Mar del Plata, Provincia de Buenos Aires, Argentina",46,1,0,,0,1,Mar del Plata,Peralta Ramos Oeste,Argentina,Buenos Aires,Avenida,,,
,"-57,6028352","-37,995097","Avenida Juan B. Justo y Fernandez J. N. , Mar del Plata, Provincia de Buenos Aires, Argentina",47,1,0,,0,1,Mar del Plata,Las Americas,Argentina,Buenos Aires,Avenida,,CORREDOR 5,
,"-57,603612","-37,962734","Avenida Libertad y Brasil, Mar del Plata, Provincia de Buenos Aires, Argentina",48,1,0,,0,1,Mar del Plata,Libertad,Argentina,Buenos Aires,Avenida,,,
,"-57,5665035","-37,981458","Avenida Libertad y Avenida Juan Hector Jara, Mar del Plata, Provincia de Buenos Aires, Argentina",49,1,3,,0,4,Mar del Plata,Nueve de Julio,Argentina,Buenos Aires,Avenida,,,
,"-57,5623817","-37,990442","Avenida Pedro Luro y San Juan, Mar del Plata, Provincia de Buenos Aires, Argentina",50,1,1,,0,2,Mar del Plata,Estacion Norte,Argentina,Buenos Aires,Avenida,,,
,"-57,5685616","-37,980484","Avenida Libertad y Marconi, Mar del Plata, Provincia de Buenos Aires, Argentina",51,1,0,,0,1,Mar del Plata,Sarmiento,Argentina,Buenos Aires,Avenida,,,
,"-57,5943871","-37,974118","Avenida Pedro Luro y Avenida Doctor ArturoAlio, Mar del Plata, Provincia de Buenos Aires, Argentina",54,1,0,,0,1,Mar del Plata,Nueve de Julio,Argentina,Buenos Aires,Avenida,,CORREDOR-A,
,"-57,5784575","-37,98228","Avenida Pedro Luro y Teodoro Bronzini, Mar del Plata, Provincia de Buenos Aires, Argentina",55,1,0,,0,1,Mar del Plata,Sarmiento,Argentina,Buenos Aires,Avenida,,,
,"-57,5512087","-37,996078","Avenida Pedro Luro y Catamarca, Mar del Plata, Provincia de Buenos Aires, Argentina",56,1,1,,0,2,Mar del Plata,Centro,Argentina,Buenos Aires,Avenida,,,
,"-57,5491867","-37,997093","Avenida Pedro Luro y Hipolito Yrigoyen, Mar del Plata, Provincia de Buenos Aires, Argentina",57,1,2,,0,3,Mar del Plata,Centro,Argentina,Buenos Aires,Avenida,,,
,"-57,5663445","-37,988436","Avenida Pedro Luro y Italia, Mar del Plata, Provincia de Buenos Aires, Argentina",58,1,0,,0,1,Mar del Plata,Don Bosco,Argentina,Buenos Aires,Avenida,,,
,"-57,5533841","-37,994994","Avenida Pedro Luro y Salta, Mar del Plata, Provincia de Buenos Aires, Argentina",59,1,0,,0,1,Mar del Plata,Centro,Argentina,Buenos Aires,Avenida,,,
,"-57,5863716","-37,978182","Avenida Pedro Luro y Tres Arroyos, Mar del Plata, Provincia de Buenos Aires, Argentina",60,1,0,,0,1,Mar del Plata,Nueve de Julio,Argentina,Buenos Aires,Avenida,,,
,"-57,5440553","-38,044661","Avenida de los Trabajadores y 12 de Octubre, Mar del Plata, Provincia de Buenos Aires, Argentina",61,1,0,,0,1,Mar del Plata,Puerto,Argentina,Buenos Aires,Avenida,,,
,"-57,5947315","-38,042963","Avenida Mario Bravo y AvenidaAntartida Argentina, Mar del Plata, Provincia de Buenos Aires, Argentina",62,0,0,LPR 1 (SUR),1,1,Mar del Plata,Florencio Sanchez,Argentina,Buenos Aires,Avenida,,,62D-392D-392F1-674D-649D-649F1
,"-57,5947315","-38,042963","Avenida Mario Bravo y AvenidaAntartida Argentina, Mar del Plata, Provincia de Buenos Aires, Argentina",62,0,0,LPR 2 (NORTE),1,1,Mar del Plata,Florencio Sanchez,Argentina,Buenos Aires,Avenida,,,62D-295D-296D-79D-79F1-391D-391F1
,"-57,5947315","-38,042963","Avenida Mario Bravo y AvenidaAntartida Argentina, Mar del Plata, Provincia de Buenos Aires, Argentina",62,1,0,,0,1,Mar del Plata,Florencio Sanchez,Argentina,Buenos Aires,Avenida,,,
,"-57,5815795","-38,052827","Avenida Mario Bravo y Cerrito, Mar del Plata, Provincia de Buenos Aires, Argentina",63,1,0,,0,1,Mar del Plata,Cerrito Sur,Argentina,Buenos Aires,Avenida,,,
,"-57,5690794","-38,016362","Avenida Independencia y Avenida Juan Jose Paso, Mar del Plata, Provincia de Buenos Aires, Argentina",67,1,1,,0,2,Mar del Plata,San Jose,Argentina,Buenos Aires,Avenida,,,
,"-57,575201","-38,013278","Avenida Juan Jose Paso y Dorrego, Mar del Plata, Provincia de Buenos Aires, Argentina",68,1,0,,0,1,Mar del Plata,San Jose,Argentina,Buenos Aires,Avenida,,,
,"-57,5500601","-38,025982","Avenida Juan Jose Paso y Martin Miguel de Guemes, Mar del Plata, Provincia de Buenos Aires, Argentina",69,1,0,,0,1,Mar del Plata,San Carlos,Argentina,Buenos Aires,Avenida,,,
,"-57,554059","-38,023976","Avenida Juan Jose Paso y Las Heras, Mar del Plata, Provincia de Buenos Aires, Argentina",70,1,0,,0,1,Mar del Plata,San Carlos,Argentina,Buenos Aires,Avenida,,,
,"-57,602293","-38,011125","Avenida Vertiz y Reforma Universitaria, Mar del Plata, Provincia de Buenos Aires, Argentina",74,0,0,LPR 1 (OESTE),1,1,Mar del Plata,San Antono,Argentina,Buenos Aires,Avenida,,,74D-633D-77D
,"-57,602293","-38,011125","Avenida Vertiz y Reforma Universitaria, Mar del Plata, Provincia de Buenos Aires, Argentina",74,0,0,LPR 2 (NORTE),1,1,Mar del Plata,San Antono,Argentina,Buenos Aires,Avenida,,,74D-467D-467F2-467F1-044D
,"-57,602293","-38,011125","Avenida Vertiz y Reforma Universitaria, Mar del Plata, Provincia de Buenos Aires, Argentina",74,1,0,,0,1,Mar del Plata,San Antono,Argentina,Buenos Aires,Avenida,,,
,"-57,554795","-38,04697","Avenida Edison y Avenida Vertiz, Mar del Plata, Provincia de Buenos Aires, Argentina",75,1,0,,0,1,Mar del Plata,Villa Lourdes,Argentina,Buenos Aires,Avenida,,,
,"-57,5651377","-38,039175","Avenida Vertiz y Cerrito, Mar del Plata, Provincia de Buenos Aires, Argentina",76,1,2,,0,3,Mar del Plata,Cerrito San Salvador,Argentina,Buenos Aires,Avenida,,,
,"-57,6084355","-38,006507","Avenida Vertiz y Ruta Provincial 88, Mar del Plata, Provincia de Buenos Aires, Argentina",77,1,0,,0,1,Mar del Plata,Don Emilio,Argentina,Buenos Aires,Ruta,,,
,"-57,5757751","-38,031178","Avenida Vertiz y Talcahuano, Mar del Plata, Provincia de Buenos Aires, Argentina",78,1,0,,0,1,Mar del Plata,El Progreso,Argentina,Buenos Aires,Avenida,,,
,"-57,5876566","-38,032577","Avenida Jacinto Peralta Ramos y Avenida Fortunato de la Plaza, Mar del Plata, Provincia de Buenos Aires, Argentina",79,0,0,LPR 1 (OESTE),1,1,Mar del Plata,El Progreso,Argentina,Buenos Aires,Avenida,,,79D-213D-213F1-213F2-324D-324F1-401D
,"-57,5876566","-38,032577","Avenida Jacinto Peralta Ramos y Avenida Fortunato de la Plaza, Mar del Plata, Provincia de Buenos Aires, Argentina",79,0,0,LPR 2 (SUR),1,1,Mar del Plata,El Progreso,Argentina,Buenos Aires,Avenida,,,79D-296D-296F2-295D-295F1-62D
,"-57,5876566","-38,032577","Avenida Jacinto Peralta Ramos y Avenida Fortunato de la Plaza, Mar del Plata, Provincia de Buenos Aires, Argentina",79,1,0,,0,1,Mar del Plata,El Progreso,Argentina,Buenos Aires,Avenida,,,
,"-57,5876566","-38,032577","Avenida Jacinto Peralta Ramos y Avenida Fortunato de la Plaza, Mar del Plata, Provincia de Buenos Aires, Argentina",79,0,2,,0,2,Mar del Plata,El Progreso,Argentina,Buenos Aires,Avenida,,,
,"-57,5431804","-38,003574","Buenos Aires 1900, Mar del Plata, Provincia de Buenos Aires, Argentina",80,1,2,,0,3,Mar del Plata,Centro,Argentina,Buenos Aires,Calle,,,
,"-57,571921","-37,974176","Teodoro Bronzini y Ituzaingo, Mar del Plata, Provincia de Buenos Aires, Argentina",81,1,0,,0,1,Mar del Plata,Villa Primera,Argentina,Buenos Aires,Calle,,,
,"-57,583558","-37,995586","Chile y Alvarado, Mar del Plata, Provincia de Buenos Aires, Argentina",84,1,0,,0,1,Mar del Plata,Bernardino Rivadavia,Argentina,Buenos Aires,Calle,,,
,"-57,5470348","-37,997893","Diagonal Alberdi Sur y San Luis, Mar del Plata, Provincia de Buenos Aires, Argentina",85,1,0,,0,1,Mar del Plata,Centro,Argentina,Buenos Aires,Calle,,,
,"-57,5700073","-38,006882","Dorrego yRodriguez Peña, Mar del Plata, Provincia de Buenos Aires, Argentina",88,1,0,,0,1,Mar del Plata,San Jose,Argentina,Buenos Aires,Calle,,,
,"-57,5713761","-38,005071","Dean Funes y General Roca, Mar del Plata, Provincia de Buenos Aires, Argentina",90,1,0,,0,1,Mar del Plata,Pinos de Anchorena,Argentina,Buenos Aires,Calle,,CORREDOR 13,
,"-57,5928098","-38,034049","Genova yGonzalez Chavez, Mar del Plata, Provincia de Buenos Aires, Argentina",91,1,0,,0,1,Mar del Plata,El Martillo,Argentina,Buenos Aires,Calle,,,
,"-57,5617655","-38,039121","Guanahani y Jose Hernandez, Mar del Plata, Provincia de Buenos Aires, Argentina",92,1,0,,0,1,Mar del Plata,Villa Lourdes,Argentina,Buenos Aires,Calle,,,
,"-57,5416617","-38,01564","Martin Miguel de Guemes y Castelli, Mar del Plata, Provincia de Buenos Aires, Argentina",93,1,0,,0,1,Mar del Plata,Lomas de Stella Maris,Argentina,Buenos Aires,Calle,1,,
,"-57,6172119","-38,020791","Heguilor y William Morris, Mar del Plata, Provincia de Buenos Aires, Argentina",94,1,0,,0,1,Mar del Plata,Las Heras,Argentina,Buenos Aires,Calle,,CORREDOR 4,
,"-57,5805489","-38,006021","Italia y Matheu, Mar del Plata, Provincia de Buenos Aires, Argentina",95,1,0,,0,1,Mar del Plata,Bernardino Rivadavia,Argentina,Buenos Aires,Calle,,,
,"-57,5600526","-38,040418","Juramento y Guanahani, Mar del Plata, Provincia de Buenos Aires, Argentina",96,1,0,,0,1,Mar del Plata,Villa Lourdes,Argentina,Buenos Aires,Calle,,CORREDOR 1,
,"-57,558436","-37,98557","Avenida Libertad y San Juan, Mar del Plata, Provincia de Buenos Aires, Argentina",102,1,0,,0,1,Mar del Plata,Villa Primera,Argentina,Buenos Aires,Avenida,,,
,"-57,5441499","-38,006448","Avenida Colon y  Tucuman, Mar del Plata, Provincia de Buenos Aires, Argentina",103,1,0,,0,1,Mar del Plata,Macrocentro,Argentina,Buenos Aires,Avenida,,,
,"-57,5689131","-37,998553","San Juan y Alberti, Mar del Plata, Provincia de Buenos Aires, Argentina",104,1,0,,0,1,Mar del Plata,San Juan,Argentina,Buenos Aires,Calle,,CORREDOR 10,
,"-57,5519957","-37,977611","Patagones y Rio Negro, Mar del Plata, Provincia de Buenos Aires, Argentina",105,1,0,,0,1,Mar del Plata,Parque Luro,Argentina,Buenos Aires,Calle,,,
,"-57,5916338","-37,98814","Bahia Blanca y Rawson, Mar del Plata, Provincia de Buenos Aires, Argentina",106,1,0,,0,1,Mar del Plata,Las Lilas,Argentina,Buenos Aires,Calle,,CORREDOR 15,
,"-57,599021","-37,960492","Pigue y Ituzaingo, Mar del Plata, Provincia de Buenos Aires, Argentina",107,1,0,,0,1,Mar del Plata,Libertad,Argentina,Buenos Aires,Calle,,CORREDOR 20,
,"-57,5423229","-38,005856","Avenida Patricio Peralta Ramos y Arenales, Mar del Plata, Provincia de Buenos Aires, Argentina",108,0,0,LPR 1 (NORTE),1,1,Mar del Plata,Centro,Argentina,Buenos Aires,Avenida,,,108D-80D-705D-438D-583D-443D-804D
,"-57,5423229","-38,005856","Avenida Patricio Peralta Ramos y Arenales, Mar del Plata, Provincia de Buenos Aires, Argentina",108,0,0,LPR 2 (ESTE),1,1,Mar del Plata,Centro,Argentina,Buenos Aires,Avenida,,,108D-80D-80F1-80F2-522D-520D-520F2
,"-57,5423229","-38,005856","Avenida Patricio Peralta Ramos y Arenales, Mar del Plata, Provincia de Buenos Aires, Argentina",108,1,0,,0,1,Mar del Plata,Centro,Argentina,Buenos Aires,Avenida,,,
,"-57,5534508","-38,03764","12 de Octubre 4099, Mar del Plata, Provincia de Buenos Aires, Argentina",109,1,0,,0,1,Mar del Plata,Villa Lourdes,Argentina,Buenos Aires,Calle,,CORREDOR 3,
,"-57,5529726","-38,003361","Plaza Mitre, Brown y Mitre, Mar del Plata, Provincia de Buenos Aires, Argentina",110,1,0,,0,1,Mar del Plata,Plaza Mitre,Argentina,Buenos Aires,Calle,,,
,"-57,5455517","-38,00127","Rivadavia y Santa Fe, Mar del Plata, Provincia de Buenos Aires, Argentina",111,1,3,,0,4,Mar del Plata,Centro,Argentina,Buenos Aires,Calle,1,,
,"-57,533249","-38,024363","General Roca y Leandro N. Alem, Mar del Plata, Provincia de Buenos Aires, Argentina",112,1,0,,0,1,Mar del Plata,Playa Grande,Argentina,Buenos Aires,Calle,2,,
,"-57,5572385","-38,012245","General Roca y Cordoba, Mar del Plata, Provincia de Buenos Aires, Argentina",113,1,0,,0,1,Mar del Plata,General Roca,Argentina,Buenos Aires,Calle,,,
,"-57,5901096","-37,996706","Rodriguez Pena y Teodoro Bronzini, Mar del Plata, Provincia de Buenos Aires, Argentina",114,1,0,,0,1,Mar del Plata,Bernardino Rivadavia,Argentina,Buenos Aires,Calle,,,
,"-57,6004918","-38,002141","Ruta Provincial 88 y 12 de Octubre, Mar del Plata, Provincia de Buenos Aires, Argentina",116,1,0,,0,1,Mar del Plata,El Gaucho,Argentina,Buenos Aires,Ruta,,,
,"-57,5643311","-37,992875","San Juan y Belgrano, Mar del Plata, Provincia de Buenos Aires, Argentina",117,1,0,,0,1,Mar del Plata,Don Bosco,Argentina,Buenos Aires,Calle,,,
,"-57,6095352","-37,985725","General Roca y Coronel Suarez, Mar del Plata, Provincia de Buenos Aires, Argentina",118,1,0,,0,1,Mar del Plata,Belisario Roldan,Argentina,Buenos Aires,Calle,,,
,"-57,5979268","-37,999305","Avenida Centenario, Mar del Plata, Provincia de Buenos Aires, Argentina",122,1,0,,0,1,Mar del Plata,El Gaucho,Argentina,Buenos Aires,Avenida,,,
,"-57,6081559","-37,991077","Avenida Juan B. Justo y Avenida Doctor ArturoAlio, Mar del Plata, Provincia de Buenos Aires, Argentina",123,1,0,,0,1,Mar del Plata,Belisario Roldan,Argentina,Buenos Aires,Avenida,,,
,"-57,5792254","-37,974816","Libertad y champagnat, Mar del Plata, Provincia de Buenos Aires, Argentina",125,1,0,,0,1,Mar del Plata,Nueve de Julio,Argentina,Buenos Aires,Ruta,,,
,"-57,5995298","-37,987503","Alvarado y Estado de Israel, Mar del Plata, Provincia de Buenos Aires, Argentina",127,1,0,,0,1,Mar del Plata,Las Lilas,Argentina,Buenos Aires,Calle,,CORREDOR 25,
,"-57,5980671","-37,992662","Rodriguez Pena y Tres Arroyos, Mar del Plata, Provincia de Buenos Aires, Argentina",128,1,0,,0,1,Mar del Plata,Regional,Argentina,Buenos Aires,Calle,,,
,"-57,6003789","-37,981485","Gascon y Avenida Doctor ArturoAlio, Mar del Plata, Provincia de Buenos Aires, Argentina",129,1,0,,0,1,Mar del Plata,Las Lilas,Argentina,Buenos Aires,Avenida,,,
,"-57,5801545","-37,956823","Monsenor Zabala 53, Mar del Plata, Provincia de Buenos Aires, Argentina",130,1,0,,0,1,Mar del Plata,Los Pinares,Argentina,Buenos Aires,Avenida,,,
,"-57,5846765","-37,962135","Avenida Doctor ArturoAlio 100, Mar del Plata, Provincia de Buenos Aires, Argentina",131,1,2,,0,3,Mar del Plata,Malvinas Argentinas,Argentina,Buenos Aires,Avenida,,,
,"-57,5776386","-37,953402","Avenida Constitucion y Avenida Della Paolera, Mar del Plata, Provincia de Buenos Aires, Argentina",132,1,0,,0,1,Mar del Plata,Caisamar,Argentina,Buenos Aires,Avenida,,,
,"-57,5596159","-37,962428","Avenida Constitucion y Ricardo Palma, Mar del Plata, Provincia de Buenos Aires, Argentina",133,1,0,,0,1,Mar del Plata,Caisamar,Argentina,Buenos Aires,Avenida,,,
,"-57,5736162","-37,955461","Avenida Constitucion y Juan Bautista de la Salle, Mar del Plata, Provincia de Buenos Aires, Argentina",134,1,0,,0,1,Mar del Plata,Caisamar,Argentina,Buenos Aires,Avenida,,,
,"-57,580792","-37,999187","Avenida Juan Hector Jara y San Lorenzo, Mar del Plata, Provincia de Buenos Aires, Argentina",135,1,0,,0,1,Mar del Plata,Bernardino Rivadavia,Argentina,Buenos Aires,Avenida,,,
,"-57,5773882","-37,989685","Avenida Colon y  Uruguay, Mar del Plata, Provincia de Buenos Aires, Argentina",136,1,0,,0,1,Mar del Plata,Don Bosco,Argentina,Buenos Aires,Avenida,,,
,"-57,574544","-37,977418","Avenida Libertad y Teodoro Bronzini, Mar del Plata, Provincia de Buenos Aires, Argentina",137,1,0,,0,1,Mar del Plata,Sarmiento,Argentina,Buenos Aires,Avenida,,,
,"-57,5693676","-37,971027","Berutti y Teodoro Bronzini, Mar del Plata, Provincia de Buenos Aires, Argentina",138,1,0,,0,1,Mar del Plata,Villa Primera,Argentina,Buenos Aires,Calle,,,
,"-57,5774929","-37,966805","Beruti 6654, Mar del Plata, Provincia de Buenos Aires, Argentina",139,1,0,,0,1,Mar del Plata,Villa Primera,Argentina,Buenos Aires,Ruta,,,
,"-57,588819","-37,972516","11 de Septiembre y Remedios de Escalada, Mar del Plata, Provincia de Buenos Aires, Argentina",140,1,0,,0,1,Mar del Plata,Nueve de Julio,Argentina,Buenos Aires,Calle,,,
,"-57,59718","-37,97030","9 de Julio y Coronel Suarez, Mar del Plata, Provincia de Buenos Aires, Argentina",141,1,0,,0,1,Mar del Plata,Coronel Dorrego,Argentina,Buenos Aires,Calle,,,
,"-57,5835018","-37,960517","Avenida Della Paolera y Falkner, Mar del Plata, Provincia de Buenos Aires, Argentina",142,1,0,,0,1,Mar del Plata,Los Pinares,Argentina,Buenos Aires,Avenida,,,
,"-57,5725102","-38,028462","Talcahuano y Ortiz deZarate, Mar del Plata, Provincia de Buenos Aires, Argentina",143,1,0,,0,1,Mar del Plata,Las Avenidas,Argentina,Buenos Aires,Calle,,,
,"-57,5800793","-38,012322","Avenida Juan B. Justo y San Juan, Mar del Plata, Provincia de Buenos Aires, Argentina",144,1,0,,0,1,Mar del Plata,Bernardino Rivadavia,Argentina,Buenos Aires,Avenida,,,
,"-57,5871294","-38,006956","Avenida Juan B. Justo y Avenida Juan Hector Jara, Mar del Plata, Provincia de Buenos Aires, Argentina",145,1,0,,0,1,Mar del Plata,Bernardino Rivadavia,Argentina,Buenos Aires,Avenida,,,
,"-57,5685457","-38,021045","Avenida Juan B. Justo y Bestoso, Mar del Plata, Provincia de Buenos Aires, Argentina",146,1,0,,0,1,Mar del Plata,Peralta Ramos Oeste,Argentina,Buenos Aires,Avenida,,,
,"-57,5658417","-38,02293","Avenida Juan B. Justo y Talcahuano, Mar del Plata, Provincia de Buenos Aires, Argentina",147,1,0,,0,1,Mar del Plata,Peralta Ramos Oeste,Argentina,Buenos Aires,Avenida,,,
,"-57,5869716","-38,048782","Avenida Mario Bravo 5296 , Mar del Plata, Provincia de Buenos Aires, Argentina",148,1,0,,0,1,Mar del Plata,General San Martin,Argentina,Buenos Aires,Avenida,,,
,"-57,6122924","-38,014031","Intendente Vignolo y Avenida Fortunato de la Plaza, Mar del Plata, Provincia de Buenos Aires, Argentina",149,1,0,,0,1,Mar del Plata,Bosque Grande,Argentina,Buenos Aires,Avenida,,,
,"-57,5875485","-37,993565","Teodoro Bronzini y Alvarado, Mar del Plata, Provincia de Buenos Aires, Argentina",150,1,0,,0,1,Mar del Plata,Bernardino Rivadavia,Argentina,Buenos Aires,Calle,,,
,"-57,5568695","-38,013544","Santiago del Estero yRodriguez Peña, Mar del Plata, Provincia de Buenos Aires, Argentina",151,1,0,,0,1,Mar del Plata,General Roca,Argentina,Buenos Aires,Calle,,,
,"-57,5612653","-37,997898","Avenida Colon y  14 de Julio, Mar del Plata, Provincia de Buenos Aires, Argentina",153,1,0,,0,1,Mar del Plata,Don Bosco,Argentina,Buenos Aires,Avenida,,CORREDOR 11,
,"-57,6207799","-38,01391","Juan D'Arienzo y Fresedo, Mar del Plata, Provincia de Buenos Aires, Argentina",155,1,0,,0,1,Mar del Plata,Las Dos Marias,Argentina,Buenos Aires,Calle,,,
,"-57,6038747","-37,97174","Rivadavia y F. Juan Cetz, Mar del Plata, Provincia de Buenos Aires, Argentina",157,1,0,,0,1,Mar del Plata,Jorge Newbery,Argentina,Buenos Aires,Calle,,,
,"-57,5880174","-38,020584","1099 Americo Raul Canosa, Mar del Plata, Provincia de Buenos Aires, Argentina",158,1,0,,0,1,Mar del Plata,Peralta Ramos Oeste,Argentina,Buenos Aires,Calle,,,
,"-57,5996104","-37,971686","Avenida Pedro Luro y Jose Maria Calaza, Mar del Plata, Provincia de Buenos Aires, Argentina",159,1,0,,0,1,Mar del Plata,Coronel Dorrego,Argentina,Buenos Aires,Avenida,,,
,"-57,5529248","-37,980502","Olazabal y French, Mar del Plata, Provincia de Buenos Aires, Argentina",160,1,0,,0,1,Mar del Plata,Nueva Pompeya,Argentina,Buenos Aires,Calle,,,
,"-57,5503209","-37,993096","Avenida Independencia y 3 de Febrero, Mar del Plata, Provincia de Buenos Aires, Argentina",202,1,2,,0,3,Mar del Plata,La Perla,Argentina,Buenos Aires,Avenida,,,
,"-57,5401737","-38,0085","Avenida Colon y  Sarmiento, Mar del Plata, Provincia de Buenos Aires, Argentina",203,1,2,,0,3,Mar del Plata,Macrocentro,Argentina,Buenos Aires,Avenida,,,
,"-57,5371577","-38,010088","Avenida Colon y  Martin Miguel de Guemes, Mar del Plata, Provincia de Buenos Aires, Argentina",204,1,2,,0,3,Mar del Plata,Lomas de Stella Maris,Argentina,Buenos Aires,Avenida,,,
,"-57,5332108","-38,008686","Avenida Patricio Peralta Ramos y Viamonte, Mar del Plata, Provincia de Buenos Aires, Argentina",205,1,1,,0,2,Mar del Plata,Lomas de Stella Maris,Argentina,Buenos Aires,Avenida,,,
,"-57,59452","-38,11891","C. 495 353, Mar del Plata, Provincia de Buenos Aires, Argetina",206,1,2,,0,3,Mar del Plata,Acantilados,Argentina,Buenos Aires,Ruta,,,
,"-57,5448539","-38,049403","Avenida de los Trabajadores y Ortiz deZarate, Mar del Plata, Provincia de Buenos Aires, Argentina",207,1,2,,0,3,Mar del Plata,Puerto,Argentina,Buenos Aires,Avenida,,,
,"-57,5773125","-38,056053","Avenida Mario Bravo y Lanzilota, Mar del Plata, Provincia de Buenos Aires, Argentina",208,1,2,,0,3,Mar del Plata,Juramento,Argentina,Buenos Aires,Avenida,,,
,"-57,5758628","-38,072714","Avenida Jorge Newbery y Bahia Thetis, Mar del Plata, Provincia de Buenos Aires, Argentina",209,1,2,,0,3,Mar del Plata,Parque Independencia,Argentina,Buenos Aires,Avenida,,,
,"-57,5849654","-38,034699","Avenida Fortunato de la Plaza y Bestoso, Mar del Plata, Provincia de Buenos Aires, Argentina",210,1,2,,0,3,Mar del Plata,El Progreso,Argentina,Buenos Aires,Avenida,,,
,"-57,5464008","-38,044237","Magallanes y Figueroa Alcorta, Mar del Plata, Provincia de Buenos Aires, Argentina",211,1,1,,0,2,Mar del Plata,Puerto,Argentina,Buenos Aires,Calle,,,
,"-57,5989053","-38,024153","Avenida Fortunato de la Plaza y De los Inmigrantes, Mar del Plata, Provincia de Buenos Aires, Argentina",213,1,2,,0,3,Mar del Plata,General Pueyrredon,Argentina,Buenos Aires,Avenida,,CORREDOR 16,
,"-57,5475286","-38,036752","Avenida Juan B. Justo y Urquiza, Mar del Plata, Provincia de Buenos Aires, Argentina",214,0,4,,0,4,Mar del Plata,San Carlos,Argentina,Buenos Aires,Avenida,,CORREDOR 14,
,"-57,6130298","-38,021359","Calabria y B. Goni, Mar del Plata, Provincia de Buenos Aires, Argentina",216,1,1,,0,2,Mar del Plata,Las Heras,Argentina,Buenos Aires,Calle,,CORREDOR 4,
,"-57,5394133","-37,944818","Avenida Fray LuisBeltran y Belisario Roldan, Mar del Plata, Provincia de Buenos Aires, Argentina",217,1,2,,0,3,Mar del Plata,Zacagnini,Argentina,Buenos Aires,Avenida,,,
,"-57,6055768","-38,013828","Reforma Universitaria y Tripulantes del Fournier, Mar del Plata, Provincia de Buenos Aires, Argentina",219,1,0,,0,1,Mar del Plata,Bosque Grande,Argentina,Buenos Aires,Avenida,,,
,"-57,6021868","-38,126321","Ruta 11 y 515, Mar del Plata, Provincia de Buenos Aires, Argentina",223,0,0,LPR 1 (SUR),1,1,Mar del Plata,Los Acantilados,Argentina,Buenos Aires,Ruta,,,223D-223F1-753D-753F1
,"-57,6021868","-38,126321","Ruta 11 y 515, Mar del Plata, Provincia de Buenos Aires, Argentina",223,1,0,,0,1,Mar del Plata,Los Acantilados,Argentina,Buenos Aires,Ruta,,,
,"-57,6021868","-38,126321","Ruta 11 y 515, Mar del Plata, Provincia de Buenos Aires, Argentina",223,0,2,,0,2,Mar del Plata,Los Acantilados,Argentina,Buenos Aires,Ruta,,,
,"-57,5914089","-38,007046","Plaza Del Lago, Mar del Plata, Provincia de Buenos Aires, Argentina",225,1,0,,0,1,Mar del Plata,Bosque Alegre,Argentina,Buenos Aires,Calle,,,
,"-57,6138226","-38,008918","Avenida Presidente Peron y Soler, Mar del Plata, Provincia de Buenos Aires, Argentina",226,0,0,LPR 1 (NORTE),1,1,Mar del Plata,Don Emilio,Argentina,Buenos Aires,Avenida,,,226D-226F1-215D-77D-116D-122D-668D
,"-57,6138226","-38,008918","Avenida Presidente Peron y Soler, Mar del Plata, Provincia de Buenos Aires, Argentina",226,1,0,,0,1,Mar del Plata,Don Emilio,Argentina,Buenos Aires,Avenida,,,
,"-57,6138226","-38,008918","Avenida Presidente Peron y Soler, Mar del Plata, Provincia de Buenos Aires, Argentina",226,0,2,,0,2,Mar del Plata,Don Emilio,Argentina,Buenos Aires,Avenida,,,
,"-57,6204576","-38,00129","Avenida Carlos Gardel y Rosales, Mar del Plata, Provincia de Buenos Aires, Argentina",227,1,2,,0,3,Mar del Plata,Don Emilio,Argentina,Buenos Aires,Avenida,,,
,"-57,6307827","-37,994797","Tripulantes del Fournier y Calle 236, Mar del Plata, Provincia de Buenos Aires, Argentina",229,1,0,,0,1,Mar del Plata,Autodromo,Argentina,Buenos Aires,Avenida,,CORREDOR 7,
,"-57,6101738","-37,982117","Alvarado 8049, Mar del Plata, Provincia de Buenos Aires, Argentina",230,0,2,,0,2,Mar del Plata,Belisario Roldan,Argentina,Buenos Aires,Calle,,CORREDOR 6,
,"-57,6022941","-37,983852","Avenida Doctor ArturoAlio y Garay, Mar del Plata, Provincia de Buenos Aires, Argentina",231,1,2,,0,3,Mar del Plata,Belisario Roldan,Argentina,Buenos Aires,Avenida,,,
,"-57,5683519","-38,04321","Marcelo T. de Alvear y Soler, Mar del Plata, Provincia de Buenos Aires, Argentina",232,1,2,,0,3,Mar del Plata,Cerrito San Salvador,Argentina,Buenos Aires,Calle,,,
,"-57,544313","-37,932482","San Francisco de Asis y Mahatma Ghandi, Mar del Plata, Provincia de Buenos Aires, Argentina",234,1,0,,0,1,Mar del Plata,Parque Camet,Argentina,Buenos Aires,Calle,,,
,"-57,5491996","-37,942511","Godoy Cruz y Calabrese, Mar del Plata, Provincia de Buenos Aires, Argentina",235,1,2,,0,3,Mar del Plata,Alto Camet,Argentina,Buenos Aires,Calle,,,
,"-57,542612","-37,951869","Avenida Carlos Tejedor y Vuelta de Obligado, Mar del Plata, Provincia de Buenos Aires, Argentina",236,1,2,,0,3,Mar del Plata,Zacagnini,Argentina,Buenos Aires,Avenida,,CORREDOR 29,
,"-57,5470083","-37,961013","Chubut y Miguel Sagastizabal, Mar del Plata, Provincia de Buenos Aires, Argentina",237,1,2,,0,3,Mar del Plata,Constitucion,Argentina,Buenos Aires,Calle,,CORREDOR 8,
,"-57,5519478","-37,952957","Avenida Jose Manuel Estrada y Ricardo Palma, Mar del Plata, Provincia de Buenos Aires, Argentina",238,1,2,,0,3,Mar del Plata,Caisamar,Argentina,Buenos Aires,Avenida,,,
,"-57,5475737","-38,093614","Rotonda del Faro. Plazoleta Castilla yLeon, Mar del Plata, Provincia de Buenos Aires, Argentina",239,0,0,LPR 1 (SUR),1,1,Mar del Plata,Faro Norte,Argentina,Buenos Aires,Calle,,,239D-648D-364D-364F1-487D-487F1-492D
,"-57,5475737","-38,093614","Rotonda del Faro. Plazoleta Castilla yLeon, Mar del Plata, Provincia de Buenos Aires, Argentina",239,0,0,LPR 2  (NORTE),1,1,Mar del Plata,Faro Norte,Argentina,Buenos Aires,Calle,,,239D-274D-654D-654F1-362D-362F1-39D
,"-57,5475737","-38,093614","Rotonda del Faro. Plazoleta Castilla yLeon, Mar del Plata, Provincia de Buenos Aires, Argentina",239,0,2,,0,2,Mar del Plata,Faro Norte,Argentina,Buenos Aires,Calle,,,
,"-57,5475737","-38,093614","Rotonda del Faro. Plazoleta Castilla yLeon, Mar del Plata, Provincia de Buenos Aires, Argentina",239,1,0,,0,1,Mar del Plata,Faro Norte,Argentina,Buenos Aires,Calle,,,
,"-57,5884982","-38,058503","Cerrito y Calle 75, Mar del Plata, Provincia de Buenos Aires, Argentina",241,1,2,,0,3,Mar del Plata,Nuevo Golf,Argentina,Buenos Aires,Calle,,,
,"-57,5734051","-38,068855","Avenida Jorge Newbery y Fragata Sarmiento, Mar del Plata, Provincia de Buenos Aires, Argentina",243,1,2,,0,3,Mar del Plata,El Jardin de Stella Maris,Argentina,Buenos Aires,Avenida,,,
,"-57,5712209","-38,060584","Avenida Mario Bravo y Avenida Edison, Mar del Plata, Provincia de Buenos Aires, Argentina",244,0,0,LPR 1 (SUR),1,1,Mar del Plata,Juramento,Argentina,Buenos Aires,Avenida,,CORREDOR 19,244D-243D-243F1-209D-209F1-645D-638D
,"-57,5712209","-38,060584","Avenida Mario Bravo y Avenida Edison, Mar del Plata, Provincia de Buenos Aires, Argentina",244,0,0,LPR 2 (NORTE),1,1,Mar del Plata,Juramento,Argentina,Buenos Aires,Avenida,,CORREDOR 19,244D-244F2-284D-284F1-279D-279F2-285D
,"-57,5712209","-38,060584","Avenida Mario Bravo y Avenida Edison, Mar del Plata, Provincia de Buenos Aires, Argentina",244,1,0,,0,1,Mar del Plata,Juramento,Argentina,Buenos Aires,Avenida,,CORREDOR 19,
,"-57,5712209","-38,060584","Avenida Mario Bravo y Avenida Edison, Mar del Plata, Provincia de Buenos Aires, Argentina",244,0,2,,0,2,Mar del Plata,Juramento,Argentina,Buenos Aires,Avenida,,CORREDOR 19,
,"-57,5458781","-37,956048","Avenida Carlos Tejedor y Avenida Jose Manuel Estrada, Mar del Plata, Provincia de Buenos Aires, Argentina",245,1,2,,0,3,Mar del Plata,Constitucion,Argentina,Buenos Aires,Avenida,,,
,"-57,6365989","-37,954129","Avenida Pedro Luro y Tarantino, Mar del Plata, Provincia de Buenos Aires, Argentina",246,0,0,LPR 1 (ESTE),1,1,Mar del Plata,La Herradura,Argentina,Buenos Aires,Avenida,,,246D-246F1-246F2-531D-329D-329F1-532D
,"-57,6365989","-37,954129","Avenida Pedro Luro y Tarantino, Mar del Plata, Provincia de Buenos Aires, Argentina",246,1,0,,0,1,Mar del Plata,La Herradura,Argentina,Buenos Aires,Avenida,,,
,"-57,6365989","-37,954129","Avenida Pedro Luro y Tarantino, Mar del Plata, Provincia de Buenos Aires, Argentina",246,0,2,,0,2,Mar del Plata,La Herradura,Argentina,Buenos Aires,Avenida,,,
,"-57,5579333","-37,943563","carballo y Arroyo La Tapera, Mar del Plata, Provincia de Buenos Aires, Argentina",247,1,0,,0,1,Mar del Plata,Grosellar,Argentina,Buenos Aires,Calle,,,
,"-57,5454262","-37,926128","Kraglievich y Los Granados, Mar del Plata, Provincia de Buenos Aires, Argentina",249,1,1,,0,2,Mar del Plata,Parque Camet,Argentina,Buenos Aires,Calle,,,
,"-57,5427289","-37,923892","Calle Scaglia y Los Granados, Mar del Plata, Provincia de Buenos Aires, Argentina",250,1,2,,0,3,Mar del Plata,Parque Camet,Argentina,Buenos Aires,Calle,,,
,"-57,5406799","-37,963093","Avenida Felix U. Camet y Pascuala Mugaburu, Mar del Plata, Provincia de Buenos Aires, Argentina",251,1,2,,0,3,Mar del Plata,Constitucion,Argentina,Buenos Aires,Avenida,,,
,"-57,5435512","-37,9638","Joaquina Acevedo y Libres del Sur, Mar del Plata, Provincia de Buenos Aires, Argentina",252,1,0,,0,1,Mar del Plata,Constitucion,Argentina,Buenos Aires,Calle,,CORREDOR 8,
,"-57,5496819","-37,960764","Avenida Carlos Tejedor y Joaquina Acevedo, Mar del Plata, Provincia de Buenos Aires, Argentina",253,1,2,,0,3,Mar del Plata,Constitucion,Argentina,Buenos Aires,Avenida,,CORREDOR 8,
,"-57,5646017","-37,959905","Avenida Constitucion y Ricardo Rojas, Mar del Plata, Provincia de Buenos Aires, Argentina",254,1,2,,0,3,Mar del Plata,Caisamar,Argentina,Buenos Aires,Avenida,1,,
,"-57,5699147","-37,943851","Estrada y De La Paolera, Mar del Plata, Provincia de Buenos Aires, Argentina",255,1,2,,0,3,Mar del Plata,Caisamar,Argentina,Buenos Aires,Avenida,,,
,"-57,5601005","-37,973508","Avenida Carlos Tejedor y Rio Negro, Mar del Plata, Provincia de Buenos Aires, Argentina",256,1,2,,0,3,Mar del Plata,Parque Luro,Argentina,Buenos Aires,Avenida,,,
,"-57,5561306","-37,968805","Avenida Carlos Tejedor y Florisbelo Acosta, Mar del Plata, Provincia de Buenos Aires, Argentina",257,1,2,,0,3,Mar del Plata,Parque Luro,Argentina,Buenos Aires,Avenida,,,
,"-57,5639149","-37,978244","Avenida Juan Hector Jara y Ituzaingo, Mar del Plata, Provincia de Buenos Aires, Argentina",258,1,2,,0,3,Mar del Plata,Villa Primera,Argentina,Buenos Aires,Avenida,,,
,"-57,5651146","-37,970982","Rio Negro 5525, Mar del Plata, Provincia de Buenos Aires, Argentina",259,1,1,,0,2,Mar del Plata,Los Pinares,Argentina,Buenos Aires,Calle,,,
,"-57,5740609","-37,96642","Rio Negro y Miguel de Unamuno, Mar del Plata, Provincia de Buenos Aires, Argentina",260,1,2,,0,3,Mar del Plata,Los Pinares,Argentina,Buenos Aires,Calle,,,
,"-57,5742257","-37,959651","Florisbelo Acosta y Martinez Zuviria, Mar del Plata, Provincia de Buenos Aires, Argentina",261,1,1,,0,2,Mar del Plata,Los Pinares,Argentina,Buenos Aires,Calle,,,
,"-57,5443845","-37,981392","Avenida Felix U. Camet y Rio Negro, Mar del Plata, Provincia de Buenos Aires, Argentina",262,1,2,,0,3,Mar del Plata,La Perla,Argentina,Buenos Aires,Avenida,,,
,"-57,5520662","-37,974225","Libres del Sud y Geronimo Rejon, Mar del Plata, Provincia de Buenos Aires, Argentina",263,1,2,,0,3,Mar del Plata,Parque Luro,Argentina,Buenos Aires,Calle,,,
,"-57,5734833","-37,962255","Padre Cardiel y Montes Carballo, Mar del Plata, Provincia de Buenos Aires, Argentina",264,1,2,,0,3,Mar del Plata,Los Pinares,Argentina,Buenos Aires,Calle,,,
,"-57,5765514","-37,957379","Concepcion Arenal y Belgica, Mar del Plata, Provincia de Buenos Aires, Argentina",265,1,1,,0,2,Mar del Plata,Los Pinares,Argentina,Buenos Aires,Calle,,,
,"-57,5588055","-37,980841","Ituzaingo y Misiones, Mar del Plata, Provincia de Buenos Aires, Argentina",266,1,1,,0,2,Mar del Plata,Villa Primera,Argentina,Buenos Aires,Calle,,,
,"-57,562523","-38,067086","Avenida Mario Bravo y Piedrabuena, Mar del Plata, Provincia de Buenos Aires, Argentina",269,1,2,,0,3,Mar del Plata,Jardin Peralta Ramos,Argentina,Buenos Aires,Avenida,,,
,"-57,5555167","-38,072343","Avenida Mario Bravo y ARioz, Mar del Plata, Provincia de Buenos Aires, Argentina",270,1,2,,0,3,Mar del Plata,Bosque Peralta Ramos,Argentina,Buenos Aires,Avenida,,,
,"-57,5589575","-38,069764","Vergara 3199, Mar del Plata, Provincia de Buenos Aires, Argentina",271,1,2,,0,3,Mar del Plata,Punta Mogotes,Argentina,Buenos Aires,Avenida,,,
,"-57,5658831","-38,06458","Avenida Mario Bravo y Albert Einstein, Mar del Plata, Provincia de Buenos Aires, Argentina",272,0,3,,0,3,Mar del Plata,Jardin Peralta Ramos,Argentina,Buenos Aires,Avenida,,,
,"-57,5496172","-38,077284","Avenida Mario Bravo y Velez Sarfield, Mar del Plata, Provincia de Buenos Aires, Argentina",273,1,2,,0,3,Mar del Plata,Faro Norte,Argentina,Buenos Aires,Avenida,,,
,"-57,5388552","-38,081572","Avenida de los Trabajadores y Racedo, Mar del Plata, Provincia de Buenos Aires, Argentina",274,1,2,,0,3,Mar del Plata,Punta Mogotes,Argentina,Buenos Aires,Avenida,,,
,"-57,5651871","-38,090563","Diagonal Estados Unidos Norte y De la Maza, Mar del Plata, Provincia de Buenos Aires, Argentina",275,1,2,,0,3,Mar del Plata,Alfar,Argentina,Buenos Aires,Calle,,,
,"-57,5518873","-38,059621","Avenida Fortunato de la Plaza y Vernet, Mar del Plata, Provincia de Buenos Aires, Argentina",276,1,2,,0,3,Mar del Plata,Punta Mogotes,Argentina,Buenos Aires,Avenida,,,
,"-57,547044","-38,053876","Avenida de los Trabajadores y Avenida Vertiz, Mar del Plata, Provincia de Buenos Aires, Argentina",277,1,2,,0,3,Mar del Plata,Punta Mogotes,Argentina,Buenos Aires,Avenida,,,
,"-57,5483179","-38,065022","Puan y Acevedo, Mar del Plata, Provincia de Buenos Aires, Argentina",278,1,2,,0,3,Mar del Plata,Punta Mogotes,Argentina,Buenos Aires,Avenida,,,
,"-57,5613839","-38,052473","Avenida Edison y Avenida Fortunato de la Plaza, Mar del Plata, Provincia de Buenos Aires, Argentina",279,1,3,,0,4,Mar del Plata,Juramento,Argentina,Buenos Aires,Calle,,,
,"-57,5570257","-38,053047","Arana y Goiri y Figueroa Alcorta, Mar del Plata, Provincia de Buenos Aires, Argentina",280,1,2,,0,3,Mar del Plata,Colinas de Peralta Ramos,Argentina,Buenos Aires,Calle,,,
,"-57,5528352","-38,05362","Tripulantes del Fournier y Albert Einstein, Mar del Plata, Provincia de Buenos Aires, Argentina",281,1,2,,0,3,Mar del Plata,Colinas de Peralta Ramos,Argentina,Buenos Aires,Avenida,,,
,"-57,5570053","-38,055752","Avenida Fortunato de la Plaza y Beltrami, Mar del Plata, Provincia de Buenos Aires, Argentina",282,1,2,,0,3,Mar del Plata,Colinas de Peralta Ramos,Argentina,Buenos Aires,Avenida,,,
,"-57,5594183","-38,06181","Calabria y Mosconi, Mar del Plata, Provincia de Buenos Aires, Argentina",283,1,2,,0,3,Mar del Plata,Colinas de Peralta Ramos,Argentina,Buenos Aires,Calle,,,
,"-57,5663443","-38,056568","Avenida Edison y Calabria, Mar del Plata, Provincia de Buenos Aires, Argentina",284,1,2,,0,3,Mar del Plata,Colinas de Peralta Ramos,Argentina,Buenos Aires,Avenida,,CORREDOR 19,
,"-57,558046","-38,049688","Avenida Edison y Tripulantes del Fournier, Mar del Plata, Provincia de Buenos Aires, Argentina",285,1,2,,0,3,Mar del Plata,Colinas de Peralta Ramos,Argentina,Buenos Aires,Avenida,,,
,"-57,55148","-38,044304","Avenida Edison y Ortiz deZarate, Mar del Plata, Provincia de Buenos Aires, Argentina",286,1,1,,0,2,Mar del Plata,Villa Lourdes,Argentina,Buenos Aires,Avenida,,,
,"-57,5588991","-38,047735","Rosales y Rondeau, Mar del Plata, Provincia de Buenos Aires, Argentina",287,1,2,,0,3,Mar del Plata,Termas Huinco,Argentina,Buenos Aires,Calle,,,
,"-57,5658079","-38,049134","Elisa Alvear de Bosch y Avenida Fortunato de la Plaza, Mar del Plata, Provincia de Buenos Aires, Argentina",288,1,2,,0,3,Mar del Plata,Termas Huinco,Argentina,Buenos Aires,Avenida,,,
,"-57,573951","-38,050835","Diagonal Puan Gascon y Calabria, Mar del Plata, Provincia de Buenos Aires, Argentina",289,1,2,,0,3,Mar del Plata,Juramento,Argentina,Buenos Aires,Calle,,,
,"-57,5683127","-38,047249","Avenida Fortunato de la Plaza y Juramento, Mar del Plata, Provincia de Buenos Aires, Argentina",290,1,2,,0,3,Mar del Plata,Juramento,Argentina,Buenos Aires,Avenida,,,
,"-57,5717256","-38,044652","Avenida Fortunato de la Plaza y Cerrito, Mar del Plata, Provincia de Buenos Aires, Argentina",291,1,2,,0,3,Mar del Plata,Cerrito Sur,Argentina,Buenos Aires,Avenida,,,
,"-57,5766912","-38,048789","Calabria y Cerrito, Mar del Plata, Provincia de Buenos Aires, Argentina",292,1,2,,0,3,Mar del Plata,Cerrito Sur,Argentina,Buenos Aires,Calle,,,
,"-57,5771098","-38,040599","Avenida Fortunato de la Plaza y Galicia, Mar del Plata, Provincia de Buenos Aires, Argentina",293,1,2,,0,3,Mar del Plata,Cerrito Sur,Argentina,Buenos Aires,Avenida,,,
,"-57,5744242","-38,042711","Avenida Fortunato de la Plaza y Santa Cecilia, Mar del Plata, Provincia de Buenos Aires, Argentina",294,1,2,,0,3,Mar del Plata,Cerrito San Salvador,Argentina,Buenos Aires,Avenida,,,
,"-57,5929752","-38,039102","AvenidaAntartida Argentina y William Morris, Mar del Plata, Provincia de Buenos Aires, Argentina",295,1,2,,0,3,Mar del Plata,Florencio Sanchez,Argentina,Buenos Aires,Avenida,,,
,"-57,5910995","-38,035406","Genova 6491, Mar del Plata, Provincia de Buenos Aires, Argentina",296,1,2,,0,3,Mar del Plata,El Martillo,Argentina,Buenos Aires,Avenida,,,
,"-57,5897238","-38,045428","Benito Lynch y Rafael del Riego, Mar del Plata, Provincia de Buenos Aires, Argentina",297,1,2,,0,3,Mar del Plata,General San Martin,Argentina,Buenos Aires,Calle,,,
,"-57,5849601","-38,037389","Puan y Dellepiane, Mar del Plata, Provincia de Buenos Aires, Argentina",298,1,2,,0,3,Mar del Plata,Florencio Sanchez,Argentina,Buenos Aires,Calle,,,
,"-57,5873604","-38,040737","Calabria y Talcahuano, Mar del Plata, Provincia de Buenos Aires, Argentina",299,1,1,,0,2,Mar del Plata,General San Martin,Argentina,Buenos Aires,Calle,,,
,"-57,58394","-38,04309","Calabria y Roque Saenz Pena, Mar del Plata, Provincia de Buenos Aires, Argentina",300,1,1,,0,2,Mar del Plata,General San Martin,Argentina,Buenos Aires,Calle,,,
,"-57,5675736","-38,04121","Cerrito y Rosales, Mar del Plata, Provincia de Buenos Aires, Argentina",301,1,2,,0,3,Mar del Plata,Cerrito San Salvador,Argentina,Buenos Aires,Calle,,,
,"-57,561692","-38,041777","Avenida Vertiz y Juramento, Mar del Plata, Provincia de Buenos Aires, Argentina",302,1,2,,0,3,Mar del Plata,Villa Lourdes,Argentina,Buenos Aires,Avenida,,CORREDOR 1,
,"-57,5747932","-38,035753","Rosales 5499, Mar del Plata, Provincia de Buenos Aires, Argentina",303,1,0,,0,1,Mar del Plata,El Progreso,Argentina,Buenos Aires,Calle,,,
,"-57,6266578","-37,95795","Avenida Pedro Luro y Carrillo, Mar del Plata, Provincia de Buenos Aires, Argentina",304,0,0,LPR 1 (OESTE) MANO LENTA,1,1,Mar del Plata,Florentino Ameghino,Argentina,Buenos Aires,Avenida,,,304D-304F1-304F2-246D-569D
,"-57,6266578","-37,95795","Avenida Pedro Luro y Carrillo, Mar del Plata, Provincia de Buenos Aires, Argentina",304,0,0,LPR 2 (OESTE) MANO RAPIDA,1,1,Mar del Plata,Florentino Ameghino,Argentina,Buenos Aires,Avenida,,,304D-304F1-304F2-246D-246F1-246F2-569D
,"-57,6266578","-37,95795","Avenida Pedro Luro y Carrillo, Mar del Plata, Provincia de Buenos Aires, Argentina",304,1,0,,0,1,Mar del Plata,Florentino Ameghino,Argentina,Buenos Aires,Avenida,,,
,"-57,6266578","-37,95795","Avenida Pedro Luro y Carrillo, Mar del Plata, Provincia de Buenos Aires, Argentina",304,0,2,,0,2,Mar del Plata,Florentino Ameghino,Argentina,Buenos Aires,Avenida,,,
,"-57,6054788","-37,968508","Avenida Pedro Luro y Pigue, Mar del Plata, Provincia de Buenos Aires, Argentina",305,1,2,,0,3,Mar del Plata,Jorge Newbery,Argentina,Buenos Aires,Avenida,,,
,"-57,5310174","-38,02549","Avenida Patricio Peralta Ramos y General Roca, Mar del Plata, Provincia de Buenos Aires, Argentina",308,1,5,,0,6,Mar del Plata,Playa Grande,Argentina,Buenos Aires,Avenida,,,
,"-57,550261","-37,946987","Avenida Coelho de Meyrelles y Ortega y Gasset, Mar del Plata, Provincia de Buenos Aires, Argentina",309,1,2,,0,3,Mar del Plata,El Grosellar,Argentina,Buenos Aires,Avenida,,,
,"-57,6073873","-37,951784","Beruti 9600, Mar del Plata, Provincia de Buenos Aires, Argentina",310,1,1,,0,2,Mar del Plata,Libertad,Argentina,Buenos Aires,Calle,,,
,"-57,6107159","-37,95231","Avenida Fermin Errea 311, Mar del Plata, Provincia de Buenos Aires, Argentina",311,1,0,,0,1,Mar del Plata,Libertad,Argentina,Buenos Aires,Avenida,,,
,"-57,5979931","-37,961","Ituzaingo y Tandil, Mar del Plata, Provincia de Buenos Aires, Argentina",313,1,1,,0,2,Mar del Plata,Libertad,Argentina,Buenos Aires,Calle,,CORREDOR 20,
,"-57,6006032","-37,964217","Avenida Libertad y Tandil, Mar del Plata, Provincia de Buenos Aires, Argentina",314,1,2,,0,3,Mar del Plata,Libertad,Argentina,Buenos Aires,Avenida,,,
,"-57,588342","-37,952561","Eduardo Bradley F Acosta, Mar del Plata, Provincia de Buenos Aires, Argentina",317,1,0,,0,1,Mar del Plata,Lopez de Gomara,Argentina,Buenos Aires,Calle,,,
,"-57,6255826","-38,000006","Soler 11094, Mar del Plata, Provincia de Buenos Aires, Argentina",319,1,2,,0,3,Mar del Plata,General Belgrano,Argentina,Buenos Aires,Calle,,,
,"-57,6123229","-37,99449","Avenida Carlos Gardel y Magallanes, Mar del Plata, Provincia de Buenos Aires, Argentina",321,1,2,,0,3,Mar del Plata,Las Americas,Argentina,Buenos Aires,Avenida,,,
,"-57,6176658","-38,004719","Canesa y Tripulantes del Fournier, Mar del Plata, Provincia de Buenos Aires, Argentina",322,1,2,,0,3,Mar del Plata,Don Emilio,Argentina,Buenos Aires,Avenida,,,
,"-57,6198932","-38,017478","Avenida Victorio Tetamanti y Gutemberg, Mar del Plata, Provincia de Buenos Aires, Argentina",323,1,2,,0,3,Mar del Plata,Las Heras,Argentina,Buenos Aires,Avenida,,,
,"-57,6035938","-38,02059","Avenida Polonia y Avenida Fortunato de la Plaza, Mar del Plata, Provincia de Buenos Aires, Argentina",324,0,0,LPR 1 (SUR) ,1,1,Mar del Plata,General Pueyrredon,Argentina,Buenos Aires,Avenida,,,324D-404D-404F1-415D-415F1-415F2-815D
,"-57,6035938","-38,02059","Avenida Polonia y Avenida Fortunato de la Plaza, Mar del Plata, Provincia de Buenos Aires, Argentina",324,0,0,LPR 2 (OESTE),1,1,Mar del Plata,General Pueyrredon,Argentina,Buenos Aires,Avenida,,,324D-324F1-324F2-401D-401F2-149D
,"-57,6035938","-38,02059","Avenida Polonia y Avenida Fortunato de la Plaza, Mar del Plata, Provincia de Buenos Aires, Argentina",324,1,0,,0,1,Mar del Plata,General Pueyrredon,Argentina,Buenos Aires,Avenida,,,
,"-57,6035938","-38,02059","Avenida Polonia y Avenida Fortunato de la Plaza, Mar del Plata, Provincia de Buenos Aires, Argentina",324,0,2,,0,2,Mar del Plata,General Pueyrredon,Argentina,Buenos Aires,Avenida,,,
,"-57,6058552","-38,015421","J. Goni y Soler, Mar del Plata, Provincia de Buenos Aires, Argentina",325,1,1,,0,2,Mar del Plata,Bosque Grande,Argentina,Buenos Aires,Calle,,CORREDOR 30,
,"-57,6039632","-37,957952","Ituzaingo yLeguizamon Onesimo, Mar del Plata, Provincia de Buenos Aires, Argentina",326,1,1,,0,2,Mar del Plata,Libertad,Argentina,Buenos Aires,Calle,,,
,"-57,5905714","-37,969243","Avenida Libertad y Avenida Doctor ArturoAlio, Mar del Plata, Provincia de Buenos Aires, Argentina",327,1,2,,0,3,Mar del Plata,Nueve de Julio,Argentina,Buenos Aires,Avenida,,,
,"-57,61848","-37,96162","Avenida Pedro Luro y Fermin Errea, Mar del Plata, Provincia de Buenos Aires, Argentina",328,1,3,,0,4,Mar del Plata,Nueve de Julio,Argentina,Buenos Aires,Avenida,,,
,"-57,6145542","-37,964103","Avenida Pedro Luro y Portugal, Mar del Plata, Provincia de Buenos Aires, Argentina",329,1,1,,0,2,Mar del Plata,Jorge Newbery,Argentina,Buenos Aires,Avenida,,,
,"-57,5919961","-37,964031","Ituzaingo y Coronel Suarez, Mar del Plata, Provincia de Buenos Aires, Argentina",330,1,2,,0,3,Mar del Plata,Malvinas Argentinas,Argentina,Buenos Aires,Calle,,,
,"-57,6269055","-37,966941","Falucho y Ciudad de Rosario, Mar del Plata, Provincia de Buenos Aires, Argentina",331,1,1,,0,2,Mar del Plata,Santa Rosa de Lima,Argentina,Buenos Aires,Calle,,CORREDOR 18,
,"-57,6397427","-37,958154","Avenida Colon y  Avenida Hector Tarantino, Mar del Plata, Provincia de Buenos Aires, Argentina",332,1,1,,0,2,Mar del Plata,Hipodromo,Argentina,Buenos Aires,Avenida,,,
,"-57,6453511","-37,962794","Avenida Juan B. Justo y Avenida Hector Tarantino, Mar del Plata, Provincia de Buenos Aires, Argentina",333,1,0,,0,1,Mar del Plata,Hipodromo,Argentina,Buenos Aires,Avenida,,,
,"-57,6224621","-37,966872","Avenida Colon y  Avenida Fermin Errea, Mar del Plata, Provincia de Buenos Aires, Argentina",334,1,2,,0,3,Mar del Plata,Jorge Newbery,Argentina,Buenos Aires,Avenida,,,
,"-57,6144444","-37,970933","Avenida Colon y Leguizamon Onesimo, Mar del Plata, Provincia de Buenos Aires, Argentina",335,1,2,,0,3,Mar del Plata,Jorge Newbery,Argentina,Buenos Aires,Avenida,,,
,"-57,607646","-37,983403","Coronel Suarez 2999, Mar del Plata, Provincia de Buenos Aires, Argentina",336,1,0,,0,1,Mar del Plata,Belisario Roldan,Argentina,Buenos Aires,Calle,,,
,"-57,6114565","-37,986331","Calaza en R Pena y Primera Junta, Mar del Plata, Provincia de Buenos Aires, Argentina",337,1,0,,0,1,Mar del Plata,Belisario Roldan,Argentina,Buenos Aires,Calle,,,
,"-57,5933526","-37,981633","Avenida Colon y  David Ortega, Mar del Plata, Provincia de Buenos Aires, Argentina",340,1,1,,0,2,Mar del Plata,Las Lilas,Argentina,Buenos Aires,Avenida,,,
,"-57,5865058","-37,971416","Avenida Libertad y Estado de Israel, Mar del Plata, Provincia de Buenos Aires, Argentina",341,1,2,,0,3,Mar del Plata,Nueve de Julio,Argentina,Buenos Aires,Avenida,,,
,"-57,5949751","-37,985364","Alberti 6801, Mar del Plata, Provincia de Buenos Aires, Argentina",342,1,0,,0,1,Mar del Plata,Las Lilas,Argentina,Buenos Aires,Calle,,,
,"-57,6033207","-37,992231","Estado de Israel y Saavedra, Mar del Plata, Provincia de Buenos Aires, Argentina",343,1,2,,0,3,Mar del Plata,Regional,Argentina,Buenos Aires,Calle,,,
,"-57,590468","-37,976319","Avenida Pedro Luro y Estado de Israel, Mar del Plata, Provincia de Buenos Aires, Argentina",344,1,2,,0,3,Mar del Plata,Nueve de Julio,Argentina,Buenos Aires,Avenida,,,
,"-57,5749993","-37,950177","Avenida Della Paolera y Mariani, Mar del Plata, Provincia de Buenos Aires, Argentina",345,1,2,,0,3,Mar del Plata,Caisamar,Argentina,Buenos Aires,Avenida,,,
,"-57,5827558","-37,946395","Mariani y Monsenior Zaballa, Mar del Plata, Provincia de Buenos Aires, Argentina",346,1,2,,0,3,Mar del Plata,Aeroparque,Argentina,Buenos Aires,Avenida,,,
,"-57,5927127","-37,949625","Concepcion Arenal 8598, Mar del Plata, Provincia de Buenos Aires, Argentina",347,1,0,,0,1,Mar del Plata,Los Pinares,Argentina,Buenos Aires,Calle,,,
,"-57,5569641","-38,032407","Gaboto y Cerrito, Mar del Plata, Provincia de Buenos Aires, Argentina",348,1,2,,0,3,Mar del Plata,Las Avenidas,Argentina,Buenos Aires,Calle,,,
,"-57,5661656","-38,033857","Diagonal Elpidio Gonzalez y Campana Mar del Plata, Provincia de Buenos Aires, Argentina",349,1,2,,0,3,Mar del Plata,Las Avenidas,Argentina,Buenos Aires,Calle,,CORREDOR 28,
,"-57,5708407","-38,035369","Avenida Vertiz y Galicia Mar del Plata, Provincia de Buenos Aires, Argentina",350,1,2,,0,3,Mar del Plata,El Progreso,Argentina,Buenos Aires,Avenida,,,
,"-57,5718832","-38,032485","Diagonal Elpidio Gonzalez y General Savio, Mar del Plata, Provincia de Buenos Aires, Argentina",351,1,2,,0,3,Mar del Plata,Las Avenidas,Argentina,Buenos Aires,Calle,,CORREDOR 28,
,"-57,5701584","-38,027851","Diagonal Jose Garibaldi y Mateotti, Mar del Plata, Provincia de Buenos Aires, Argentina",352,1,1,,0,2,Mar del Plata,Las Avenidas,Argentina,Buenos Aires,Calle,,,
,"-57,569149","-38,030205","General Savio y Diagonal Jose Garibaldi, Mar del Plata, Provincia de Buenos Aires, Argentina",353,1,2,,0,3,Mar del Plata,Las Avenidas,Argentina,Buenos Aires,Calle,,,
,"-57,5634205","-38,034611","Cl 118  695, Mar del Plata, Provincia de Buenos Aires, Argentina",354,1,1,,0,2,Mar del Plata,Las Avenidas,Argentina,Buenos Aires,Calle,,,
,"-57,5593685","-38,035771","Ayolas y Marcelo T. de Alvear, Mar del Plata, Provincia de Buenos Aires, Argentina",355,1,1,,0,2,Mar del Plata,Villa Lourdes,Argentina,Buenos Aires,Calle,,,
,"-57,5516609","-38,041573","Ayolas y Rondeau, Mar del Plata, Provincia de Buenos Aires, Argentina",356,1,3,,0,4,Mar del Plata,Villa Lourdes,Argentina,Buenos Aires,Calle,,CORREDOR 21,
,"-57,5534127","-38,038971","Magallanes 4000, Mar del Plata, Provincia de Buenos Aires, Argentina",357,1,1,,0,2,Mar del Plata,Villa Lourdes,Argentina,Buenos Aires,Calle,,,
,"-57,5449921","-38,038801","Avenida Juan B. Justo y Avenida Edison, Mar del Plata, Provincia de Buenos Aires, Argentina",358,1,3,,0,4,Mar del Plata,Villa Lourdes,Argentina,Buenos Aires,Avenida,2,CORREDOR 14,
,"-57,5641515","-38,043799","Juramento y Rosales, Mar del Plata, Provincia de Buenos Aires, Argentina",360,1,2,,0,3,Mar del Plata,Termas Huinco,Argentina,Buenos Aires,Calle,,,
,"-57,5582796","-38,044342","Avenida Vertiz y Triunvirato, Mar del Plata, Provincia de Buenos Aires, Argentina",361,1,2,,0,3,Mar del Plata,Villa Lourdes,Argentina,Buenos Aires,Avenida,,,
,"-57,5468741","-38,073325","Monsenor D Andrea y Avenida de los Trabajadores, Mar del Plata, Provincia de Buenos Aires, Argentina",362,1,2,,0,3,Mar del Plata,Faro Norte,Argentina,Buenos Aires,Avenida,,,
,"-57,5698726","-38,105089","Ruta Provincial 11 y Calle 431 San Jacinto, Mar del Plata, Provincia de Buenos Aires, Argentina",364,1,1,,0,2,Mar del Plata,Alfar,Argentina,Buenos Aires,Ruta,,,
,"-57,562426","-38,025547","Avenida Juan B. Justo y Entre Rios, Mar del Plata, Provincia de Buenos Aires, Argentina",365,1,2,,0,3,Mar del Plata,Las Avenidas,Argentina,Buenos Aires,Avenida,,,
,"-57,5586371","-38,028354","Avenida Juan B. Justo y Fleming, Mar del Plata, Provincia de Buenos Aires, Argentina",366,1,2,,0,3,Mar del Plata,Las Avenidas,Argentina,Buenos Aires,Avenida,,,
,"-57,5545189","-38,031497","Avenida Juan B. Justo y Martin Miguel de Guemes, Mar del Plata, Provincia de Buenos Aires, Argentina",367,0,0,LPR 1 (OESTE),1,1,Mar del Plata,San Carlos,Argentina,Buenos Aires,Avenida,,,367D-367F1-366D-366F1-365D-365F1-147D
,"-57,5545189","-38,031497","Avenida Juan B. Justo y Martin Miguel de Guemes, Mar del Plata, Provincia de Buenos Aires, Argentina",367,0,0,LPR 2 (ESTE),1,1,Mar del Plata,San Carlos,Argentina,Buenos Aires,Avenida,,,367D-367F2-43D-214F1-214F2-358D-358F2
,"-57,5545189","-38,031497","Avenida Juan B. Justo y Martin Miguel de Guemes, Mar del Plata, Provincia de Buenos Aires, Argentina",367,1,0,,0,1,Mar del Plata,San Carlos,Argentina,Buenos Aires,Avenida,,,
,"-57,5545189","-38,031497","Avenida Juan B. Justo y Martin Miguel de Guemes, Mar del Plata, Provincia de Buenos Aires, Argentina",367,0,3,,0,3,Mar del Plata,San Carlos,Argentina,Buenos Aires,Avenida,,,
,"-57,5469551","-38,034314","Martin Rodriguezy General Paz, Mar del Plata, Provincia de Buenos Aires, Argentina",368,0,3,,0,3,Mar del Plata,San Carlos,Argentina,Buenos Aires,Calle,,,
,"-57,5429809","-38,036407","Leandro N. Alem y Martin Rodriguez, Mar del Plata, Provincia de Buenos Aires, Argentina",369,1,2,,0,3,Mar del Plata,San Carlos,Argentina,Buenos Aires,Calle,,CORREDOR 14,
,"-57,5618965","-37,947907","Montes Carballo y Estrada, Mar del Plata, Provincia de Buenos Aires, Argentina",370,1,2,,0,3,Mar del Plata,Caisamar,Argentina,Buenos Aires,Avenida,,,
,"-57,5389864","-38,03151","Avenida Juan Jose Paso y Leandro N. Alem, Mar del Plata, Provincia de Buenos Aires, Argentina",371,1,2,,0,3,Mar del Plata,San Carlos,Argentina,Buenos Aires,Avenida,,,
,"-57,5431159","-38,02957","Avenida Juan Jose Paso y General Paz, Mar del Plata, Provincia de Buenos Aires, Argentina",372,1,2,,0,3,Mar del Plata,San Carlos,Argentina,Buenos Aires,Avenida,,,
,"-57,5460357","-38,031449","Azcuenaga y General Rivas, Mar del Plata, Provincia de Buenos Aires, Argentina",373,1,1,,0,2,Mar del Plata,San Carlos,Argentina,Buenos Aires,Calle,,,
,"-57,5413887","-38,032687","Larrea 300 , Mar del Plata, Provincia de Buenos Aires, Argentina",374,1,2,,0,3,Mar del Plata,San Carlos,Argentina,Buenos Aires,Calle,,,
,"-57,5470665","-38,0275","Avenida Juan Jose Paso 1000, Mar del Plata, Provincia de Buenos Aires, Argentina",375,1,2,,0,3,Mar del Plata,San Carlos,Argentina,Buenos Aires,Avenida,,,
,"-57,5570445","-38,022444","Avenida Juan Jose Paso y Tucuman, Mar del Plata, Provincia de Buenos Aires, Argentina",376,1,2,,0,3,Mar del Plata,San Carlos,Argentina,Buenos Aires,Avenida,,,
,"-57,5550153","-38,026894","Azcuenaga y Sarmiento, Mar del Plata, Provincia de Buenos Aires, Argentina",377,1,1,,0,2,Mar del Plata,San Carlos,Argentina,Buenos Aires,Calle,,,
,"-57,5374419","-38,027799","Matheu 302, Mar del Plata, Provincia de Buenos Aires, Argentina",378,1,2,,0,3,Mar del Plata,Lomas de Stella Maris,Argentina,Buenos Aires,Calle,,,
,"-57,5323329","-38,021462","Bernardo de Irigoyen y Alvarado, Mar del Plata, Provincia de Buenos Aires, Argentina",379,1,1,,0,2,Mar del Plata,Lomas de Stella Maris,Argentina,Buenos Aires,Calle,,,
,"-57,5364973","-38,012703","Viamonte y Falucho, Mar del Plata, Provincia de Buenos Aires, Argentina",380,1,2,,0,3,Mar del Plata,Lomas de Stella Maris,Argentina,Buenos Aires,Calle,,,
,"-57,5255168","-38,01931","Cabo Corrientes Center, Mar del Plata, Provincia de Buenos Aires, Argentina",381,0,0,LPR 1 Paseo Jesus Galindez (ESTE),1,1,Mar del Plata,Lomas de Stella Maris,Argentina,Buenos Aires,Calle,,,381D-381F1
,"-57,5255168","-38,01931","Cabo Corrientes Center, Mar del Plata, Provincia de Buenos Aires, Argentina",381,1,0,,0,1,Mar del Plata,Lomas de Stella Maris,Argentina,Buenos Aires,Calle,,,
,"-57,5255168","-38,01931","Cabo Corrientes Center, Mar del Plata, Provincia de Buenos Aires, Argentina",381,0,2,,0,2,Mar del Plata,Lomas de Stella Maris,Argentina,Buenos Aires,Calle,,,
,"-57,5464388","-38,042903","12 de Octubre y Bermejo, Mar del Plata, Provincia de Buenos Aires, Argentina",382,1,2,,0,3,Mar del Plata,Puerto,Argentina,Buenos Aires,Calle,,,
,"-57,5517167","-38,022817","Sarmiento y Almafuerte, Mar del Plata, Provincia de Buenos Aires, Argentina",383,1,0,,0,1,Mar del Plata,San Carlos,Argentina,Buenos Aires,Calle,,,
,"-57,5417264","-38,027871","Almafuerte y General Paz, Mar del Plata, Provincia de Buenos Aires, Argentina",384,1,1,,0,2,Mar del Plata,Playa Grande,Argentina,Buenos Aires,Calle,,,
,"-57,5850089","-38,050256","Avenida Mario Bravo y Fleming, Mar del Plata, Provincia de Buenos Aires, Argentina",385,1,2,,0,3,Mar del Plata,Cerrito Sur,Argentina,Buenos Aires,Avenida,,,
,"-57,6038892","-38,028269","Calabria y De los Inmigrantes, Mar del Plata, Provincia de Buenos Aires, Argentina",386,1,2,,0,3,Mar del Plata,General Pueyrredon,Argentina,Buenos Aires,Calle,,,
,"-57,5816754","-38,050205","GarciaLorca y Gianelli, Mar del Plata, Provincia de Buenos Aires, Argentina",387,1,2,,0,3,Mar del Plata,Cerrito Sur,Argentina,Buenos Aires,Calle,,CORREDOR,
,"-57,5639785","-38,029713","Galicia y 12 de Octubre, Mar del Plata, Provincia de Buenos Aires, Argentina",388,1,2,,0,3,Mar del Plata,Las Avenidas,Argentina,Buenos Aires,Calle,,,
,"-57,5761876","-38,023073","Avenida Jacinto Peralta Ramos y Ayolas, Mar del Plata, Provincia de Buenos Aires, Argentina",389,1,2,,0,3,Mar del Plata,Peralta Ramos Oeste,Argentina,Buenos Aires,Avenida,,CORREDOR 23,
,"-57,5810893","-38,02715","Avenida Jacinto Peralta Ramos y Avenida Vertiz, Mar del Plata, Provincia de Buenos Aires, Argentina",390,1,2,,0,3,Mar del Plata,El Progreso,Argentina,Buenos Aires,Avenida,,,
,"-57,5970282","-38,044889","AvenidaAntartida Argentina y Calle Manrique, Mar del Plata, Provincia de Buenos Aires, Argentina",392,1,2,,0,3,Mar del Plata,Las Canteras,Argentina,Buenos Aires,Avenida,,,
,"-57,5740178","-38,004872","San Juan yRodriguez Peña, Mar del Plata, Provincia de Buenos Aires, Argentina",393,1,2,,0,3,Mar del Plata,Pinos de Anchorena,Argentina,Buenos Aires,Calle,,CORREDOR 13,
,"-57,6218542","-38,111258","Avenida Jorge Newbery y Calle 515, Mar del Plata, Provincia de Buenos Aires, Argentina",394,1,2,,0,3,Mar del Plata,Los Acantilados,Argentina,Buenos Aires,Avenida,,,
,"-57,654964","-37,955476","J B Justo y Antunez, Mar del Plata, Provincia de Buenos Aires, Argentina",395,1,0,,0,1,Mar del Plata,Hipodromo,Argentina,Buenos Aires,Avenida,,,
,"-57,6100177","-37,981067","Castelli 8099, Mar del Plata, Provincia de Buenos Aires, Argentina",396,1,1,,0,2,Mar del Plata,Belisario Roldan,Argentina,Buenos Aires,Calle,,CORREDOR 6,
,"-57,5871357","-37,994769","Tierra del Fuego 3219, Mar del Plata, Provincia de Buenos Aires, Argentina",397,1,2,,0,3,Mar del Plata,Bernardino Rivadavia,Argentina,Buenos Aires,Calle,,,
,"-57,5861177","-37,998732","Chile yRodriguez Peña, Mar del Plata, Provincia de Buenos Aires, Argentina",398,1,2,,0,3,Mar del Plata,Bernardino Rivadavia,Argentina,Buenos Aires,Calle,,,
,"-57,5886906","-38,001901","Chile y Matheu, Mar del Plata, Provincia de Buenos Aires, Argentina",399,1,2,,0,3,Mar del Plata,Bernardino Rivadavia,Argentina,Buenos Aires,Calle,,,
,"-57,6063838","-38,018654","Avenida Fortunato de la Plaza e Inda, Mar del Plata, Provincia de Buenos Aires, Argentina",401,1,2,,0,3,Mar del Plata,Bosque Grande,Argentina,Buenos Aires,Avenida,,,
,"-57,6164343","-38,018791","Calabria y Intendente Andres Mac Gaul, Mar del Plata, Provincia de Buenos Aires, Argentina",402,1,0,,0,1,Mar del Plata,Las Heras,Argentina,Buenos Aires,Calle,,,
,"-57,6096796","-38,021308","Genova e Inda, Mar del Plata, Provincia de Buenos Aires, Argentina",403,1,0,,0,1,Mar del Plata,Las Heras,Argentina,Buenos Aires,Calle,,,
,"-57,6069329","-38,023376","Avenida Polonia y Genova, Mar del Plata, Provincia de Buenos Aires, Argentina",404,1,2,,0,3,Mar del Plata,General Pueyrredon,Argentina,Buenos Aires,Avenida,,,
,"-57,596984","-38,015127","Avenida Polonia y Avenida Vertiz, Mar del Plata, Provincia de Buenos Aires, Argentina",405,0,0,LPR,1,1,Mar del Plata,Bosque Grande,Argentina,Buenos Aires,Avenida,,,405D-74D-633D-77D
,"-57,596984","-38,015127","Avenida Polonia y Avenida Vertiz, Mar del Plata, Provincia de Buenos Aires, Argentina",405,1,0,,0,1,Mar del Plata,Bosque Grande,Argentina,Buenos Aires,Avenida,,,
,"-57,596984","-38,015127","Avenida Polonia y Avenida Vertiz, Mar del Plata, Provincia de Buenos Aires, Argentina",405,0,2,,0,2,Mar del Plata,Bosque Grande,Argentina,Buenos Aires,Avenida,,,
,"-57,592101","-38,011097","Avenida Polonia y Ayolas, Mar del Plata, Provincia de Buenos Aires, Argentina",406,1,0,,0,1,Mar del Plata,Santa Monica,Argentina,Buenos Aires,Avenida,,,
,"-57,5574387","-38,017719","Matheu y Corrientes, Mar del Plata, Provincia de Buenos Aires, Argentina",407,1,1,,0,2,Mar del Plata,Primera Junta,Argentina,Buenos Aires,Calle,,,
,"-57,5614269","-38,015697","San Luis y Matheu, Mar del Plata, Provincia de Buenos Aires, Argentina",408,1,2,,0,3,Mar del Plata,San Jose,Argentina,Buenos Aires,Calle,,,
,"-57,5620124","-38,019913","Avenida Juan Jose Paso y Santiago del Estero, Mar del Plata, Provincia de Buenos Aires, Argentina",409,1,2,,0,3,Mar del Plata,Primera Junta,Argentina,Buenos Aires,Avenida,,,
,"-57,560052","-38,020955","Avenida Juan Jose Paso y Corrientes, Mar del Plata, Provincia de Buenos Aires, Argentina",410,1,2,,0,3,Mar del Plata,Primera Junta,Argentina,Buenos Aires,Avenida,,,
,"-57,6005163","-37,978019","Avenida Colon y  Termas de Rio Hondo, Mar del Plata, Provincia de Buenos Aires, Argentina",413,1,2,,0,3,Mar del Plata,Coronel Dorrego,Argentina,Buenos Aires,Avenida,,,
,"-57,6143485","-37,986349","Avenida Juan B. Justo 8102 , Mar del Plata, Provincia de Buenos Aires, Argentina",412,1,0,,0,1,Mar del Plata,Belisario Roldan,Argentina,Buenos Aires,Avenida,,,
,"-57,5660407","-38,017925","Avenida Juan Jose Paso y Hipolito Yrigoyen, Mar del Plata, Provincia de Buenos Aires, Argentina",411,1,2,,0,3,Mar del Plata,San Jose,Argentina,Buenos Aires,Avenida,,,
,"-57,6114725","-37,97244","Avenida Colon y  Brasil, Mar del Plata, Provincia de Buenos Aires, Argentina",414,1,2,,0,3,Mar del Plata,Coronel Dorrego,Argentina,Buenos Aires,Avenida,,,
,"-57,6102046","-38,026082","Avenida Polonia y William Morris, Mar del Plata, Provincia de Buenos Aires, Argentina",415,1,2,,0,3,Mar del Plata,General Pueyrredon,Argentina,Buenos Aires,Avenida,,,
,"-57,5996724","-38,028853","Genova y Pehuajo, Mar del Plata, Provincia de Buenos Aires, Argentina",416,1,2,,0,3,Mar del Plata,General Pueyrredon,Argentina,Buenos Aires,Calle,,,
,"-57,5963607","-38,03136","Genova y Calle Friuli, Mar del Plata, Provincia de Buenos Aires, Argentina",417,1,2,,0,3,Mar del Plata,General Pueyrredon,Argentina,Buenos Aires,Calle,,,
,"-57,5510208","-38,028923","Azcuenaga y Carlos Alvear, Mar del Plata, Provincia de Buenos Aires, Argentina",418,1,2,,0,3,Mar del Plata,San Carlos,Argentina,Buenos Aires,Calle,,,
,"-57,551756","-38,007212","Alberti y Santiago del Estero, Mar del Plata, Provincia de Buenos Aires, Argentina",419,1,2,,0,3,Mar del Plata,Plaza Mitre,Argentina,Buenos Aires,Calle,,,
,"-57,5684679","-38,003225","TomasGuido y Alvarado, Mar del Plata, Provincia de Buenos Aires, Argentina",420,1,2,,0,3,Mar del Plata,San Juan,Argentina,Buenos Aires,Calle,,CORREDOR 13,
,"-57,5720202","-38,005884","Rodriguez Pena y Dean Funes, Mar del Plata, Provincia de Buenos Aires, Argentina",421,1,2,,0,3,Mar del Plata,Pinos de Anchorena,Argentina,Buenos Aires,Calle,,CORREDOR 13,
,"-57,576591","-38,008048","San Juan y Matheu, Mar del Plata, Provincia de Buenos Aires, Argentina",422,1,2,,0,3,Mar del Plata,Pinos de Anchorena,Argentina,Buenos Aires,Calle,,CORREDOR 13,
,"-57,5780032","-38,002839","Rodriguez Pena y Italia, Mar del Plata, Provincia de Buenos Aires, Argentina",423,1,2,,0,3,Mar del Plata,Bernardino Rivadavia,Argentina,Buenos Aires,Calle,,,
,"-57,544255","-38,018811","Martin Miguel de Guemes y General Roca, Mar del Plata, Provincia de Buenos Aires, Argentina",424,1,2,,0,3,Mar del Plata,Los Troncos,Argentina,Buenos Aires,Calle,,,
,"-57,5721925","-38,014816","Avenida Juan Jose Paso y Espana, Mar del Plata, Provincia de Buenos Aires, Argentina",425,1,2,,0,3,Mar del Plata,San Jose,Argentina,Buenos Aires,Avenida,,,
,"-57,5712096","-37,976797","Chacabuco y Peru, Mar del Plata, Provincia de Buenos Aires, Argentina",426,1,2,,0,3,Mar del Plata,Villa Primera,Argentia,Buenos Aires,Calle,,,
,"-57,6088911","-37,994494","El cano y Etchegaray, Mar del Plata, Provincia de Buenos Aires, Argentina",427,1,0,,0,1,Mar del Plata,Las Americas,Argentia,Buenos Aires,Calle,,,
,"-57,6023339","-38,024273","Puan y Magnasco, Mar del Plata, Provincia de Buenos Aires, Argentina",428,1,1,,0,2,Mar del Plata,General Pueyrredon,Argentia,Buenos Aires,Calle,,CORREDOR 16,
,"-57,601142","-37,997762","Labarden y Solis, Mar del Plata, Provincia de Buenos Aires, Argentina",429,1,2,,0,3,Mar del Plata,Las Americas,Argentia,Buenos Aires,Calle,,,
,"-57,5993465","-37,994251","Saavedra y Tres Arroyos, Mar del Plata, Provincia de Buenos Aires, Argentina",430,1,2,,0,3,Mar del Plata,Regional,Argentia,Buenos Aires,Calle,,,
,"-57,5624579","-37,983578","Avenida Libertad 4600, Mar del Plata, Provincia de Buenos Aires, Argentina",431,1,2,,0,3,Mar del Plata,Villa Primera,Argentia,Buenos Aires,Avenida,,,
,"-57,61464","-37,95689","Avenida Libertad y Fermin Errea, Mar del Plata, Provincia de Buenos Aires, Argentina",432,1,2,,0,3,Mar del Plata,Nueve de Julio,Argentina,Buenos Aires,Avenida,,,
,"-57,5956095","-37,966739","Avenida Libertad y Jose Maria Calaza, Mar del Plata, Provincia de Buenos Aires, Argentina",433,1,2,,0,3,Mar del Plata,Malvinas Argentinas,Argentia,Buenos Aires,Avenida,,,
,"-57,542916","-38,001464","Peatonal San Martin y Entre Rios, Mar del Plata, Provincia de Buenos Aires, Argentina",434,1,2,,0,3,Mar del Plata,Centro,Argentia,Buenos Aires,Calle,,,
,"-57,5459363","-37,999956","Peatonal San Martin y Santiago del Estero, Mar del Plata, Provincia de Buenos Aires, Argentina",435,1,2,,0,3,Mar del Plata,Centro,Argentia,Buenos Aires,Calle,,,
,"-57,5475205","-37,996752","25 de Mayo 2800, Mar del Plata, Provincia de Buenos Aires, Argentina",437,1,2,,0,3,Mar del Plata,La Perla,Argentia,Buenos Aires,Calle,,,
,"-57,5424627","-37,99916","Diagonal Alberdi Sur y Corrientes, Mar del Plata, Provincia de Buenos Aires, Argentina",438,1,2,,0,3,Mar del Plata,Centro,Argentia,Buenos Aires,Calle,,,
,"-57,5325835","-38,012756","Avenida Patricio Peralta Ramos, Mar del Plata, Provincia de Buenos Aires, Argentina",440,0,0,LPR 1( SUR),1,1,Mar del Plata,Lomas de Stella Maris,Argentia,Buenos Aires,Avenida,,,440D-381D-381F1-381F2-442D-308D-308F1
,"-57,5325835","-38,012756","Avenida Patricio Peralta Ramos, Mar del Plata, Provincia de Buenos Aires, Argentina",440,1,0,,1,2,Mar del Plata,Lomas de Stella Maris,Argentia,Buenos Aires,Avenida,,,
,"-57,5325835","-38,012756","Avenida Patricio Peralta Ramos, Mar del Plata, Provincia de Buenos Aires, Argentina",440,0,1,,1,2,Mar del Plata,Lomas de Stella Maris,Argentia,Buenos Aires,Avenida,,,
,"-57,53001","-38,02375","Avellaneda 26 , Mar del Plata, Provincia de Buenos Aires, Argentina",442,1,1,,0,2,Mar del Plata,Playa Grande,Argentina,Buenos Aires,Avenida,,,
,"-57,55569","-37,9926","25 de Mayo 3600, Mar del Plata, Provincia de Buenos Aires, Argentina",445,1,2,,0,3,Mar del Plata,Centro,Argentia,Buenos Aires,Calle,,,
,"-57,5792843","-38,004433","Saavedra 4600, Mar del Plata, Provincia de Buenos Aires, Argentina",446,1,0,,0,1,Mar del Plata,Bernardino Rivadavia,Argentia,Buenos Aires,Calle,,,
,"-57,5846452","-38,003964","Avenida Juan Hector Jara y Matheu, Mar del Plata, Provincia de Buenos Aires, Argentina",447,1,2,,0,3,Mar del Plata,Bernardino Rivadavia,Argentia,Buenos Aires,Avenida,,,
,"-57,5769418","-37,994489","Avenida Juan Hector Jara y Alberti, Mar del Plata, Provincia de Buenos Aires, Argentina",448,1,2,,0,3,Mar del Plata,Bernardino Rivadavia,Argentia,Buenos Aires,Avenida,,,
,"-57,557689","-37,963516","Avenida Constitucion y Marcos Sastre, Mar del Plata, Provincia de Buenos Aires, Argentina",449,1,2,,0,3,Mar del Plata,Constitucion,Argentia,Buenos Aires,Avenida,,,
,"-57,5614799","-37,971696","Belisario Roldan y Falkner, Mar del Plata, Provincia de Buenos Aires, Argentina",450,1,2,,0,3,Mar del Plata,Parque Luro,Argentia,Buenos Aires,Calle,,,
,"-57,5657246","-37,952635","Montes Carballo y Joaquina Acevedo, Mar del Plata, Provincia de Buenos Aires, Argentina",451,1,2,,0,3,Mar del Plata,Caisamar,Argentia,Buenos Aires,Calle,,,
,"-57,5579859","-37,95002","Avenida Jose Manuel Estrada y Joaquin V.Gonzalez, Mar del Plata, Provincia de Buenos Aires, Argentina",452,1,2,,0,3,Mar del Plata,Caisamar,Argentia,Buenos Aires,Avenida,,,
,"-57,5537985","-37,95868","Marcos Sastre y Joaquina Acevedo, Mar del Plata, Provincia de Buenos Aires, Argentina",453,1,2,,0,3,Mar del Plata,Caisamar,Argentia,Buenos Aires,Calle,,,
,"-57,5685505","-37,964789","Padre Cardiel y Ricardo Rojas, Mar del Plata, Provincia de Buenos Aires, Argentina",454,1,2,,0,3,Mar del Plata,Los Pinares,Argentia,Buenos Aires,Calle,,,
,"-57,547611","-38,015992","Las Heras y San Lorenzo, Mar del Plata, Provincia de Buenos Aires, Argentina",455,1,2,,0,3,Mar del Plata,General Roca,Argentia,Buenos Aires,Calle,,,
,"-57,5427843","-38,011749","Alberti y Sarmiento, Mar del Plata, Provincia de Buenos Aires, Argentina",456,1,2,,0,3,Mar del Plata,Vieja Terminal,Argentia,Buenos Aires,Calle,2,,
,"-57,5450599","-38,01283","Garay y Las Heras, Mar del Plata, Provincia de Buenos Aires, Argentina",457,1,2,,0,3,Mar del Plata,Vieja Terminal,Argentia,Buenos Aires,Calle,,,
,"-57,5799064","-38,033221","Tripulantes del Fournier y Dellepiane, Mar del Plata, Provincia de Buenos Aires, Argentina",459,1,2,,0,3,Mar del Plata,El Progreso,Argentia,Buenos Aires,Avenida,,,
,"-57,5772913","-38,036475","General Savio y Soler, Mar del Plata, Provincia de Buenos Aires, Argentina",460,1,2,,0,3,Mar del Plata,El Progreso,Argentia,Buenos Aires,Calle,,,
,"-57,5897057","-38,025842","Tripulantes del Fournier y Calle Friuli, Mar del Plata, Provincia de Buenos Aires, Argentina",462,1,2,,0,3,Mar del Plata,Fortunato de la Plaza,Argentia,Buenos Aires,Avenida,,,
,"-57,5798869","-38,018868","Avenida de las Olimpiadas y Ayolas, Mar del Plata, Provincia de Buenos Aires, Argentina",464,1,3,,0,4,Mar del Plata,Peralta Ramos Oeste,Argentia,Buenos Aires,Avenida,,,
,"-57,5835032","-38,00974","Avenida Juan B. Justo y Italia, Mar del Plata, Provincia de Buenos Aires, Argentina",465,1,2,,0,3,Mar del Plata,Santa Monica,Argentia,Buenos Aires,Avenida,,,
,"-57,5866264","-38,012617","12 de Octubre y Intendente Camusso, Mar del Plata, Provincia de Buenos Aires, Argentina",466,1,0,,0,1,Mar del Plata,Santa Rita,Argentia,Buenos Aires,Calle,,,
,"-57,5904583","-38,009728","Avenida Polonia y 12 de Octubre, Mar del Plata, Provincia de Buenos Aires, Argentina",468,1,2,,0,3,Mar del Plata,Santa Monica,Argentia,Buenos Aires,Avenida,,,
,"-57,59901","-38,00827","Reforma Universitaria y Ortiz de Zarate, Mar del Plata, Provincia de Buenos Aires, Argentina",469,1,0,,0,1,Mar del Plata,San Antonio,Argentina,Buenos Aires,Calle,,,
,"-57,6040867","-38,007204","Intendente Vignolo y Guanahani,, Mar del Plata, Provincia de Buenos Aires, Argentina",471,1,1,,0,2,Mar del Plata,El Gaucho,Argentia,Buenos Aires,Calle,,,
,"-57,6086476","-37,999872","Irala y Fernandez J. N. , Mar del Plata, Provincia de Buenos Aires, Argentina",473,1,0,,0,1,Mar del Plata,Las Americas,Argentia,Buenos Aires,Calle,,,
,"-57,6061479","-37,988587","Avenida Doctor ArturoAlio yRodriguez Peña,, Mar del Plata, Provincia de Buenos Aires, Argentina",475,1,2,,0,3,Mar del Plata,Belisario Roldan,Argentia,Buenos Aires,Avenida,,,
,"-57,5639469","-38,009959","Avenida Independencia yRodriguez Peña, Mar del Plata, Provincia de Buenos Aires, Argentina",476,1,2,,0,3,Mar del Plata,San Jose,Argentia,Buenos Aires,Avenida,,CORREDOR 13,
,"-57,5613468","-38,006786","Avenida Independencia y Alvarado, Mar del Plata, Provincia de Buenos Aires, Argentina",477,1,2,,0,3,Mar del Plata,San Jose,Argentia,Buenos Aires,Avenida,,CORREDOR 13,
,"-57,5588173","-38,003634","Avenida Independencia y Alberti, Mar del Plata, Provincia de Buenos Aires, Argentina",478,1,2,,0,3,Mar del Plata,San Juan,Argentia,Buenos Aires,Avenida,,CORREDOR 10,
,"-57,5665124","-38,01314","Avenida Independencia y Matheu, Mar del Plata, Provincia de Buenos Aires, Argentina",479,1,2,,0,3,Mar del Plata,San Jose,Argentia,Buenos Aires,Avenida,,CORREDOR 13,
,"-57,5541312","-38,004888","Bartolome Mitre y Gascon, Mar del Plata, Provincia de Buenos Aires, Argentina",480,1,2,,0,3,Mar del Plata,Plaza Mitre,Argentia,Buenos Aires,Calle,,CORREDOR 10,
,"-57,5649334","-38,000573","Alberti y Dorrego, Mar del Plata, Provincia de Buenos Aires, Argentina",481,1,2,,0,3,Mar del Plata,San Juan,Argentia,Buenos Aires,Calle,,CORREDOR 11,
,"-57,5583435","-37,995914","Belgrano y 20 de Septiembre, Mar del Plata, Provincia de Buenos Aires, Argentina",482,1,2,,0,3,Mar del Plata,Don Bosco,Argentia,Buenos Aires,Calle,,,
,"-57,5702898","-37,993294","Avenida Colon 4600, Mar del Plata, Provincia de Buenos Aires, Argentina",483,1,2,,0,3,Mar del Plata,Don Bosco,Argentia,Buenos Aires,Avenida,,,
,"-57,5751349","-37,981638","9 de Julio y Peru, Mar del Plata, Provincia de Buenos Aires, Argentina",484,1,2,,0,3,Mar del Plata,Sarmiento,Argentia,Buenos Aires,Calle,,,
,"-57,5823898","-37,987171","Avenida Colon y  Teodoro Bronzini, Mar del Plata, Provincia de Buenos Aires, Argentina",485,1,2,,0,3,Mar del Plata,Los Andes,Argentia,Buenos Aires,Avenida,,,
,"-57,5777741","-37,984941","Rivadavia y Peru, Mar del Plata, Provincia de Buenos Aires, Argentina",486,1,1,,0,2,Mar del Plata,Los Andes,Argentia,Buenos Aires,Calle,,,
,"-57,5768095","-38,108741","Ruta Provincial 11 y Calle 445, Mar del Plata, Provincia de Buenos Aires, Argentina",487,1,2,,0,3,Mar del Plata,Playa Serena,Argentia,Buenos Aires,Ruta,,,
,"-57,5807848","-37,983428","Rivadavia y Malvinas, Mar del Plata, Provincia de Buenos Aires, Argentina",488,1,2,,0,3,Mar del Plata,Los Andes,Argentia,Buenos Aires,Calle,,,
,"-57,5849884","-37,990403","Alberti y Teodoro Bronzini, Mar del Plata, Provincia de Buenos Aires, Argentina",490,1,2,,0,3,Mar del Plata,Los Andes,Argentia,Buenos Aires,Calle,,,
,"-57,5500002","-37,978611","Rio Negro y Dean Funes, Mar del Plata, Provincia de Buenos Aires, Argentina",491,1,2,,0,3,Mar del Plata,Nueva Pompeya,Argentia,Buenos Aires,Calle,,,
,"-57,5839977","-38,111384","Ruta Provincial 11 y Calle 461, Mar del Plata, Provincia de Buenos Aires, Argentina",492,1,2,,0,3,Mar del Plata,San Patricio,Argentia,Buenos Aires,Calle,,CORREDOR 17,
,"-57,5584912","-38,099064","Diagonal Centro, Mar del Plata, Provincia de Buenos Aires, Argentina",493,1,2,,0,3,Mar del Plata,Alfar,Argentia,Buenos Aires,Ruta,,,
,"-57,5451502","-38,058345","Avenida de los Trabajadores y Vergara, Mar del Plata, Provincia de Buenos Aires, Argentina",497,1,2,,0,3,Mar del Plata,Punta Mogotes,Argentia,Buenos Aires,Avenida,,,
,"-57,5372696","-37,95364","Avenida Felix U. Camet y Lucio Mansilla, Mar del Plata, Provincia de Buenos Aires, Argentina",498,1,2,,0,3,Mar del Plata,Zacagnini,Argentia,Buenos Aires,Avenida,,CORREDOR 29,
,"-57,5352097","-37,946953","Avenida Felix U. Camet y Avenida Fray LuisBeltran, Mar del Plata, Provincia de Buenos Aires, Argentina",499,1,2,,0,3,Mar del Plata,Zacagnini,Argentia,Buenos Aires,Avenida,,,
,"-57,5458627","-37,939808","Avenida Fray LuisBeltran y E. Calabrese, Mar del Plata, Provincia de Buenos Aires, Argentina",501,1,0,,0,1,Mar del Plata,Alto Camet,Argentia,Buenos Aires,Calle,,,
,"-57,5597628","-37,955678","Joaquina Acevedo y Daireaux, Mar del Plata, Provincia de Buenos Aires, Argentina",502,1,0,,0,1,Mar del Plata,Caisamar,Argentia,Buenos Aires,Calle,,,
,"-57,5455234","-37,969583","Avenida Constitucion y Patagones, Mar del Plata, Provincia de Buenos Aires, Argentina",503,0,3,,0,3,Mar del Plata,Constitucion,Argentia,Buenos Aires,Avenida,,,
,"-57,5495718","-37,967634","Avenida Constitucion y Pasteur, Mar del Plata, Provincia de Buenos Aires, Argentina",504,1,2,,0,3,Mar del Plata,Constitucion,Argentia,Buenos Aires,Avenida,,,
,"-57,5461575","-37,97387","Florisbelo Acosta y Jose Marmol, Mar del Plata, Provincia de Buenos Aires, Argentina",505,0,4,,0,4,Mar del Plata,Parque Luro,Argentia,Buenos Aires,Calle,,,
,"-57,5494275","-37,974439","Patagones y Padre Cardiel, Mar del Plata, Provincia de Buenos Aires, Argentina",506,1,2,,0,3,Mar del Plata,Parque Luro,Argentia,Buenos Aires,Calle,,,
,"-57,5551961","-37,981561","San Juan y Necochea, Mar del Plata, Provincia de Buenos Aires, Argentina",507,1,2,,0,3,Mar del Plata,Parque Luro,Argentia,Buenos Aires,Calle,,,
,"-57,5504221","-37,989619","Avenida Libertad y Jujuy, Mar del Plata, Provincia de Buenos Aires, Argentina",508,1,2,,0,3,Mar del Plata,La Perla,Argentia,Buenos Aires,Avenida,,CORREDOR 9,
,"-57,5650311","-37,98679","9 de Julio y Italia, Mar del Plata, Provincia de Buenos Aires, Argentina",509,1,2,,0,3,Mar del Plata,Estacion Norte,Argentia,Buenos Aires,Calle,,,
,"-57,5559727","-37,975606","Italia 1, Mar del Plata, Provincia de Buenos Aires, Argentina",510,1,2,,0,3,Mar del Plata,Villa Primera,Argentia,Buenos Aires,Calle,,,
,"-57,5527934","-37,971641","Pasteur y Juan Angel Pena, Mar del Plata, Provincia de Buenos Aires, Argentina",511,0,4,,0,4,Mar del Plata,Parque Luro,Argentia,Buenos Aires,Calle,,,
,"-57,5601646","-37,979052","Necochea y Neuquen, Mar del Plata, Provincia de Buenos Aires, Argentina",512,1,2,,0,3,Mar del Plata,Villa Primera,Argentia,Buenos Aires,Calle,,,
,"-57,578702","-37,961815","Avenida Monsenor Zabala y Strobel, Mar del Plata, Provincia de Buenos Aires, Argentina",513,1,2,,0,3,Mar del Plata,Los Pinares,Argentia,Buenos Aires,Avenida,,,
,"-57,5988641","-37,951647","T. Stegagnini y Strobel, Mar del Plata, Provincia de Buenos Aires, Argentina",516,1,0,,0,1,Mar del Plata,Libertad,Argentia,Buenos Aires,Calle,,,
,"-57,5478602","-37,995449","Nueve de Julio y Hipolito Yrigoyen, Mar del Plata, Provincia de Buenos Aires, Argentina",519,1,2,,0,3,Mar del Plata,La Perla,Argentia,Buenos Aires,Calle,,,
,"-57,5538767","-37,999288","Moreno y Catamarca, Mar del Plata, Provincia de Buenos Aires, Argentina",520,0,0,LPR,1,1,Mar del Plata,Centro,Argentia,Buenos Aires,Calle,,,581D-520D-56D-57D-59D-85D
,"-57,5538767","-37,999288","Moreno y Catamarca, Mar del Plata, Provincia de Buenos Aires, Argentina",520,1,0,,0,1,Mar del Plata,Centro,Argentia,Buenos Aires,Calle,,,
,"-57,5538767","-37,999288","Moreno y Catamarca, Mar del Plata, Provincia de Buenos Aires, Argentina",520,0,2,,0,2,Mar del Plata,Centro,Argentia,Buenos Aires,Calle,,,
,"-57,5491844","-38,000537","San Luis y Belgrano, Mar del Plata, Provincia de Buenos Aires, Argentina",521,1,2,,0,3,Mar del Plata,Centro,Argentia,Buenos Aires,Calle,,,
,"-57,5471858","-38,001552","Santiago del Estero 1900, Mar del Plata, Provincia de Buenos Aires, Argentina",522,1,2,,0,3,Mar del Plata,Centro,Argentia,Buenos Aires,Calle,,,
,"-57,5501622","-38,003471","Avenida Colon y  Cordoba, Mar del Plata, Provincia de Buenos Aires, Argentina",523,1,1,,0,2,Mar del Plata,Centro,Argentia,Buenos Aires,Avenida,,,
,"-57,5750912","-37,988533","Moreno y Marconi, Mar del Plata, Provincia de Buenos Aires, Argentina",524,1,1,,0,2,Mar del Plata,Don Bosco,Argentia,Buenos Aires,Calle,,,
,"-57,5877511","-37,979914","Tres Arroyos y Rivadavia, Mar del Plata, Provincia de Buenos Aires, Argentina",525,1,0,,0,1,Mar del Plata,San Cayetano,Argentia,Buenos Aires,Calle,,,
,"-57,5910354","-37,980464","Gamal Abdel Nasser y Moreno, Mar del Plata, Provincia de Buenos Aires, Argentina",526,1,1,,0,2,Mar del Plata,San Cayetano,Argentia,Buenos Aires,Calle,,,
,"-57,5964005","-37,976644","Avenida Doctor ArturoAlio y Belgrano, Mar del Plata, Provincia de Buenos Aires, Argentina",528,1,2,,0,3,Mar del Plata,San Cayetano,Argentia,Buenos Aires,Avenida,,CORREDOR-A,
,"-57,6059138","-37,963847","11 de Septiembre 8800, Mar del Plata, Provincia de Buenos Aires, Argentina",529,1,1,,0,2,Mar del Plata,Libertad,Argentia,Buenos Aires,Calle,,,
,"-57,6135226","-37,961101","3 de Febrero 9500, Mar del Plata, Provincia de Buenos Aires, Argentina",530,1,1,,0,2,Mar del Plata,Libertad,Argentia,Buenos Aires,Calle,,,
,"-57,6215874","-37,960294",", Mar del Plata, Provincia de Buenos Aires, Argentina",531,1,0,,0,1,Mar del Plata,Florentino Ameghino,Argentia,Buenos Aires,Avenida,,,
,"-57,6104459","-37,965956","Avenida Pedro Luro yLeguizamon Onesimo, Mar del Plata, Provincia de Buenos Aires, Argentina",532,1,2,,0,3,Mar del Plata,Jorge Newbery,Argentia,Buenos Aires,Avenida,,,
,"-57,6065567","-37,961216","Avenida Libertad yLeguizamon Onesimo, Mar del Plata, Provincia de Buenos Aires, Argentina",536,1,0,,0,1,Mar del Plata,Libertad,Argentia,Buenos Aires,Avenida,,,
,"-57,5715179","-37,978957","Mexico y Avenida Libertad, Mar del Plata, Provincia de Buenos Aires, Argentina",537,1,2,,0,3,Mar del Plata,Sarmiento,Argentia,Buenos Aires,Avenida,,,
,"-57,5821487","-37,981645","San Martin y Doctor Victoriano E. Montes, Mar del Plata, Provincia de Buenos Aires, Argentina",538,1,1,,0,2,Mar del Plata,Los Andes,Argentia,Buenos Aires,Calle,,,
,"-57,5693109","-37,990344","Belgrano y Neuquen, Mar del Plata, Provincia de Buenos Aires, Argentina",540,1,4,,0,5,Mar del Plata,Don Bosco,Argentia,Buenos Aires,Calle,,,
,"-57,5656844","-37,991072","Rivadavia y Chaco, Mar del Plata, Provincia de Buenos Aires, Argentina",541,1,2,,0,3,Mar del Plata,Don Bosco,Argentia,Buenos Aires,Calle,,,
,"-57,5556947","-37,996101","Rivadavia y Jujuy, Mar del Plata, Provincia de Buenos Aires, Argentina",542,1,1,,0,2,Mar del Plata,Centro,Argentia,Buenos Aires,Calle,,,
,"-57,5515614","-37,998247","La Rioja y Rivadavia, Mar del Plata, Provincia de Buenos Aires, Argentina",543,1,2,,0,3,Mar del Plata,Centro,Argentia,Buenos Aires,Calle,1,,
,"-57,5521837","-37,999032","Belgrano y La Rioja, Mar del Plata, Provincia de Buenos Aires, Argentina",544,1,2,,0,3,Mar del Plata,Centro,Argentia,Buenos Aires,Calle,,,
,"-57,5883111","-38,015299","Irala y De los Inmigrantes, Mar del Plata, Provincia de Buenos Aires, Argentina",470,1,0,,0,1,Mar del Plata,Santa Rita,Argentia,Buenos Aires,Calle,,,
,"-57,5387037","-38,017162","Mendoza y Castelli, Mar del Plata, Provincia de Buenos Aires, Argentina",545,1,2,,0,3,Mar del Plata,Lomas de Stella Maris,Argentia,Buenos Aires,Calle,,,
,"-57,5397985","-38,01326","Martin Miguel de Guemes y Alberti, Mar del Plata, Provincia de Buenos Aires, Argentina",546,1,2,,0,3,Mar del Plata,Lomas de Stella Maris,Argentia,Buenos Aires,Calle,,,
,"-57,5385385","-38,023911","Primera Junta 602, Mar del Plata, Provincia de Buenos Aires, Argentina",547,1,2,,0,3,Mar del Plata,Playa Grande,Argentia,Buenos Aires,Calle,,,
,"-57,5478822","-38,018079","Rodriguez Pena y Sarmiento, Mar del Plata, Provincia de Buenos Aires, Argentina",549,1,2,,0,3,Mar del Plata,Los Troncos,Argentia,Buenos Aires,Calle,,,
,"-57,5400556","-38,015361","Carlos Alvear y Garay, Mar del Plata, Provincia de Buenos Aires, Argentina",550,1,2,,0,3,Mar del Plata,Lomas de Stella Maris,Argentia,Buenos Aires,Calle,,,
,"-57,5424318","-38,013034","Alsina y Rawson, Mar del Plata, Provincia de Buenos Aires, Argentina",551,1,2,,0,3,Mar del Plata,Vieja Terminal,Argentia,Buenos Aires,Calle,,,
,"-57,5596354","-38,025692","Tucuman y Pringles, Mar del Plata, Provincia de Buenos Aires, Argentina",552,1,2,,0,3,Mar del Plata,San Carlos,Argentia,Buenos Aires,Calle,,,
,"-57,5564941","-38,014827","Santa Fe y Primera Junta, Mar del Plata, Provincia de Buenos Aires, Argentina",553,1,2,,0,3,Mar del Plata,General Roca,Argentia,Buenos Aires,Calle,,,
,"-57,5600728","-38,017507","Formosa y Santiago del Estero, Mar del Plata, Provincia de Buenos Aires, Argentina",554,1,2,,0,3,Mar del Plata,Primera Junta,Argentia,Buenos Aires,Calle,,,
,"-57,5503219","-38,012391","Buenos Aires y Alvarado, Mar del Plata, Provincia de Buenos Aires, Argentina",555,1,2,,0,3,Mar del Plata,General Roca,Argentia,Buenos Aires,Calle,,,
,"-57,5583275","-38,008369","Hipolito Yrigoyen y Alvarado, Mar del Plata, Provincia de Buenos Aires, Argentina",556,1,2,,0,3,Mar del Plata,San Jose,Argentia,Buenos Aires,Calle,,,
,"-57,5641472","-38,01209","Catamarca y Saavedra, Mar del Plata, Provincia de Buenos Aires, Argentina",557,1,2,,0,3,Mar del Plata,San Jose,Argentia,Buenos Aires,Calle,,CORREDOR 12,
,"-57,5518769","-38,016046","Rodriguez Pena y Tucuman, Mar del Plata, Provincia de Buenos Aires, Argentina",558,1,2,,0,3,Mar del Plata,General Roca,Argentia,Buenos Aires,Calle,,,
,"-57,5650424","-38,01497","La Rioja y Formosa, Mar del Plata, Provincia de Buenos Aires, Argentina",559,1,2,,0,3,Mar del Plata,San Jose,Argentia,Buenos Aires,Calle,,,
,"-57,5735691","-38,009543","TomasGuido y Matheu, Mar del Plata, Provincia de Buenos Aires, Argentina",560,1,0,,0,1,Mar del Plata,San Jose,Argentia,Buenos Aires,Calle,,CORREDOR 13,
,"-57,5795038","-37,997633","Avenida Juan Hector Jara y Alvarado, Mar del Plata, Provincia de Buenos Aires, Argentina",562,1,2,,0,3,Mar del Plata,Bernardino Rivadavia,Argentia,Buenos Aires,Avenida,,,
,"-57,5921228","-37,995693","Rodriguez Pena y Juncal, Mar del Plata, Provincia de Buenos Aires, Argentina",563,1,2,,0,3,Mar del Plata,Bernardino Rivadavia,Argentia,Buenos Aires,Calle,,,
,"-57,6028106","-37,988055","San Lorenzo y Paula AAlbarracin, Mar del Plata, Provincia de Buenos Aires, Argentina",564,1,0,,0,1,Mar del Plata,Regional,Argentia,Buenos Aires,Calle,,,
,"-57,5717257","-38,047367","Puan y Jose Hernandez, Mar del Plata, Provincia de Buenos Aires, Argentina",565,1,2,,0,3,Mar del Plata,Cerrito Sur,Argentia,Buenos Aires,Calle,,CORREDOR 2,
,"-57,5657271","-38,051882","Padre Dutto y Puan, Mar del Plata, Provincia de Buenos Aires, Argentina",566,1,2,,0,3,Mar del Plata,Juramento,Argentia,Buenos Aires,Calle,,,
,"-57,5866846","-37,94879","Avenida Constitucion y Pedro Zanni, Mar del Plata, Provincia de Buenos Aires, Argentina",568,1,1,,0,2,Mar del Plata,La Florida,Argentia,Buenos Aires,Avenida,,,
,"-57,5457799","-38,010241","Alberti y Arenales, Mar del Plata, Provincia de Buenos Aires, Argentina",570,1,2,,0,3,Mar del Plata,Vieja Terminal,Argentia,Buenos Aires,Calle,2,,
,"-57,5477932","-38,009231","Alberti y Buenos Aires, Mar del Plata, Provincia de Buenos Aires, Argentina",571,1,2,,0,3,Mar del Plata,Vieja Terminal,Argentia,Buenos Aires,Calle,2,,
,"-57,6700309","-38,007115","Ruta Provincial 88, Mar del Plata, Provincia de Buenos Aires, Argentina",572,1,1,,0,2,Mar del Plata,Colina Alegre,Argentia,Buenos Aires,Ruta,,,
,"-57,6914886","-38,006574","Ruta Provincial 88 y Acceso a Chapadmalall, Mar del Plata, Provincia de Buenos Aires, Argentina",573,0,0,LPR 1 (SUR),1,1,Mar del Plata,El Colmenar,Argentia,Buenos Aires,Ruta,,,573F1-573F2-615D-615F1-615F2
,"-57,6914886","-38,006574","Ruta Provincial 88 y Acceso a Chapadmalall, Mar del Plata, Provincia de Buenos Aires, Argentina",573,0,2,,0,2,Mar del Plata,El Colmenar,Argentia,Buenos Aires,Ruta,,,
,"-57,6239556","-38,020857","Avenida Mario Bravo y Avenida Victorio Tetamanti, Mar del Plata, Provincia de Buenos Aires, Argentina",577,1,2,,0,3,Mar del Plata,Parque Palermo,Argentia,Buenos Aires,Avenida,,,
,"-57,5385752","-38,008257","Alsina 2100, Mar del Plata, Provincia de Buenos Aires, Argentina",578,1,2,,0,3,Mar del Plata,Macrocentro,Argentia,Buenos Aires,Avenida,,,
,"-57,5420614","-38,014331","Olavarria y Garay, Mar del Plata, Provincia de Buenos Aires, Argentina",579,1,2,,0,3,Mar del Plata,Vieja Terminal,Argentia,Buenos Aires,Calle,2,,
,"-57,544613","-38,017509","Olavarria y San Lorenzo, Mar del Plata, Provincia de Buenos Aires, Argentina",580,1,2,,0,3,Mar del Plata,Los Troncos,Argentia,Buenos Aires,Calle,2,,
,"-57,5542638","-37,997962","Avenida Independencia y Belgrano, Mar del Plata, Provincia de Buenos Aires, Argentina",581,1,2,,0,3,Mar del Plata,Centro,Argentia,Buenos Aires,Avenida,,,
,"-57,5479019","-37,998955","Peatonal San Martin y San Luis, Mar del Plata, Provincia de Buenos Aires, Argentina",582,1,2,,0,3,Mar del Plata,Centro,Argentia,Buenos Aires,Calle,,,
,"-57,5417824","-37,996605","Avenida Patricio Peralta Ramos y Santa Fe, Mar del Plata, Provincia de Buenos Aires, Argentina",583,1,2,,0,3,Mar del Plata,La Perla,Argentia,Buenos Aires,Avenida,,,
,"-57,5531637","-38,001973","Avenida Colon y  Hipolito Yrigoyen, Mar del Plata, Provincia de Buenos Aires, Argentina",585,1,2,,0,3,Mar del Plata,Centro,Argentia,Buenos Aires,Avenida,,,
,"-57,5843333","-37,982754","Avenida M. Champagnat y Belgrano, Mar del Plata, Provincia de Buenos Aires, Argentina",586,1,2,,0,3,Mar del Plata,Los Andes,Argentia,Buenos Aires,Avenida,,,
,"-57,5432396","-37,975338","Avenida Felix U. Camet y Florisbelo Acosta, Mar del Plata, Provincia de Buenos Aires, Argentina",587,1,2,,0,3,Mar del Plata,Parque Luro,Argentia,Buenos Aires,Avenida,,,
,"-57,5315803","-37,932353","Ruta Provincial 11 y Calle Scaglia, Mar del Plata, Provincia de Buenos Aires, Argentina",589,0,0,LPR 1 (NORTE),1,1,Mar del Plata,Parque Camet,Argentia,Buenos Aires,Ruta,,,589D-589F1-819F1-819F2-685D
,"-57,5315803","-37,932353","Ruta Provincial 11 y Calle Scaglia, Mar del Plata, Provincia de Buenos Aires, Argentina",589,0,0,LPR 2 (SUR),1,1,Mar del Plata,Parque Camet,Argentia,Buenos Aires,Ruta,,,589D-589F1-499D-498D-498F2-251D-029D
,"-57,5315803","-37,932353","Ruta Provincial 11 y Calle Scaglia, Mar del Plata, Provincia de Buenos Aires, Argentina",589,1,0,,0,1,Mar del Plata,Parque Camet,Argentia,Buenos Aires,Ruta,,,
,"-57,5315803","-37,932353","Ruta Provincial 11 y Calle Scaglia, Mar del Plata, Provincia de Buenos Aires, Argentina",589,0,2,,0,2,Mar del Plata,Parque Camet,Argentia,Buenos Aires,Ruta,,,
,"-57,5496941","-37,936894","Mahatma Ghandi y Avenida Fray LuisBeltran, Mar del Plata, Provincia de Buenos Aires, Argentina",593,1,0,,0,1,Mar del Plata,Alto Camet,Argentia,Buenos Aires,Avenida,,,
,"-57,5796599","-38,021721","Avenida Lisandro de la Torre y Irala, Mar del Plata, Provincia de Buenos Aires, Argentina",595,1,1,,0,2,Mar del Plata,Peralta Ramos Oeste,Argentia,Buenos Aires,Avenida,,,
,"-57,5522649","-37,995545","Avenida Independencia y Avenida Pedro Luro, Mar del Plata, Provincia de Buenos Aires, Argentina",596,1,5,,0,6,Mar del Plata,Centro,Argentia,Buenos Aires,Avenida,,,
,"-57,6044113","-37,953276","Beruti y Republica ArabeSiria, Mar del Plata, Provincia de Buenos Aires, Argentina",599,1,2,,0,3,Mar del Plata,Libertad,Argentia,Buenos Aires,Calle,,,
,"-57,5715743","-37,991451","Bolivar y Don Bosco, Mar del Plata, Provincia de Buenos Aires, Argentina",600,1,0,,0,1,Mar del Plata,Don Bosco,Argentia,Buenos Aires,Calle,,,
,"-57,54489","-37,99696","Cordoba y Nueve  de Julio, Mar del Plata, Provincia de Buenos Aires, Argentina",601,1,2,,0,3,Mar del Plata,La Perla,Argentia,Buenos Aires,Calle,,,
,"-57,5816004","-38,012543","Solis y Ingeniero Rateriy, Mar del Plata, Provincia de Buenos Aires, Argentina",602,1,0,,0,1,Mar del Plata,Santa Monica,Argentia,Buenos Aires,Calle,,,
,"-57,63418","-37,99636","Calle 238 y Tripulante Fournier, Mar del Plata, Provincia de Buenos Aires, Argentina",603,0,3,,0,3,Mar del Plata,Autodromo,Argentia,Buenos Aires,Avenida,,CORREDOR 7,
,"-57,5475739","-37,968647","Avenida Constitucion y Libres del Sud, Mar del Plata, Provincia de Buenos Aires, Argentina",604,1,0,,0,1,Mar del Plata,Constitucion,Argentia,Buenos Aires,Avenida,,CORREDOR 8,
,"-57,6779727","-38,005912","Barrio Colinalegre, Mar del Plata, Provincia de Buenos Aires, Argentina",609,0,1,,0,1,Mar del Plata,Colina Alegre,Argentia,Buenos Aires,Calle,,,
,"-57,5529181","-38,050976","Pescadores y Bouchard, Mar del Plata, Provincia de Buenos Aires, Argentina",610,1,2,,0,3,Mar del Plata,Colinas de Peralta Ramos,Argentia,Buenos Aires,Calle,,,
,"-57,5676037","-38,024389","Talcahuano y Gaboto, Mar del Plata, Provincia de Buenos Aires, Argentina",612,0,2,,0,2,Mar del Plata,Las Avenidas,Argentia,Buenos Aires,Calle,,,
,"-57,6068292","-38,033686","Avenida Mario Bravo y Pehuajo, Mar del Plata, Provincia de Buenos Aires, Argentina",613,1,0,,0,1,Mar del Plata,General Pueyrredon,Argentia,Buenos Aires,Avenida,,,
,"-57,707738","-38,007299","Av. Centenario Esq. Calle, 132, Julian Rios 3991, Batan, Mar del Plata, Provincia de Buenos Aires, Argentina",615,1,2,,0,3,Mar del Plata,Batan,Argentia,Buenos Aires,Ruta,,CORREDOR 26,
,"-57,6990746","-38,004142","Ricardo Balbin y Francisco Alvarez (Batan), Mar del Plata, Provincia de Buenos Aires, Argentina",616,1,2,,0,3,Mar del Plata,Batan,Argentia,Buenos Aires,Calle,,,
,"-57,7054615","-38,004352","Violeta Parra y calle 134 (Batan), Mar del Plata, Provincia de Buenos Aires, Argentina",617,1,2,,0,3,Mar del Plata,Batan,Argentia,Buenos Aires,Calle,,CORREDOR 26,
,"-57,5562156","-38,000392","Avenida Colon y  Avenida Independencia, Mar del Plata, Provincia de Buenos Aires, Argentina",700,1,5,,0,6,Mar del Plata,Centro,Argentia,Buenos Aires,Avenida,,,
,"-57,5811967","-37,952034","Florida Premium Outlet, Mar del Plata, Provincia de Buenos Aires, Argentina",701,1,0,,0,1,Mar del Plata,Aeroparque,Argentia,Buenos Aires,Calle,,,
,"-57,5711611","-38,0189","Avenida Juan B. Justo y Avenida Independencia, Mar del Plata, Provincia de Buenos Aires, Argentina",702,1,5,,0,6,Mar del Plata,San Jose,Argentia,Buenos Aires,Avenida,,,
,"-57,5483354","-37,99066","Avenida Libertad y Avenida Independencia, Mar del Plata, Provincia de Buenos Aires, Argentina",703,1,0,,0,1,Mar del Plata,La Perla,Argentia,Buenos Aires,Avenida,,,
,"-57,5415961","-38,000949","Avenida Pedro Luro y Buenos Aires, Mar del Plata, Provincia de Buenos Aires, Argentina",705,1,5,,0,6,Mar del Plata,Centro,Argentia,Buenos Aires,Avenida,,,
,"-57,5822796","-37,980427","Champagnat 1564, Mar del Plata, Provincia de Buenos Aires, Argentina",706,1,5,,0,6,Mar del Plata,Nueve de Julio,Argentia,Buenos Aires,Ruta,,,
,"-57,5705099","-37,986354","Avenida Pedro Luro y Avenida Juan Hector Jara, Mar del Plata, Provincia de Buenos Aires, Argentina",707,1,5,,0,6,Mar del Plata,Sarmiento,Argentia,Buenos Aires,Avenida,,,
,"-57,5423252","-38,040703","Avenida de los Trabajadores y Avenida Juan B. Justo, Mar del Plata, Provincia de Buenos Aires, Argentina",708,1,2,,0,3,Mar del Plata,Puerto,Argentia,Buenos Aires,Avenida,,,
,"-57,6141114","-37,993142","Ciudad de Bragado 455, Mar del Plata, Provincia de Buenos Aires, Argentina",802,1,1,,0,2,Mar del Plata,Jose Hernandez,Argentia,Buenos Aires,Calle,,,
,"-57,5850746","-37,987002","Almirante Brown y Juncal, Mar del Plata, Provincia de Buenos Aires, Argentina",803,1,0,,0,1,Mar del Plata,Los Andes,Argentia,Buenos Aires,Calle,,,
,"-57,5452102","-37,989941","Avenida Patricio Peralta Ramos y Chacabuco, Mar del Plata, Provincia de Buenos Aires, Argentina",804,1,0,,0,1,Mar del Plata,La Perla,Argentia,Buenos Aires,Avenida,,,
,"-57,584774","-37,981413","Mariano Acosta y Rivadavia, Mar del Plata, Provincia de Buenos Aires, Argentina",805,1,0,,0,1,Mar del Plata,San Cayetano,Argentia,Buenos Aires,Calle,,,
,"-57,5547351","-38,024803","Vieytes y Las Heras, Mar del Plata, Provincia de Buenos Aires, Argentina",808,1,0,,0,1,Mar del Plata,San Carlos,Argentia,Buenos Aires,Calle,,,
,"-57,5754804","-37,983806","Avenida Pedro Luro y Mexico, Mar del Plata, Provincia de Buenos Aires, Argentina",809,0,0,LPR 1 (ESTE),1,1,Mar del Plata,Los Andes,Argentia,Buenos Aires,Avenida,,,809D-707D-707P-58D-50D-11D
,"-57,5754804","-37,983806","Avenida Pedro Luro y Mexico, Mar del Plata, Provincia de Buenos Aires, Argentina",809,1,0,,0,1,Mar del Plata,Los Andes,Argentia,Buenos Aires,Avenida,,,
,"-57,5757871","-37,985959","Rivadavia y Chile, Mar del Plata, Provincia de Buenos Aires, Argentina",810,0,1,,0,1,Mar del Plata,Los Andes,Argentia,Buenos Aires,Calle,,,
,"-57,5751538","-37,985175","San Martin 5300, Mar del Plata, Provincia de Buenos Aires, Argentina",811,0,1,,0,1,Mar del Plata,Los Andes,Argentia,Buenos Aires,Calle,,,
,"-57,5616779","-37,961495","Avenida Constitucion y Ortega y Gasset, Mar del Plata, Provincia de Buenos Aires, Argentina",812,1,0,,0,1,Mar del Plata,Caisamar,Argentia,Buenos Aires,Avenida,,,
,"-57,5491083","-37,987956","Jujuy y Chacabuco, Mar del Plata, Provincia de Buenos Aires, Argentina",813,1,2,,0,3,Mar del Plata,La Perla,Argentia,Buenos Aires,Calle,,CORREDOR 9,
,"-57,6028341","-37,979126","Luciano Arrue y Falucho, Mar del Plata, Provincia de Buenos Aires, Argentina",821,0,2,,0,2,Mar del Plata,Coronel Dorrego,Argentia,Buenos Aires,Calle,,,
,"-57,5458986","-38,082307","Sanchez de Bustamante y Guernica, Mar del Plata, Provincia de Buenos Aires, Argentina",567,1,2,,0,3,Mar del Plata,Faro Norte,Argentia,Buenos Aires,Calle,,,
,"-57,5452828","-37,992208","Avenida Libertad y Avenida Patricio Peralta Ramos, Mar del Plata, Provincia de Buenos Aires, Argentina",443,1,2,,0,3,Mar del Plata,La Perla,Argentia,Buenos Aires,Avenida,,,
,"-57,61208","-38,03703","Catriel y Pehuajo, Mar del Plata, Provincia de Buenos Aires, Argentina",653,1,0,,0,1,Mar del Plata,Parque Palermo,Argentina,Buenos Aires,Calle,,,
,"-57,6341847","-37,996364","Calle 238 y Fotunato de la Plaza (39), Mar del Plata, Provincia de Buenos Aires, Argentina",603,1,3,,0,4,Mar del Plata,General Belgrano,Argentia,Buenos Aires,Avenida,,,
,"-57,5864419","-38,09684","Cabo Corrientes y Calle 18, Mar del Plata, Provincia de Buenos Aires, Argentina",635,1,2,,0,3,Mar del Plata,Serena,Argentia,Buenos Aires,Calle,,,
,"-57,5836678","-38,095019","Calle 431 y Calle 18, Mar del Plata, Provincia de Buenos Aires, Argentina",636,0,2,,0,2,Mar del Plata,San Jacinto,Argentia,Buenos Aires,Calle,,,
,"-57,5942134","-38,103764","Calle 461 y Calle 18, Mar del Plata, Provincia de Buenos Aires, Argentina",637,0,2,,0,2,Mar del Plata,San Patricio,Argentia,Buenos Aires,Calle,,,
,"-57,6040382","-38,09634","Avenida Jorge Newbery y Calle 461, Mar del Plata, Provincia de Buenos Aires, Argentina",638,1,0,,0,1,Mar del Plata,Santa Rosa del Mar,Argentia,Buenos Aires,Avenida,,,
,"-57,6064479","-38,111105","Calle 493 y Calle 20, Mar del Plata, Provincia de Buenos Aires, Argentina",639,1,0,,0,1,Mar del Plata,Los Acantilados,Argentia,Buenos Aires,Calle,,,
,"-57,6142998","-38,105173","Avenida Jorge Newbery y Calle 493, Mar del Plata, Provincia de Buenos Aires, Argentina",640,1,0,,0,1,Mar del Plata,Los Acantilados,Argentia,Buenos Aires,Avenida,,,
,"-57,6052112","-38,117196","Calle 503 y Calle 14, Mar del Plata, Provincia de Buenos Aires, Argentina",641,0,2,,0,2,Mar del Plata,Los Acantilados,Argentia,Buenos Aires,Calle,,,
,"-57,5687409","-38,077937","Don Arturo y Diagonal Las 3 Marias, Mar del Plata, Provincia de Buenos Aires, Argentina",642,1,1,,0,2,Mar del Plata,Bosque Peralta Ramos,Argentia,Buenos Aires,Calle,,,
,"-57,5659447","-38,075457","Don Arturo y Los Chanares, Mar del Plata, Provincia de Buenos Aires, Argentina",643,1,0,,0,1,Mar del Plata,Bosque Peralta Ramos,Argentia,Buenos Aires,Calle,,,
,"-57,5693143","-38,072727","Piedrabuena y El Jilguero, Mar del Plata, Provincia de Buenos Aires, Argentina",644,1,0,,0,1,Mar del Plata,Jardin de Peralta Ramos,Argentia,Buenos Aires,Calle,,,
,"-57,5924649","-38,08643","Avenida Jorge Newbery y Calle 429, Mar del Plata, Provincia de Buenos Aires, Argentina",645,1,0,,0,1,Mar del Plata,Santa Rosa del Mar,Argentia,Buenos Aires,Avenida,,,
,"-57,5592054","-37,951505","Alice y J.V. Gonzalez, Mar del Plata, Provincia de Buenos Aires, Argentina",683,1,0,,0,1,Mar del Plata,Caisamar,Argentia,Buenos Aires,Calle,,,
,"-57,5827392","-38,016492","Americo Raul Canosa 518, Mar del Plata, Provincia de Buenos Aires, Argentina",709,1,0,,0,1,Mar del Plata,Peralta Ramos Oeste,Argentia,Buenos Aires,Calle,,,
,"-57,5841185","-37,999737","Rodriguez Pena y Marconi, Mar del Plata, Provincia de Buenos Aires, Argentina",710,1,0,,0,1,Mar del Plata,Bernardino Rivadavia,Argentia,Buenos Aires,Calle,,,
,"-57,5894493","-37,960858","Berutti y Coronel Suarez, Mar del Plata, Provincia de Buenos Aires, Argentina",729,1,0,,0,1,Mar del Plata,Malvinas Argentinas,Argentia,Buenos Aires,Calle,,,
,"-57,5908165","-37,959068","Federico Rauch y Santa Cruz, Mar del Plata, Provincia de Buenos Aires, Argentina",730,1,0,,0,1,Mar del Plata,Malvinas Argentinas,Argentia,Buenos Aires,Calle,,,
,"-57,5934307","-37,958834","Berutti y F. Juan Cetz, Mar del Plata, Provincia de Buenos Aires, Argentina",732,1,1,,0,2,Mar del Plata,Malvinas Argentinas,Argentia,Buenos Aires,Calle,,,
,"-57,6013107","-37,958187","Necochea y Paraguay, Mar del Plata, Provincia de Buenos Aires, Argentina",735,0,2,,0,2,Mar del Plata,Libertad,Argentia,Buenos Aires,Calle,,,
,"-57,5499763","-38,041532","Posadas y Magallanes, Mar del Plata, Provincia de Buenos Aires, Argentina",749,1,1,,0,2,Mar del Plata,Villa Lourdes,Argentia,Buenos Aires,Calle,,CORREDOR 21,
,"-57,6012339","-37,984409","Garay y Grecia, Mar del Plata, Provincia de Buenos Aires, Argentina",751,1,1,,0,2,Mar del Plata,Las Lilas,Argentia,Buenos Aires,Calle,,,
,"-57,5817033","-38,014364","Pehuajo y El Cano (CEMA), Mar del Plata, Provincia de Buenos Aires, Argentina",814,0,1,,0,1,Mar del Plata,Santa Monica,Argentia,Buenos Aires,Calle,,,
,"-57,59292","-38,044242","Avenida Mario Bravo y Talcahuano, Mar del Plata, Provincia de Buenos Aires, Argentina",12,0,0,LPR 1,1,1,Mar del Plata,General San Martin,Argentina,Buenos Aires,Avenida,,,12D
,"-57,59292","-38,044242","Avenida Mario Bravo y Talcahuano, Mar del Plata, Provincia de Buenos Aires, Argentina",12,1,0,,0,1,Mar del Plata,General San Martin,Argentina,Buenos Aires,Avenida,,,
,"-57,6112381","-38,008176","Rosales 9800, Mar del Plata, Provincia de Buenos Aires, Argentina",215,0,0,LPR 1 (SUR),1,1,Mar del Plata,Don Emilio,Argentia,Buenos Aires,Avenida,,,215D-226D-226F1-226F2-572D-572F1-609F1
,"-57,6112381","-38,008176","Rosales 9800, Mar del Plata, Provincia de Buenos Aires, Argentina",215,1,0,,0,1,Mar del Plata,Don Emilio,Argentia,Buenos Aires,Avenida,,,
,"-57,6112381","-38,008176","Rosales 9800, Mar del Plata, Provincia de Buenos Aires, Argentina",215,0,2,,0,2,Mar del Plata,Don Emilio,Argentia,Buenos Aires,Avenida,,,
,"-57,53483","-38,03019","Avenida Patricio Peralta Ramos y Formosa, Mar del Plata, Provincia de Buenos Aires, Argentina",306,0,0,LPR,1,1,Mar del Plata,Playa Grande,Argentina,Buenos Aires,Avenida,,,306D-306F1-306F2-006D-378D-378F1-378F2
,"-57,53483","-38,03019","Avenida Patricio Peralta Ramos y Formosa, Mar del Plata, Provincia de Buenos Aires, Argentina",306,1,0,,0,1,Mar del Plata,Playa Grande,Argentina,Buenos Aires,Avenida,,,
,"-57,53483","-38,03019","Avenida Patricio Peralta Ramos y Formosa, Mar del Plata, Provincia de Buenos Aires, Argentina",306,0,2,,0,2,Mar del Plata,Playa Grande,Argentina,Buenos Aires,Avenida,,,
,"-57,5909153","-37,991873","Avenida M. Champagnat y Alvarado, Mar del Plata, Provincia de Buenos Aires, Argentina",339,0,0,LPR ,1,1,Mar del Plata,Bernardino Rivadavia,Argentia,Buenos Aires,Avenida,,,339D-339F1-10D-127D-16D-336D
,"-57,5909153","-37,991873","Avenida M. Champagnat y Alvarado, Mar del Plata, Provincia de Buenos Aires, Argentina",339,1,0,,0,1,Mar del Plata,Bernardino Rivadavia,Argentia,Buenos Aires,Avenida,,,
,"-57,5909153","-37,991873","Avenida M. Champagnat y Alvarado, Mar del Plata, Provincia de Buenos Aires, Argentina",339,0,1,,0,1,Mar del Plata,Bernardino Rivadavia,Argentia,Buenos Aires,Avenida,,,
,"-57,546153","-37,998513","Luro y Cordoba, Mar del Plata, Provincia de Buenos Aires, Argentina",436,0,0,LPR,1,1,Mar del Plata,Centro,Argentia,Buenos Aires,Avenida,,,436D-436F1-752D-752F1-705D-705P1-80D
,"-57,546153","-37,998513","Luro y Cordoba, Mar del Plata, Provincia de Buenos Aires, Argentina",436,1,0,,0,1,Mar del Plata,Centro,Argentia,Buenos Aires,Avenida,,,
,"-57,546153","-37,998513","Luro y Cordoba, Mar del Plata, Provincia de Buenos Aires, Argentina",436,0,2,,0,2,Mar del Plata,Centro,Argentia,Buenos Aires,Avenida,,,
,"-57,6140272","-38,012754","Fortunato de la Plaza y Tetamanti, Mar del Plata, Provincia de Buenos Aires, Argentina",472,0,0,LPR,1,1,Mar del Plata,Bosque Grande,Argentia,Buenos Aires,Avenida,,,472D-472F2-149D-401F2-324D-226D-215D
,"-57,6140272","-38,012754","Fortunato de la Plaza y Tetamanti, Mar del Plata, Provincia de Buenos Aires, Argentina",472,1,0,,0,1,Mar del Plata,Bosque Grande,Argentia,Buenos Aires,Avenida,,,
,"-57,6140272","-38,012754","Fortunato de la Plaza y Tetamanti, Mar del Plata, Provincia de Buenos Aires, Argentina",472,0,3,,0,3,Mar del Plata,Bosque Grande,Argentia,Buenos Aires,Avenida,,,
,"-57,5962509","-37,986889","Garay y Nasser, Mar del Plata, Provincia de Buenos Aires, Argentina",620,1,1,,0,2,Mar del Plata,Las Lilas,Argentia,Buenos Aires,Calle,,,
,"-57,6002855","-38,017829","Avenida Polonia y Tripulantes del Fournier, Mar del Plata, Provincia de Buenos Aires, Argentina",621,1,1,,0,2,Mar del Plata,Bosque Grande,Argentia,Buenos Aires,Avenida,,,
,"-57,6010993","-37,996401","Avenida Juan B. Justo y Tres Arroyos, Mar del Plata, Provincia de Buenos Aires, Argentina",622,1,1,,0,2,Mar del Plata,Regional,Argentia,Buenos Aires,Avenida,,,
,"-57,6063614","-37,992435","Avenida Juan B. Justo y Etchegaray, Mar del Plata, Provincia de Buenos Aires, Argentina",623,1,1,,0,2,Mar del Plata,Regional,Argentia,Buenos Aires,Avenida,,,
,"-57,5808377","-38,029913","Juana Manso y Bouchard, Mar del Plata, Provincia de Buenos Aires, Argentina",624,1,0,,0,1,Mar del Plata,El Progreso,Argentia,Buenos Aires,Calle,,,
,"-57,5500827","-38,059578","Avenida Cervantes Saavedra y Carasa, Mar del Plata, Provincia de Buenos Aires, Argentina",626,0,2,,0,2,Mar del Plata,Punta Mogotes,Argentia,Buenos Aires,Avenida,,,
,"-57,5455228","-38,060471","Avenida de los Trabajadores y Soler, Mar del Plata, Provincia de Buenos Aires, Argentina",627,1,1,,0,2,Mar del Plata,Punta Mogotes,Argentia,Buenos Aires,Avenida,,,
,"-57,5559099","-38,06444","Avenida Cervantes Saavedra y Calabria, Mar del Plata, Provincia de Buenos Aires, Argentina",628,1,0,,0,1,Mar del Plata,Punta Mogotes,Argentia,Buenos Aires,Avenida,,,
,"-57,5451864","-38,034084","Bernardo O'Higgins y Urquiza, Mar del Plata, Provincia de Buenos Aires, Argentina",629,1,1,,0,2,Mar del Plata,San Carlos,Argentia,Buenos Aires,Calle,,,
,"-57,5479475","-38,033807","General Rivas y Martin Rodriguez, Mar del Plata, Provincia de Buenos Aires, Argentina",630,1,0,,0,1,Mar del Plata,San Carlos,Argentia,Buenos Aires,Calle,,,
,"-57,5722735","-37,9729","Necochea y Malvinas, Mar del Plata, Provincia de Buenos Aires, Argentina",631,1,1,,0,2,Mar del Plata,Villa Primera,Argentia,Buenos Aires,Calle,,,
,"-57,5804727","-37,974359","Avenida Libertad y Bahia Blanca, Mar del Plata, Provincia de Buenos Aires, Argentina",632,1,1,,0,2,Mar del Plata,Nueve de Julio,Argentia,Buenos Aires,Avenida,,,
,"-57,6048542","-38,009194","Avenida Vertiz y Intendente Andres Mac Gaul, Mar del Plata, Provincia de Buenos Aires, Argentina",633,1,0,,0,1,Mar del Plata,Bosque Grande,Argentia,Buenos Aires,Avenida,,,
,"-57,5990888","-38,005798","Heguilor y Ayolas, Mar del Plata, Provincia de Buenos Aires, Argentina",634,1,0,,0,1,Mar del Plata,El Gaucho,Argentia,Buenos Aires,Calle,,,
,"-57,5890884","-37,974597","9 de Julio y Estado de Israel, Mar del Plata, Provincia de Buenos Aires, Argentina",646,1,0,,0,1,Mar del Plata,Nueve de Julio,Argentia,Buenos Aires,Calle,,,
,"-57,5581061","-38,099408","Ruta Provincial 11 y Toscana, Mar del Plata, Provincia de Buenos Aires, Argentina",648,0,0,LPR (ACCESO B. ALFAR),1,1,Mar del Plata,Alfar,Argentia,Buenos Aires,Ruta,,,648D-364D364F1-487D-487F2-492D-492F2
,"-57,5581061","-38,099408","Ruta Provincial 11 y Toscana, Mar del Plata, Provincia de Buenos Aires, Argentina",648,1,0,,0,1,Mar del Plata,Alfar,Argentia,Buenos Aires,Ruta,,,
,"-57,6109001","-38,056516","AvenidaAntartida Argentina y Cacique Chuyantuya, Mar del Plata, Provincia de Buenos Aires, Argentina",649,1,1,LPR,1,3,Mar del Plata,Lomas del Golf,Argentia,Buenos Aires,Avenida,,,649D-649F1-674D-392D-392F1-392F2-62D
,"-57,5858238","-38,035426","Bestoso y Lebensohn, Mar del Plata, Provincia de Buenos Aires, Argentina",651,0,2,,0,2,Mar del Plata,Florencio Sanchez,Argentia,Buenos Aires,Calle,,,
,"-57,543899","-38,077622","Avenida de los Trabajadores y Cayetano Rodriguez, Mar del Plata, Provincia de Buenos Aires, Argentina",654,1,1,,0,2,Mar del Plata,Punta Mogotes,Argentia,Buenos Aires,Avenida,,,
,"-57,5618611","-38,036467","Cerrito 798, Mar del Plata, Provincia de Buenos Aires, Argentina",655,1,1,,0,2,Mar del Plata,Villa Lourdes,Argentia,Buenos Aires,Calle,,,
,"-57,5725697","-38,053189","Diagonal Canata y Gutemberg, Mar del Plata, Provincia de Buenos Aires, Argentina",657,1,1,,0,2,Mar del Plata,Juramento,Argentia,Buenos Aires,Calle,,,
,"-57,5684027","-38,066663","Fragata Libertad y La Golondrina, Mar del Plata, Provincia de Buenos Aires, Argentina",658,1,0,,0,1,Mar del Plata,Jardin de Stella Maris,Argentia,Buenos Aires,Calle,,,
,"-57,5996198","-38,034052","Calle Friuli y William Morris, Mar del Plata, Provincia de Buenos Aires, Argentina",659,1,1,,0,2,Mar del Plata,El Martillo,Argentia,Buenos Aires,Calle,,,
,"-57,5428746","-38,079473","GarciaLorca y Sanchez de Bustamante, Mar del Plata, Provincia de Buenos Aires, Argentina",660,1,0,,0,1,Mar del Plata,Punta Mogotes,Argentia,Buenos Aires,Calle,,,
,"-57,6121601","-37,997191","Irala y Etchegaray, Mar del Plata, Provincia de Buenos Aires, Argentina",662,1,1,,0,2,Mar del Plata,Jose Hernandez,Argentia,Buenos Aires,Calle,,,
,"-57,5941266","-38,001664","Avenida Juan B. Justo y Teodoro Bronzini, Mar del Plata, Provincia de Buenos Aires, Argentina",664,1,1,,0,2,Mar del Plata,Bernardino Rivadavia,Argentia,Buenos Aires,Avenida,,,
,"-57,6503713","-37,958992","Avenida Juan B. Justo y Haras Firmamento, Mar del Plata, Provincia de Buenos Aires, Argentina",665,0,2,,0,2,Mar del Plata,Hipodromo,Argentia,Buenos Aires,Avenida,,,
,"-57,5557705","-38,043638","Padre Dutto y Guanahani, Mar del Plata, Provincia de Buenos Aires, Argentina",666,1,0,,0,1,Mar del Plata,Villa Lourdes,Argentia,Buenos Aires,Calle,,,
,"-57,5339843","-38,028355","Avenida Patricio Peralta Ramos 5801, Mar del Plata, Provincia de Buenos Aires, Argentina",667,0,0,LPR 1 (NORTE),1,1,Mar del Plata,Playa Grande,Argentia,Buenos Aires,Avenida,,,667D-667F1-308D-308F1-442D-381D-381F1
,"-57,5339843","-38,028355","Avenida Patricio Peralta Ramos 5801, Mar del Plata, Provincia de Buenos Aires, Argentina",667,1,0,,0,1,Mar del Plata,Playa Grande,Argentia,Buenos Aires,Avenida,,,
,"-57,5339843","-38,028355","Avenida Patricio Peralta Ramos 5801, Mar del Plata, Provincia de Buenos Aires, Argentina",667,0,1,,0,1,Mar del Plata,Playa Grande,Argentia,Buenos Aires,Avenida,,,
,"-57,5939323","-37,994757","Champagnat 3400, Mar del Plata, Provincia de Buenos Aires, Argentina",668,0,0,LPR 1 (NORTE),1,1,Mar del Plata,Regional,Argentia,Buenos Aires,Avenida,,,668D-668F1-339D-338D-586F1-586D-706P
,"-57,5939323","-37,994757","Champagnat 3400, Mar del Plata, Provincia de Buenos Aires, Argentina",668,0,0,LPR 2 (SUR) ,1,1,Mar del Plata,Regional,Argentia,Buenos Aires,Avenida,,,668D-122D-116D-77D-215D-215F1-226D
,"-57,5939323","-37,994757","Champagnat 3400, Mar del Plata, Provincia de Buenos Aires, Argentina",668,1,0,,0,1,Mar del Plata,Regional,Argentia,Buenos Aires,Avenida,,,
,"-57,5939323","-37,994757","Champagnat 3400, Mar del Plata, Provincia de Buenos Aires, Argentina",668,0,1,,0,1,Mar del Plata,Regional,Argentia,Buenos Aires,Avenida,,,
,"-57,562511","-38,026928","Esteban Echeverria y Solis, Mar del Plata, Provincia de Buenos Aires, Argentina",671,0,2,,0,2,Mar del Plata,Las Avenidas,Argentia,Buenos Aires,Calle,,,
,"-57,6331811","-38,028558","Avenida Victorio Tetamanti y Silvestre Tohel, Mar del Plata, Provincia de Buenos Aires, Argentina",672,1,1,,0,2,Mar del Plata,Las Retamas,Argentia,Buenos Aires,Avenida,,,
,"-57,6039517","-38,050607","AvenidaAntartida Argentina y Silvestre Tohel, Mar del Plata, Provincia de Buenos Aires, Argentina",674,1,0,,0,1,Mar del Plata,Lomas del golf,Argentia,Buenos Aires,Avenida,,,
,"-57,5615176","-38,047058","Triunvirato y Tripulantes del Fournier, Mar del Plata, Provincia de Buenos Aires, Argentina",675,1,0,,0,1,Mar del Plata,Termas Huinco,Argentia,Buenos Aires,Avenida,,,
,"-57,568515","-38,022401","Antonio Valentini y Solis, Mar del Plata, Provincia de Buenos Aires, Argentina",677,0,2,,0,2,Mar del Plata,Peralta Ramos Oeste,Argentia,Buenos Aires,Calle,,,
,"-57,593152","-38,018043","Avenida Vertiz y Intendente Camusso, Mar del Plata, Provincia de Buenos Aires, Argentina",678,1,1,,0,2,Mar del Plata,Villa Evita,Argentia,Buenos Aires,Avenida,,,
,"-57,61252","-37,98757","Avenida Juan B. Justo y Yapeyu, Mar del Plata, Provincia de Buenos Aires, Argentina",680,1,0,,0,1,Mar del Plata,Jose Hernandez,Argentina,Buenos Aires,Calle,,,
,"-57,5863428","-37,933928","Ruta 2 y Rotonda Aeropuerto, Mar del Plata, Provincia de Buenos Aires, Argentina",684,0,0,LPR 1 (NORTE),1,1,Mar del Plata,Aeroparque,Argentia,Buenos Aires,Ruta,,,668D-668F1-339D-338D-586F1-586D-706P
,"-57,5863428","-37,933928","Ruta 2 y Rotonda Aeropuerto, Mar del Plata, Provincia de Buenos Aires, Argentina",684,0,0,LPR 2 (SUR),1,1,Mar del Plata,Aeroparque,Argentia,Buenos Aires,Ruta,,,668D-122D-116D-77D-215D215F1-226D
,"-57,5863428","-37,933928","Ruta 2 y Rotonda Aeropuerto, Mar del Plata, Provincia de Buenos Aires, Argentina",684,1,0,,0,1,Mar del Plata,Aeroparque,Argentia,Buenos Aires,Ruta,,,
,"-57,5863428","-37,933928","Ruta 2 y Rotonda Aeropuerto, Mar del Plata, Provincia de Buenos Aires, Argentina",684,0,1,,0,1,Mar del Plata,Aeroparque,Argentia,Buenos Aires,Ruta,,,
,"-57,5236632","-37,905494","Ruta Provincial 11 y Avenida Central, Mar del Plata, Provincia de Buenos Aires, Argentina",685,1,0,,0,1,Mar del Plata,Felix U. Camet,Argentia,Buenos Aires,Ruta,,,
,"-57,5973599","-37,995249","Bahia Blanca y Saavedra, Mar del Plata, Provincia de Buenos Aires, Argentina",689,0,2,,0,2,Mar del Plata,Regional,Argentia,Buenos Aires,Calle,,,
,"-57,5902503","-37,937779","Manuwal y Plus Ultra, Mar del Plata, Provincia de Buenos Aires, Argentina",690,0,2,,0,2,Mar del Plata,La Florida,Argentia,Buenos Aires,Calle,,,
,"-57,5503102","-38,031494","Mendoza y Bernardo O'Higgins, Mar del Plata, Provincia de Buenos Aires, Argentina",692,1,0,,0,1,Mar del Plata,San Carlos,Argentia,Buenos Aires,Calle,,,
,"-57,6168191","-38,004052","Rosales y Canesa, Mar del Plata, Provincia de Buenos Aires, Argentina",693,1,1,,0,2,Mar del Plata,Don Emilio,Argentia,Buenos Aires,Calle,,,
,"-57,58599","-37,98501","Champagnat y Colon, Mar del Plata, Provincia de Buenos Aires, Argentina",338,1,1,,0,2,Mar del Plata,Los Andes,Argentia,Buenos Aires,Avenida,,,
,"-57,5351605","-38,026717","Leandro N. Alem y Saavedra, Mar del Plata, Provincia de Buenos Aires, Argentina",694,1,1,,0,2,Mar del Plata,Playa Grande,Argentia,Buenos Aires,Calle,2,,
,"-57,5946623","-37,944751","Avenida Constitucion 9099, Mar del Plata, Provincia de Buenos Aires, Argentina",818,1,0,,0,1,Mar del Plata,Virgen de Lujan,Argentia,Buenos Aires,Calle,,,
,"-57,5911692","-38,03268","Puan yGonzalez Chavez, Mar del Plata, Provincia de Buenos Aires, Argentina",816,1,0,,0,1,Mar del Plata,El Martillo,Argentia,Buenos Aires,Calle,,,
,"-57,5477995","-37,986364","Ituzaingo y Jujuy, Mar del Plata, Provincia de Buenos Aires, Argentina",817,1,0,,0,1,Mar del Plata,La Perla,Argentia,Buenos Aires,Calle,,CORREDOR 9,
,"-57,5289474","-37,925969","Ruta Provincial 11 y Cannes, Mar del Plata, Provincia de Buenos Aires, Argentina",819,0,2,,0,2,Mar del Plata,Parque Camet,Argentia,Buenos Aires,Ruta,,,
,"-57,549473","-37,998185","San Martin y Diagonal Pueyrredon, Mar del Plata, Provincia de Buenos Aires, Argentina",820,0,2,,0,2,Mar del Plata,Centro,Argentia,Buenos Aires,Calle,,,
,"-57,599928","-37,947737","Republica Sudafrica y Pje Pena, Mar del Plata, Provincia de Buenos Aires, Argentina",697,1,0,,0,1,Mar del Plata,Virgen de Lujan,Argentia,Buenos Aires,Calle,,,
,"-57,6016822","-37,941173","Ferrer 998, Mar del Plata, Provincia de Buenos Aires, Argentina",695,1,1,,0,2,Mar del Plata,Los Tilos,Argentia,Buenos Aires,Avenida,,,
,"-57,57946","-38,05430","Avenida Mario Bravo y Jose Hernandez, Mar del Plata, Provincia de Buenos Aires, Argentina",625,0,0,LPR 1 (ESTE),1,1,Mar del Plata,Cerrito Sur,Argentina,Buenos Aires,Avenida,,,625D-244D-244F1-244F2-272F1-272F2-269D
,"-57,57946","-38,05430","Avenida Mario Bravo y Jose Hernandez, Mar del Plata, Provincia de Buenos Aires, Argentina",625,0,0,LPR 2 (OESTE),1,1,Mar del Plata,Cerrito Sur,Argentina,Buenos Aires,Avenida,,,625D-208F1-208F2-63D-385D-148D-012D
,"-57,57946","-38,05430","Avenida Mario Bravo y Jose Hernandez, Mar del Plata, Provincia de Buenos Aires, Argentina",625,1,0,,0,1,Mar del Plata,Cerrito Sur,Argentina,Buenos Aires,Avenida,,,
,"-57,5645945","-38,056607","Acha y Sicilia, Mar del Plata, Provincia de Buenos Aires, Argentina",647,1,0,,0,1,Mar del Plata,Colinas de Peralta Ramos,Argentia,Buenos Aires,Calle,,,
,"-57,5644535","-38,061889","Beltrami y Guiraldes, Mar del Plata, Provincia de Buenos Aires, Argentina",650,1,0,,0,1,Mar del Plata,Colinas de Peralta Ramos,Argentia,Buenos Aires,Calle,,,
,"-57,58871","-38,02766","Castex y Soler, Mar del Plata, Provincia de Buenos Aires, Argentina",652,1,0,,0,1,Mar del Plata,Fortunato de la Plaza,Argentina,Buenos Aires,Calle,,,
,"-57,5561849","-38,082719","De la Maza 3778, Mar del Plata, Provincia de Buenos Aires, Argentina",656,1,1,,0,2,Mar del Plata,Faro Norte,Argentia,Buenos Aires,Calle,,,

,"-57,5881438","-37,987541","Gascon y Champagnat, Mar del Plata, Provincia de Buenos Aires, Argentina",661,0,0,LPR 1 (OESTE),1,1,Mar del Plata,Los Andes,Argentia,Buenos Aires,Calle,,,129D
,"-57,5564034","-38,091942","Santa Maria de Oro y Diagonal Estados Unidos Norte, Mar del Plata, Provincia de Buenos Aires, Argentina",669,1,0,,0,1,Mar del Plata,Alfar,Argentia,Buenos Aires,Calle,,,
,"-57,5948315","-38,023245","Soler y Ingeniero Rateriy, Mar del Plata, Provincia de Buenos Aires, Argentina",670,0,2,,0,2,Mar del Plata,Villa Evita,Argentia,Buenos Aires,Calle,,,
,"-57,5897636","-38,023194","Udine y Bouchard, Mar del Plata, Provincia de Buenos Aires, Argentina",676,1,1,,0,2,Mar del Plata,Fortunato de la Plaza,Argentia,Buenos Aires,Calle,,,
,"-57,5867897","-38,023378","Vertiz y Calle Friuli, Mar del Plata, Provincia de Buenos Aires, Argentina",679,1,1,,0,2,Mar del Plata,Fortunato de la Plaza,Argentia,Buenos Aires,Calle,,,
,"-57,5958772","-38,054695","Cabo Corrientes y Los Palenques, Mar del Plata, Provincia de Buenos Aires, Argentina",681,1,1,,0,2,Mar del Plata,Lomas del golf,Argentia,Buenos Aires,Calle,,,
,"-57,6014048","-37,954798","Berutti yLeguizamon Onesimo, Mar del Plata, Provincia de Buenos Aires, Argentina",686,1,1,,0,2,Mar del Plata,Libertad,Argentia,Buenos Aires,Calle,,,
,"-57,5758464","-37,947508","Jovellanos y Joaquina Acevedo, Mar del Plata, Provincia de Buenos Aires, Argentina",688,1,0,,0,1,Mar del Plata,Aeroparque,Argentia,Buenos Aires,Calle,,,
,"-57,5557631","-37,935686","Felipe de Arana y Calle los Talas, Mar del Plata, Provincia de Buenos Aires, Argentina",691,0,2,,0,2,Mar del Plata,Las Dalias,Argentia,Buenos Aires,Calle,,,
,"-57,6047499","-37,981505","Rawson y Luciano Arrue, Mar del Plata, Provincia de Buenos Aires, Argentina",696,0,2,,0,2,Mar del Plata,Belisario Roldan,Argentia,Buenos Aires,Calle,,,
,"-57,5899451","-37,998952","Saavedra y Tierra del Fuego, Mar del Plata, Provincia de Buenos Aires, Argentina",698,1,0,,0,1,Mar del Plata,Bernardino Rivadavia,Argentia,Buenos Aires,Calle,,,
,"-57,5528806","-37,955815","Alfonsina Storni y Benito Juarez, Mar del Plata, Provincia de Buenos Aires, Argentina",699,1,0,,0,1,Mar del Plata,Caisamar,Argentia,Buenos Aires,Calle,,,
,"-57,58346","-38,02922","Avenida J.P. Ramos y Rosales, Mar del Plata, Provincia de Buenos Aires, Argentina",391,1,2,,0,3,Mar del Plata,El Progreso,Argentia,Buenos Aires,Avenida,,,
,"-57,56928","-38,03991","Rosales y Gianelli, Mar del Plata, Provincia de Buenos Aires, Argentina",359,0,3,,0,3,Mar del Plata,Cerrito Sur,Argentia,Buenos Aires,Calle,,,
,"-57,59577","-38,00571","12 de Octubre y Reforma Universitaria, Mar del Plata, Provincia de Buenos Aires, Argentina",467,1,2,,0,3,Mar del Plata,Bosque Alegre,Argentia,Buenos Aires,Calle,,,
,"-57,58929","-37,93893","Esquivel y Romero, Mar del Plata, Provincia de Buenos Aires, Argentina",515,1,0,,0,1,Mar del Plata,La Florida,Argentia,Buenos Aires,Calle,,,
,"-57,59261","-37,97193","A. Alio y 3 de Febrero, Mar del Plata, Provincia de Buenos Aires, Argentina",527,1,2,,0,3,Mar del Plata,Malvinas Argentinas,Argentia,Buenos Aires,Avenida,,,
,"-57,743656","-37,911497","P. Varetto y Sierra de los Padres, Mar del Plata, Provincia de Buenos Aires, Argentina",569,1,0,,0,1,Mar del Plata,Sierra de los Padres,Argentia,Buenos Aires,Calle,,,
,"-57,587039","-37,982466","Moreno 6400 , Mar del Plata, Provincia de Buenos Aires, Argentina",714,1,0,,0,1,Mar del Plata,San Cayetano,Argentia,Buenos Aires,Calle,,,
,"-57,58392","-37,99426","Mexico y Castelli, Mar del Plata, Provincia de Buenos Aires, Argentina",711,1,0,,0,1,Mar del Plata,Bernardino Rivadavia,Argentia,Buenos Aires,Calle,,,
,"-57,58071","-37,99033","Falucho 5500, Mar del Plata, Provincia de Buenos Aires, Argentina",712,0,2,,0,2,Mar del Plata,Los Andes,Argentia,Buenos Aires,Calle,,,
,"-57,58305","-37,98451","Moreno y Juncal, Mar del Plata, Provincia de Buenos Aires, Argentina",713,0,2,,0,2,Mar del Plata,Los Andes,Argentia,Buenos Aires,Calle,,,
,"-57,57497","-37,94464","A. Storni y Asturias, Mar del Plata, Provincia de Buenos Aires, Argentina",727,1,0,,0,1,Mar del Plata,Aeroparque,Argentia,Buenos Aires,Calle,,,
,"-57,56488","-37,96551","Juana Pena y O. Gasett, Mar del Plata, Provincia de Buenos Aires, Argentina",721,1,0,,0,1,Mar del Plata,Los Pinares,Argentia,Buenos Aires,Calle,,,
,"-57,56254","-37,96779","Cardiel y Benito Juarez, Mar del Plata, Provincia de Buenos Aires, Argentina",722,1,0,,0,1,Mar del Plata,Los Pinares,Argentia,Buenos Aires,Calle,,,
,"-57,58338","-37,95507","F. Acosta y Asturias, Mar del Plata, Provincia de Buenos Aires, Argentina",728,0,2,,0,2,Mar del Plata,Lopez de Gomara,Argentia,Buenos Aires,Calle,,,
,"-57,59086","-37,95565","Strobel y Bradley, Mar del Plata, Provincia de Buenos Aires, Argentina",731,1,0,,0,1,Mar del Plata,Malvinas Argentinas,Argentia,Buenos Aires,Calle,,,
,"-57,59612","-37,95522","Rio Negro y Courel, Mar del Plata, Provincia de Buenos Aires, Argentina",734,1,0,,0,1,Mar del Plata,Libertad,Argentia,Buenos Aires,Calle,,,
,"-57,59634","-37,94846","Steganini y F. Acosta, Mar del Plata, Provincia de Buenos Aires, Argentina",736,1,2,,0,3,Mar del Plata,Los Tilos,Argentia,Buenos Aires,Calle,,,
,"-57,60608","-37,95019","Rio Negro y Jose Balet, Mar del Plata, Provincia de Buenos Aires, Argentina",737,1,0,,0,1,Mar del Plata,Libertad,Argentia,Buenos Aires,Calle,,,
,"-57,61931","-37,95919","9 de Julio y Trinidad Tobago, Mar del Plata, Provincia de Buenos Aires, Argentina",738,1,0,,0,1,Mar del Plata,Florentino Ameghino,Argentia,Buenos Aires,Calle,,,
,"-57,60027","-37,96724","11 de Septiembre 8199, Mar del Plata, Provincia de Buenos Aires, Argentina",739,0,2,,0,2,Mar del Plata,Malvinas Argentinas,Argentia,Buenos Aires,Calle,,,
,"-57,60683","-37,97023","Pigue y Rivadavia, Mar del Plata, Provincia de Buenos Aires, Argentina",740,1,0,,0,1,Mar del Plata,Jorge Newbery,Argentia,Buenos Aires,Calle,,,
,"-57,60648","-37,97494","Colon y 196, Mar del Plata, Provincia de Buenos Aires, Argentina",741,1,0,,0,1,Mar del Plata,Jorge Newbery,Argentia,Buenos Aires,Avenida,,,
,"-57,60908","-37,97825","Alberti 8199, Mar del Plata, Provincia de Buenos Aires, Argentina",742,1,0,,0,1,Mar del Plata,Jorge Newbery,Argentia,Buenos Aires,Calle,,,
,"-57,61613","-37,96777","Moreno 9300, Mar del Plata, Provincia de Buenos Aires, Argentina",746,1,0,,0,1,Mar del Plata,Jorge Newbery,Argentia,Buenos Aires,Calle,,,
,"-57,59331","-37,91375","General Belgrano y R2, Mar del Plata, Provincia de Buenos Aires, Argentina",748,0,2,,0,2,Mar del Plata,Dos de Abril,Argentia,Buenos Aires,Ruta,,,
,"-57,54997","-38,04153","Posadas y Magallanes, Mar del Plata, Provincia de Buenos Aires, Argentina",749,1,1,,0,2,Mar del Plata,Villa Lourdes,Argentia,Buenos Aires,Calle,,,
,"-57,58727","-37,99145","Garay y Malvinas, Mar del Plata, Provincia de Buenos Aires, Argentina",750,1,1,,0,2,Mar del Plata,Bernardino Rivadavia,Argentia,Buenos Aires,Calle,,,
,"-57,60123","-37,9844","Garay y Grecia, Mar del Plata, Provincia de Buenos Aires, Argentina",751,1,1,,0,2,Mar del Plata,Las Lilas,Argentia,Buenos Aires,Calle,,,
,"-57,54323","-38,0001","Luro y Corrientes, Mar del Plata, Provincia de Buenos Aires, Argentina",752,1,1,,0,2,Mar del Plata,Centro,Argentia,Buenos Aires,Avenida,,,
,"-57,73764","-38,23033","Ruta 11 y Av. 19 ( El Marquesado), Mar del Plata, Provincia de Buenos Aires, Argentina",753,1,1,,0,2,Mar del Plata,Marquesado,Argentia,Buenos Aires,Ruta,,,
,"-57,5817","-38,01436","CEMA, Mar del Plata, Provincia de Buenos Aires, Argentina",814,0,1,,0,1,Mar del Plata,Santa Monica,Argentia,Buenos Aires,Calle,,,
,"-57,61617","-38,02668","Mario Bravo 8620, Mar del Plata, Provincia de Buenos Aires, Argentina",815,1,0,,0,1,Mar del Plata,Las Heras,Argentia,Buenos Aires,Calle,,,
